INSERT INTO UTILISATEUR (ID_UTILISATEUR, UTI_LOGIN, UTI_PASSWORD, UTI_ENABLED) VALUES (1, 'admin', 'd033e22ae348aeb5660fc2140aec35850c4da997', true);
INSERT INTO UTILISATEUR (ID_UTILISATEUR, UTI_LOGIN, UTI_PASSWORD, UTI_ENABLED) VALUES (2, 'user', '12dea96fec20593566ab75692c9949596833adc9', true);
INSERT INTO UTILISATEUR (ID_UTILISATEUR, UTI_LOGIN, UTI_PASSWORD, UTI_ENABLED) VALUES (3, 'userdb', '62c76a220118c16919dc3b6beda5434c3987c1e9', true);

INSERT INTO ROLE (ID_ROLE, ROL_NOM) VALUES (1, 'APPLI_TUTO_ADMIN');
INSERT INTO ROLE (ID_ROLE, ROL_NOM) VALUES (2, 'APPLI_TUTO_USER');

INSERT INTO ROLE_UTILISATEUR (ID_UTILISATEUR, ID_ROLE) VALUES (1, 1);
INSERT INTO ROLE_UTILISATEUR (ID_UTILISATEUR, ID_ROLE) VALUES (1, 2);
INSERT INTO ROLE_UTILISATEUR (ID_UTILISATEUR, ID_ROLE) VALUES (2, 2);
INSERT INTO ROLE_UTILISATEUR (ID_UTILISATEUR, ID_ROLE) VALUES (3, 2);

INSERT INTO CIVILITE (ID_CIVILITE, CIV_LIBELLE) VALUES (1, 'Mme');
INSERT INTO CIVILITE (ID_CIVILITE, CIV_LIBELLE) VALUES (2, 'M.');

INSERT INTO PAYS (ID_PAYS, PAY_LIBELLE, PAY_NATIONALITE) VALUES ('1', 'Afghanistan', 'afghane');
INSERT INTO PAYS (ID_PAYS, PAY_LIBELLE, PAY_NATIONALITE) VALUES ('2', 'Afrique du Sud', 'sudafricaine');
INSERT INTO PAYS (ID_PAYS, PAY_LIBELLE, PAY_NATIONALITE) VALUES ('3', 'Albanie', 'albanaise');
INSERT INTO PAYS (ID_PAYS, PAY_LIBELLE, PAY_NATIONALITE) VALUES ('4', 'Algérie', 'algérienne');
INSERT INTO PAYS (ID_PAYS, PAY_LIBELLE, PAY_NATIONALITE) VALUES ('5', 'Allemagne', 'allemande');
INSERT INTO PAYS (ID_PAYS, PAY_LIBELLE, PAY_NATIONALITE) VALUES ('6', 'Andorre', 'andorrane');
INSERT INTO PAYS (ID_PAYS, PAY_LIBELLE, PAY_NATIONALITE) VALUES ('7', 'Angola', 'angolaise');
INSERT INTO PAYS (ID_PAYS, PAY_LIBELLE, PAY_NATIONALITE) VALUES ('8', 'Antigua-et-Barbuda', 'antiguayenne');
INSERT INTO PAYS (ID_PAYS, PAY_LIBELLE, PAY_NATIONALITE) VALUES ('9', 'Arabie saoudite', 'saoudienne');
INSERT INTO PAYS (ID_PAYS, PAY_LIBELLE, PAY_NATIONALITE) VALUES ('10', 'Argentine', 'argentine');
INSERT INTO PAYS (ID_PAYS, PAY_LIBELLE, PAY_NATIONALITE) VALUES ('11', 'Arménie', 'arménienne');
INSERT INTO PAYS (ID_PAYS, PAY_LIBELLE, PAY_NATIONALITE) VALUES ('12', 'Australie', 'australienne');
INSERT INTO PAYS (ID_PAYS, PAY_LIBELLE, PAY_NATIONALITE) VALUES ('13', 'Autriche', 'autrichienne');
INSERT INTO PAYS (ID_PAYS, PAY_LIBELLE, PAY_NATIONALITE) VALUES ('14', 'Azerbaïdjan', 'azerbaïdjanaise');
INSERT INTO PAYS (ID_PAYS, PAY_LIBELLE, PAY_NATIONALITE) VALUES ('15', 'Bahamas', 'bahaméenne');
INSERT INTO PAYS (ID_PAYS, PAY_LIBELLE, PAY_NATIONALITE) VALUES ('16', 'Bahreïn', 'bahreïnienne');
INSERT INTO PAYS (ID_PAYS, PAY_LIBELLE, PAY_NATIONALITE) VALUES ('17', 'Bangladesh', 'bangladaise');
INSERT INTO PAYS (ID_PAYS, PAY_LIBELLE, PAY_NATIONALITE) VALUES ('18', 'Barbade', 'barbadienne');
INSERT INTO PAYS (ID_PAYS, PAY_LIBELLE, PAY_NATIONALITE) VALUES ('19', 'Belgique', 'belge');
INSERT INTO PAYS (ID_PAYS, PAY_LIBELLE, PAY_NATIONALITE) VALUES ('20', 'Belize', 'bélizienne');
INSERT INTO PAYS (ID_PAYS, PAY_LIBELLE, PAY_NATIONALITE) VALUES ('21', 'Bénin', 'béninoise');
INSERT INTO PAYS (ID_PAYS, PAY_LIBELLE, PAY_NATIONALITE) VALUES ('22', 'Bhoutan', 'bhoutanaise');
INSERT INTO PAYS (ID_PAYS, PAY_LIBELLE, PAY_NATIONALITE) VALUES ('23', 'Biélorussie', 'biélorusse');
INSERT INTO PAYS (ID_PAYS, PAY_LIBELLE, PAY_NATIONALITE) VALUES ('24', 'Birmanie', 'birmane');
INSERT INTO PAYS (ID_PAYS, PAY_LIBELLE, PAY_NATIONALITE) VALUES ('25', 'Bolivie', 'bolivienne');
INSERT INTO PAYS (ID_PAYS, PAY_LIBELLE, PAY_NATIONALITE) VALUES ('26', 'Bosnie-Herzégovine', 'bosnienne');
INSERT INTO PAYS (ID_PAYS, PAY_LIBELLE, PAY_NATIONALITE) VALUES ('27', 'Botswana', 'botswanaise');
INSERT INTO PAYS (ID_PAYS, PAY_LIBELLE, PAY_NATIONALITE) VALUES ('28', 'Brésil', 'brésilienne');
INSERT INTO PAYS (ID_PAYS, PAY_LIBELLE, PAY_NATIONALITE) VALUES ('29', 'Brunei', 'brunéienne');
INSERT INTO PAYS (ID_PAYS, PAY_LIBELLE, PAY_NATIONALITE) VALUES ('30', 'Bulgarie', 'bulgare');
INSERT INTO PAYS (ID_PAYS, PAY_LIBELLE, PAY_NATIONALITE) VALUES ('31', 'Burkina', 'burkinabé');
INSERT INTO PAYS (ID_PAYS, PAY_LIBELLE, PAY_NATIONALITE) VALUES ('32', 'Burundi', 'burundaise');
INSERT INTO PAYS (ID_PAYS, PAY_LIBELLE, PAY_NATIONALITE) VALUES ('33', 'Cambodge', 'cambodgienne');
INSERT INTO PAYS (ID_PAYS, PAY_LIBELLE, PAY_NATIONALITE) VALUES ('34', 'Cameroun', 'camerounaise');
INSERT INTO PAYS (ID_PAYS, PAY_LIBELLE, PAY_NATIONALITE) VALUES ('35', 'Canada', 'canadienne');
INSERT INTO PAYS (ID_PAYS, PAY_LIBELLE, PAY_NATIONALITE) VALUES ('36', 'Cap-Vert', 'cap-verdienne');
INSERT INTO PAYS (ID_PAYS, PAY_LIBELLE, PAY_NATIONALITE) VALUES ('37', 'Chili', 'chilienne');
INSERT INTO PAYS (ID_PAYS, PAY_LIBELLE, PAY_NATIONALITE) VALUES ('38', 'Chine', 'chinoise');
INSERT INTO PAYS (ID_PAYS, PAY_LIBELLE, PAY_NATIONALITE) VALUES ('39', 'Chypre', 'chypriote');
INSERT INTO PAYS (ID_PAYS, PAY_LIBELLE, PAY_NATIONALITE) VALUES ('40', 'Colombie', 'colombienne');
INSERT INTO PAYS (ID_PAYS, PAY_LIBELLE, PAY_NATIONALITE) VALUES ('41', 'Comores', 'comorienne');
INSERT INTO PAYS (ID_PAYS, PAY_LIBELLE, PAY_NATIONALITE) VALUES ('42', 'Congo', 'congolaise');
INSERT INTO PAYS (ID_PAYS, PAY_LIBELLE, PAY_NATIONALITE) VALUES ('43', 'Corée du Nord', 'nord-coréenne');
INSERT INTO PAYS (ID_PAYS, PAY_LIBELLE, PAY_NATIONALITE) VALUES ('44', 'Corée du Sud', 'sud-coréenne');
INSERT INTO PAYS (ID_PAYS, PAY_LIBELLE, PAY_NATIONALITE) VALUES ('45', 'Costa Rica', 'costaricienne');
INSERT INTO PAYS (ID_PAYS, PAY_LIBELLE, PAY_NATIONALITE) VALUES ('46', 'Côte d''Ivoire', 'ivoirienne');
INSERT INTO PAYS (ID_PAYS, PAY_LIBELLE, PAY_NATIONALITE) VALUES ('47', 'Croatie', 'croate');
INSERT INTO PAYS (ID_PAYS, PAY_LIBELLE, PAY_NATIONALITE) VALUES ('48', 'Cuba', 'cubaine');
INSERT INTO PAYS (ID_PAYS, PAY_LIBELLE, PAY_NATIONALITE) VALUES ('49', 'Danemark', 'danoise');
INSERT INTO PAYS (ID_PAYS, PAY_LIBELLE, PAY_NATIONALITE) VALUES ('50', 'Djibouti', 'djiboutienne');
INSERT INTO PAYS (ID_PAYS, PAY_LIBELLE, PAY_NATIONALITE) VALUES ('51', 'Dominique', 'dominiquaise');
INSERT INTO PAYS (ID_PAYS, PAY_LIBELLE, PAY_NATIONALITE) VALUES ('52', 'Egypte', 'egyptienne');
INSERT INTO PAYS (ID_PAYS, PAY_LIBELLE, PAY_NATIONALITE) VALUES ('53', 'Emirats arabes unis', 'emirienne');
INSERT INTO PAYS (ID_PAYS, PAY_LIBELLE, PAY_NATIONALITE) VALUES ('54', 'Equateur', 'equatorienne');
INSERT INTO PAYS (ID_PAYS, PAY_LIBELLE, PAY_NATIONALITE) VALUES ('55', 'Erythrée', 'erythréenne');
INSERT INTO PAYS (ID_PAYS, PAY_LIBELLE, PAY_NATIONALITE) VALUES ('56', 'Espagne', 'espagnole');
INSERT INTO PAYS (ID_PAYS, PAY_LIBELLE, PAY_NATIONALITE) VALUES ('57', 'Estonie', 'estonienne');
INSERT INTO PAYS (ID_PAYS, PAY_LIBELLE, PAY_NATIONALITE) VALUES ('58', 'Etats-Unis', 'américaine');
INSERT INTO PAYS (ID_PAYS, PAY_LIBELLE, PAY_NATIONALITE) VALUES ('59', 'Ethiopie', 'ethiopienne');
INSERT INTO PAYS (ID_PAYS, PAY_LIBELLE, PAY_NATIONALITE) VALUES ('60', 'Fidji', 'fidjienne');
INSERT INTO PAYS (ID_PAYS, PAY_LIBELLE, PAY_NATIONALITE) VALUES ('61', 'Finlande', 'finlandaise');
INSERT INTO PAYS (ID_PAYS, PAY_LIBELLE, PAY_NATIONALITE) VALUES ('62', 'France', 'française');
INSERT INTO PAYS (ID_PAYS, PAY_LIBELLE, PAY_NATIONALITE) VALUES ('63', 'Gabon', 'gabonaise');
INSERT INTO PAYS (ID_PAYS, PAY_LIBELLE, PAY_NATIONALITE) VALUES ('64', 'Gambie', 'gambienne');
INSERT INTO PAYS (ID_PAYS, PAY_LIBELLE, PAY_NATIONALITE) VALUES ('65', 'Géorgie', 'géorgienne');
INSERT INTO PAYS (ID_PAYS, PAY_LIBELLE, PAY_NATIONALITE) VALUES ('66', 'Ghana', 'ghanéenne');
INSERT INTO PAYS (ID_PAYS, PAY_LIBELLE, PAY_NATIONALITE) VALUES ('67', 'Grèce', 'grecque');
INSERT INTO PAYS (ID_PAYS, PAY_LIBELLE, PAY_NATIONALITE) VALUES ('68', 'Grenade', 'grenadienne');
INSERT INTO PAYS (ID_PAYS, PAY_LIBELLE, PAY_NATIONALITE) VALUES ('69', 'Guatemala', 'guatémaltèque');
INSERT INTO PAYS (ID_PAYS, PAY_LIBELLE, PAY_NATIONALITE) VALUES ('70', 'Guinée', 'guinéenne');
INSERT INTO PAYS (ID_PAYS, PAY_LIBELLE, PAY_NATIONALITE) VALUES ('71', 'Guinée équatoriale', 'equatoguinéenne');
INSERT INTO PAYS (ID_PAYS, PAY_LIBELLE, PAY_NATIONALITE) VALUES ('72', 'Guinée-Bissao', 'bissaoguinéenne');
INSERT INTO PAYS (ID_PAYS, PAY_LIBELLE, PAY_NATIONALITE) VALUES ('73', 'Guyana', 'guyanienne');
INSERT INTO PAYS (ID_PAYS, PAY_LIBELLE, PAY_NATIONALITE) VALUES ('74', 'Haïti', 'haïtienne');
INSERT INTO PAYS (ID_PAYS, PAY_LIBELLE, PAY_NATIONALITE) VALUES ('75', 'Honduras', 'hondurienne');
INSERT INTO PAYS (ID_PAYS, PAY_LIBELLE, PAY_NATIONALITE) VALUES ('77', 'Hongrie', 'hongroise');
INSERT INTO PAYS (ID_PAYS, PAY_LIBELLE, PAY_NATIONALITE) VALUES ('79', 'Inde', 'indienne');
INSERT INTO PAYS (ID_PAYS, PAY_LIBELLE, PAY_NATIONALITE) VALUES ('80', 'Indonésie', 'indonésienne');
INSERT INTO PAYS (ID_PAYS, PAY_LIBELLE, PAY_NATIONALITE) VALUES ('81', 'Irak', 'irakienne');
INSERT INTO PAYS (ID_PAYS, PAY_LIBELLE, PAY_NATIONALITE) VALUES ('82', 'Iran', 'iranienne');
INSERT INTO PAYS (ID_PAYS, PAY_LIBELLE, PAY_NATIONALITE) VALUES ('83', 'Irlande', 'irlandaise');
INSERT INTO PAYS (ID_PAYS, PAY_LIBELLE, PAY_NATIONALITE) VALUES ('84', 'Islande', 'islandaise');
INSERT INTO PAYS (ID_PAYS, PAY_LIBELLE, PAY_NATIONALITE) VALUES ('85', 'Israël', 'israélienne');
INSERT INTO PAYS (ID_PAYS, PAY_LIBELLE, PAY_NATIONALITE) VALUES ('86', 'Italie', 'italienne');
INSERT INTO PAYS (ID_PAYS, PAY_LIBELLE, PAY_NATIONALITE) VALUES ('87', 'Jamaïque', 'jamaïquaine');
INSERT INTO PAYS (ID_PAYS, PAY_LIBELLE, PAY_NATIONALITE) VALUES ('88', 'Japon', 'japonaise');
INSERT INTO PAYS (ID_PAYS, PAY_LIBELLE, PAY_NATIONALITE) VALUES ('89', 'Jérusalem - Territoires palestiniens', 'palestinienne');
INSERT INTO PAYS (ID_PAYS, PAY_LIBELLE, PAY_NATIONALITE) VALUES ('90', 'Jordanie', 'jordanienne');
INSERT INTO PAYS (ID_PAYS, PAY_LIBELLE, PAY_NATIONALITE) VALUES ('91', 'Kazakhstan', 'kazakhstanais');
INSERT INTO PAYS (ID_PAYS, PAY_LIBELLE, PAY_NATIONALITE) VALUES ('92', 'Kenya', 'kényane');
INSERT INTO PAYS (ID_PAYS, PAY_LIBELLE, PAY_NATIONALITE) VALUES ('93', 'Kirghizstan', 'kirghize');
INSERT INTO PAYS (ID_PAYS, PAY_LIBELLE, PAY_NATIONALITE) VALUES ('94', 'Kiribati', 'kiribatienne');
INSERT INTO PAYS (ID_PAYS, PAY_LIBELLE, PAY_NATIONALITE) VALUES ('95', 'Koweït', 'koweïtienne');
INSERT INTO PAYS (ID_PAYS, PAY_LIBELLE, PAY_NATIONALITE) VALUES ('96', 'Laos', 'laotienne');
INSERT INTO PAYS (ID_PAYS, PAY_LIBELLE, PAY_NATIONALITE) VALUES ('97', 'Lesotho', 'lesothienne');
INSERT INTO PAYS (ID_PAYS, PAY_LIBELLE, PAY_NATIONALITE) VALUES ('98', 'Lettonie', 'lettone');
INSERT INTO PAYS (ID_PAYS, PAY_LIBELLE, PAY_NATIONALITE) VALUES ('99', 'Liban', 'libanaise');
INSERT INTO PAYS (ID_PAYS, PAY_LIBELLE, PAY_NATIONALITE) VALUES ('100', 'Liberia', 'libérienne');
INSERT INTO PAYS (ID_PAYS, PAY_LIBELLE, PAY_NATIONALITE) VALUES ('101', 'Libye', 'libyenne');
INSERT INTO PAYS (ID_PAYS, PAY_LIBELLE, PAY_NATIONALITE) VALUES ('102', 'Liechtenstein', 'liechtensteinoise');
INSERT INTO PAYS (ID_PAYS, PAY_LIBELLE, PAY_NATIONALITE) VALUES ('103', 'Lituanie', 'lituanienne');
INSERT INTO PAYS (ID_PAYS, PAY_LIBELLE, PAY_NATIONALITE) VALUES ('104', 'Luxembourg', 'luxembourgeoise');
INSERT INTO PAYS (ID_PAYS, PAY_LIBELLE, PAY_NATIONALITE) VALUES ('105', 'Macédoine', 'macédonienne');
INSERT INTO PAYS (ID_PAYS, PAY_LIBELLE, PAY_NATIONALITE) VALUES ('106', 'Madagascar', 'malgache');
INSERT INTO PAYS (ID_PAYS, PAY_LIBELLE, PAY_NATIONALITE) VALUES ('107', 'Malaisie', 'malaisienne');
INSERT INTO PAYS (ID_PAYS, PAY_LIBELLE, PAY_NATIONALITE) VALUES ('108', 'Malawi', 'malawienne');
INSERT INTO PAYS (ID_PAYS, PAY_LIBELLE, PAY_NATIONALITE) VALUES ('109', 'Maldives', 'maldivienne');
INSERT INTO PAYS (ID_PAYS, PAY_LIBELLE, PAY_NATIONALITE) VALUES ('110', 'Mali', 'malienne');
INSERT INTO PAYS (ID_PAYS, PAY_LIBELLE, PAY_NATIONALITE) VALUES ('111', 'Malte', 'maltaise');
INSERT INTO PAYS (ID_PAYS, PAY_LIBELLE, PAY_NATIONALITE) VALUES ('112', 'Maroc', 'marocaine');
INSERT INTO PAYS (ID_PAYS, PAY_LIBELLE, PAY_NATIONALITE) VALUES ('113', 'Marshall', 'marshallaise');
INSERT INTO PAYS (ID_PAYS, PAY_LIBELLE, PAY_NATIONALITE) VALUES ('114', 'Maurice', 'mauricienne');
INSERT INTO PAYS (ID_PAYS, PAY_LIBELLE, PAY_NATIONALITE) VALUES ('115', 'Mauritanie', 'mauritanienne');
INSERT INTO PAYS (ID_PAYS, PAY_LIBELLE, PAY_NATIONALITE) VALUES ('116', 'Mexique', 'mexicaine');
INSERT INTO PAYS (ID_PAYS, PAY_LIBELLE, PAY_NATIONALITE) VALUES ('117', 'Micronésie', 'micronésienne');
INSERT INTO PAYS (ID_PAYS, PAY_LIBELLE, PAY_NATIONALITE) VALUES ('118', 'Moldavie', 'moldave');
INSERT INTO PAYS (ID_PAYS, PAY_LIBELLE, PAY_NATIONALITE) VALUES ('119', 'Monaco', 'monégasque');
INSERT INTO PAYS (ID_PAYS, PAY_LIBELLE, PAY_NATIONALITE) VALUES ('120', 'Mongolie', 'mongole');
INSERT INTO PAYS (ID_PAYS, PAY_LIBELLE, PAY_NATIONALITE) VALUES ('121', 'Mozambique', 'mozambicaine');
INSERT INTO PAYS (ID_PAYS, PAY_LIBELLE, PAY_NATIONALITE) VALUES ('122', 'Namibie', 'namibienne');
INSERT INTO PAYS (ID_PAYS, PAY_LIBELLE, PAY_NATIONALITE) VALUES ('123', 'Nauru', 'nauruane');
INSERT INTO PAYS (ID_PAYS, PAY_LIBELLE, PAY_NATIONALITE) VALUES ('124', 'Népal', 'népalaise');
INSERT INTO PAYS (ID_PAYS, PAY_LIBELLE, PAY_NATIONALITE) VALUES ('125', 'Nicaragua', 'nicaraguayenne');
INSERT INTO PAYS (ID_PAYS, PAY_LIBELLE, PAY_NATIONALITE) VALUES ('126', 'Niger', 'nigérienne');
INSERT INTO PAYS (ID_PAYS, PAY_LIBELLE, PAY_NATIONALITE) VALUES ('127', 'Nigeria', 'nigériane');
INSERT INTO PAYS (ID_PAYS, PAY_LIBELLE, PAY_NATIONALITE) VALUES ('128', 'Norvège', 'norvégienne');
INSERT INTO PAYS (ID_PAYS, PAY_LIBELLE, PAY_NATIONALITE) VALUES ('129', 'Nouvelle-Zélande', 'néo-zélandaise');
INSERT INTO PAYS (ID_PAYS, PAY_LIBELLE, PAY_NATIONALITE) VALUES ('130', 'Oman', 'omanaise');
INSERT INTO PAYS (ID_PAYS, PAY_LIBELLE, PAY_NATIONALITE) VALUES ('131', 'Ouganda', 'ougandaise');
INSERT INTO PAYS (ID_PAYS, PAY_LIBELLE, PAY_NATIONALITE) VALUES ('132', 'Ouzbékistan', 'ouzbèke');
INSERT INTO PAYS (ID_PAYS, PAY_LIBELLE, PAY_NATIONALITE) VALUES ('133', 'Pakistan', 'pakistanaise');
INSERT INTO PAYS (ID_PAYS, PAY_LIBELLE, PAY_NATIONALITE) VALUES ('134', 'Palaos', 'palaoise');
INSERT INTO PAYS (ID_PAYS, PAY_LIBELLE, PAY_NATIONALITE) VALUES ('135', 'Panama', 'panaméenne');
INSERT INTO PAYS (ID_PAYS, PAY_LIBELLE, PAY_NATIONALITE) VALUES ('136', 'Papouasie-Nouvelle-Guinée', 'papouasienne');
INSERT INTO PAYS (ID_PAYS, PAY_LIBELLE, PAY_NATIONALITE) VALUES ('137', 'Paraguay', 'paraguayenne');
INSERT INTO PAYS (ID_PAYS, PAY_LIBELLE, PAY_NATIONALITE) VALUES ('138', 'Pays-Bas', 'néerlandaise');
INSERT INTO PAYS (ID_PAYS, PAY_LIBELLE, PAY_NATIONALITE) VALUES ('139', 'Pérou', 'péruvienne');
INSERT INTO PAYS (ID_PAYS, PAY_LIBELLE, PAY_NATIONALITE) VALUES ('140', 'Philippines', 'philippine');
INSERT INTO PAYS (ID_PAYS, PAY_LIBELLE, PAY_NATIONALITE) VALUES ('141', 'Pologne', 'polonaise');
INSERT INTO PAYS (ID_PAYS, PAY_LIBELLE, PAY_NATIONALITE) VALUES ('142', 'Portugal', 'portugaise');
INSERT INTO PAYS (ID_PAYS, PAY_LIBELLE, PAY_NATIONALITE) VALUES ('143', 'Qatar', 'qatarienne');
INSERT INTO PAYS (ID_PAYS, PAY_LIBELLE, PAY_NATIONALITE) VALUES ('144', 'Centrafrique', 'centrafricaine');
INSERT INTO PAYS (ID_PAYS, PAY_LIBELLE, PAY_NATIONALITE) VALUES ('145', 'République démocratique du Congo', 'congolaise (RDC)');
INSERT INTO PAYS (ID_PAYS, PAY_LIBELLE, PAY_NATIONALITE) VALUES ('146', 'République dominicaine', 'dominicaine');
INSERT INTO PAYS (ID_PAYS, PAY_LIBELLE, PAY_NATIONALITE) VALUES ('147', 'République tchèque', 'tchèque');
INSERT INTO PAYS (ID_PAYS, PAY_LIBELLE, PAY_NATIONALITE) VALUES ('148', 'Roumanie', 'roumaine');
INSERT INTO PAYS (ID_PAYS, PAY_LIBELLE, PAY_NATIONALITE) VALUES ('149', 'Royaume-Uni', 'britannique');
INSERT INTO PAYS (ID_PAYS, PAY_LIBELLE, PAY_NATIONALITE) VALUES ('150', 'Russie', 'russe');
INSERT INTO PAYS (ID_PAYS, PAY_LIBELLE, PAY_NATIONALITE) VALUES ('151', 'Rwanda', 'rwandaise');
INSERT INTO PAYS (ID_PAYS, PAY_LIBELLE, PAY_NATIONALITE) VALUES ('152', 'Saint-Christophe-et-Niévès', 'christophienne');
INSERT INTO PAYS (ID_PAYS, PAY_LIBELLE, PAY_NATIONALITE) VALUES ('153', 'Sainte-Lucie', 'lucienne');
INSERT INTO PAYS (ID_PAYS, PAY_LIBELLE, PAY_NATIONALITE) VALUES ('154', 'Saint-Marin', 'marinaise');
INSERT INTO PAYS (ID_PAYS, PAY_LIBELLE, PAY_NATIONALITE) VALUES ('155', 'Saint-Siège', NULL);
INSERT INTO PAYS (ID_PAYS, PAY_LIBELLE, PAY_NATIONALITE) VALUES ('156', 'Saint-Vincent-et-les Grenadines', 'vincentaise');
INSERT INTO PAYS (ID_PAYS, PAY_LIBELLE, PAY_NATIONALITE) VALUES ('157', 'Salomon', 'salomonaise');
INSERT INTO PAYS (ID_PAYS, PAY_LIBELLE, PAY_NATIONALITE) VALUES ('158', 'Salvador', 'salvadorienne');
INSERT INTO PAYS (ID_PAYS, PAY_LIBELLE, PAY_NATIONALITE) VALUES ('159', 'Samoa', 'samoene');
INSERT INTO PAYS (ID_PAYS, PAY_LIBELLE, PAY_NATIONALITE) VALUES ('160', 'Sao Tomé-et-Principe', 'santoméenne');
INSERT INTO PAYS (ID_PAYS, PAY_LIBELLE, PAY_NATIONALITE) VALUES ('161', 'Sénégal', 'sénégalaise');
INSERT INTO PAYS (ID_PAYS, PAY_LIBELLE, PAY_NATIONALITE) VALUES ('162', 'Serbie', 'serbe');
INSERT INTO PAYS (ID_PAYS, PAY_LIBELLE, PAY_NATIONALITE) VALUES ('163', 'Seychelles', 'seychelloise');
INSERT INTO PAYS (ID_PAYS, PAY_LIBELLE, PAY_NATIONALITE) VALUES ('164', 'Sierra Leone', 'sierraléonaise');
INSERT INTO PAYS (ID_PAYS, PAY_LIBELLE, PAY_NATIONALITE) VALUES ('165', 'Singapour', 'singapourienne');
INSERT INTO PAYS (ID_PAYS, PAY_LIBELLE, PAY_NATIONALITE) VALUES ('166', 'Slovaquie', 'slovaque');
INSERT INTO PAYS (ID_PAYS, PAY_LIBELLE, PAY_NATIONALITE) VALUES ('167', 'Slovénie', 'slovène');
INSERT INTO PAYS (ID_PAYS, PAY_LIBELLE, PAY_NATIONALITE) VALUES ('168', 'Somalie', 'somalienne');
INSERT INTO PAYS (ID_PAYS, PAY_LIBELLE, PAY_NATIONALITE) VALUES ('169', 'Soudan', 'soudanaise');
INSERT INTO PAYS (ID_PAYS, PAY_LIBELLE, PAY_NATIONALITE) VALUES ('170', 'Sri Lanka', 'srilankaise');
INSERT INTO PAYS (ID_PAYS, PAY_LIBELLE, PAY_NATIONALITE) VALUES ('171', 'Suède', 'suédoise');
INSERT INTO PAYS (ID_PAYS, PAY_LIBELLE, PAY_NATIONALITE) VALUES ('172', 'Suisse', 'suisse');
INSERT INTO PAYS (ID_PAYS, PAY_LIBELLE, PAY_NATIONALITE) VALUES ('173', 'Suriname', 'surinamaise');
INSERT INTO PAYS (ID_PAYS, PAY_LIBELLE, PAY_NATIONALITE) VALUES ('174', 'Swaziland', 'swazie');
INSERT INTO PAYS (ID_PAYS, PAY_LIBELLE, PAY_NATIONALITE) VALUES ('175', 'Syrie', 'syrienne');
INSERT INTO PAYS (ID_PAYS, PAY_LIBELLE, PAY_NATIONALITE) VALUES ('176', 'Tadjikistan', 'tadjike');
INSERT INTO PAYS (ID_PAYS, PAY_LIBELLE, PAY_NATIONALITE) VALUES ('177', 'Taïwan', 'taïwanaise');
INSERT INTO PAYS (ID_PAYS, PAY_LIBELLE, PAY_NATIONALITE) VALUES ('178', 'Tanzanie', 'tanzanienne');
INSERT INTO PAYS (ID_PAYS, PAY_LIBELLE, PAY_NATIONALITE) VALUES ('179', 'Tchad', 'tchadienne');
INSERT INTO PAYS (ID_PAYS, PAY_LIBELLE, PAY_NATIONALITE) VALUES ('180', 'Thaïlande', 'thaïlandaise');
INSERT INTO PAYS (ID_PAYS, PAY_LIBELLE, PAY_NATIONALITE) VALUES ('181', 'Timor oriental', 'timoraise');
INSERT INTO PAYS (ID_PAYS, PAY_LIBELLE, PAY_NATIONALITE) VALUES ('182', 'Togo', 'togolaise');
INSERT INTO PAYS (ID_PAYS, PAY_LIBELLE, PAY_NATIONALITE) VALUES ('183', 'Tonga', 'tongienne');
INSERT INTO PAYS (ID_PAYS, PAY_LIBELLE, PAY_NATIONALITE) VALUES ('184', 'Trinité-et-Tobago', 'trinidadienne');
INSERT INTO PAYS (ID_PAYS, PAY_LIBELLE, PAY_NATIONALITE) VALUES ('185', 'Tunisie', 'tunisienne');
INSERT INTO PAYS (ID_PAYS, PAY_LIBELLE, PAY_NATIONALITE) VALUES ('186', 'Turkménistan', 'turkmène');
INSERT INTO PAYS (ID_PAYS, PAY_LIBELLE, PAY_NATIONALITE) VALUES ('187', 'Turquie', 'turque');
INSERT INTO PAYS (ID_PAYS, PAY_LIBELLE, PAY_NATIONALITE) VALUES ('188', 'Tuvalu', 'tuvaluane');
INSERT INTO PAYS (ID_PAYS, PAY_LIBELLE, PAY_NATIONALITE) VALUES ('189', 'Ukraine', 'ukrainienne');
INSERT INTO PAYS (ID_PAYS, PAY_LIBELLE, PAY_NATIONALITE) VALUES ('190', 'Uruguay', 'uruguayenne');
INSERT INTO PAYS (ID_PAYS, PAY_LIBELLE, PAY_NATIONALITE) VALUES ('191', 'Vanuatu', 'vanuataise');
INSERT INTO PAYS (ID_PAYS, PAY_LIBELLE, PAY_NATIONALITE) VALUES ('192', 'Venezuela', 'vénézuélienne');
INSERT INTO PAYS (ID_PAYS, PAY_LIBELLE, PAY_NATIONALITE) VALUES ('193', 'Viêt Nam', 'vietnamienne');
INSERT INTO PAYS (ID_PAYS, PAY_LIBELLE, PAY_NATIONALITE) VALUES ('194', 'Yémen', 'yéménite');
INSERT INTO PAYS (ID_PAYS, PAY_LIBELLE, PAY_NATIONALITE) VALUES ('195', 'Zambie', 'zambienne');
INSERT INTO PAYS (ID_PAYS, PAY_LIBELLE, PAY_NATIONALITE) VALUES ('196', 'Zimbabwe', 'zimbabwéenne');
INSERT INTO PAYS (ID_PAYS, PAY_LIBELLE, PAY_NATIONALITE) VALUES ('197', 'Monténégro', 'monténégrine');
INSERT INTO PAYS (ID_PAYS, PAY_LIBELLE, PAY_NATIONALITE) VALUES ('198', 'Kosovo', 'kosovare');

INSERT INTO VILLE (ID_VILLE, VIL_LIBELLE, ID_PAYS) VALUES ('1', 'Ålborg', '49');
INSERT INTO VILLE (ID_VILLE, VIL_LIBELLE, ID_PAYS) VALUES ('2', 'AL ''AIN', '53');
INSERT INTO VILLE (ID_VILLE, VIL_LIBELLE, ID_PAYS) VALUES ('3', 'Århus', '49');
INSERT INTO VILLE (ID_VILLE, VIL_LIBELLE, ID_PAYS) VALUES ('4', 'ABINGDON', '149');
INSERT INTO VILLE (ID_VILLE, VIL_LIBELLE, ID_PAYS) VALUES ('5', 'BETHLEHEM (PENSYLVANIE)', '58');
INSERT INTO VILLE (ID_VILLE, VIL_LIBELLE, ID_PAYS) VALUES ('6', 'ALBINA', '173');
INSERT INTO VILLE (ID_VILLE, VIL_LIBELLE, ID_PAYS) VALUES ('7', 'ALBUQUERQUE', '58');
INSERT INTO VILLE (ID_VILLE, VIL_LIBELLE, ID_PAYS) VALUES ('8', 'ABERDEEN', '149');
INSERT INTO VILLE (ID_VILLE, VIL_LIBELLE, ID_PAYS) VALUES ('9', 'ARCATA', '58');
INSERT INTO VILLE (ID_VILLE, VIL_LIBELLE, ID_PAYS) VALUES ('10', 'ADANA', '187');
INSERT INTO VILLE (ID_VILLE, VIL_LIBELLE, ID_PAYS) VALUES ('11', 'ABECHE', '179');
INSERT INTO VILLE (ID_VILLE, VIL_LIBELLE, ID_PAYS) VALUES ('12', 'Ayoûn el ''Atroûs', '115');
INSERT INTO VILLE (ID_VILLE, VIL_LIBELLE, ID_PAYS) VALUES ('13', 'Ålesund', '128');
INSERT INTO VILLE (ID_VILLE, VIL_LIBELLE, ID_PAYS) VALUES ('14', 'AKUREYRI', '84');
INSERT INTO VILLE (ID_VILLE, VIL_LIBELLE, ID_PAYS) VALUES ('15', 'AUGSBOURG', '5');
INSERT INTO VILLE (ID_VILLE, VIL_LIBELLE, ID_PAYS) VALUES ('16', 'AGEN', '62');
INSERT INTO VILLE (ID_VILLE, VIL_LIBELLE, ID_PAYS) VALUES ('17', 'HELSINGBORG', '171');
INSERT INTO VILLE (ID_VILLE, VIL_LIBELLE, ID_PAYS) VALUES ('18', 'AUGUSTA (GA)', '58');
INSERT INTO VILLE (ID_VILLE, VIL_LIBELLE, ID_PAYS) VALUES ('19', 'CIUDAD DEL ESTE', '137');
INSERT INTO VILLE (ID_VILLE, VIL_LIBELLE, ID_PAYS) VALUES ('20', 'AGUASCALIENTES', '116');
INSERT INTO VILLE (ID_VILLE, VIL_LIBELLE, ID_PAYS) VALUES ('21', 'AL HOCEIMA', '112');
INSERT INTO VILLE (ID_VILLE, VIL_LIBELLE, ID_PAYS) VALUES ('22', 'AJACCIO', '62');
INSERT INTO VILLE (ID_VILLE, VIL_LIBELLE, ID_PAYS) VALUES ('23', 'ANJOUAN', '41');
INSERT INTO VILLE (ID_VILLE, VIL_LIBELLE, ID_PAYS) VALUES ('24', 'ARACAJU (SE)', '28');
INSERT INTO VILLE (ID_VILLE, VIL_LIBELLE, ID_PAYS) VALUES ('25', 'AGADEZ', '126');
INSERT INTO VILLE (ID_VILLE, VIL_LIBELLE, ID_PAYS) VALUES ('26', 'AKURE', '127');
INSERT INTO VILLE (ID_VILLE, VIL_LIBELLE, ID_PAYS) VALUES ('27', 'ALBANY (NEW YORK)', '58');
INSERT INTO VILLE (ID_VILLE, VIL_LIBELLE, ID_PAYS) VALUES ('28', 'ALAMOGORDO', '58');
INSERT INTO VILLE (ID_VILLE, VIL_LIBELLE, ID_PAYS) VALUES ('29', 'AMES (IA)', '58');
INSERT INTO VILLE (ID_VILLE, VIL_LIBELLE, ID_PAYS) VALUES ('30', 'ANAHEIM (CA)', '58');
INSERT INTO VILLE (ID_VILLE, VIL_LIBELLE, ID_PAYS) VALUES ('31', 'ANCHORAGE', '58');
INSERT INTO VILLE (ID_VILLE, VIL_LIBELLE, ID_PAYS) VALUES ('32', 'ANGERS', '62');
INSERT INTO VILLE (ID_VILLE, VIL_LIBELLE, ID_PAYS) VALUES ('33', 'ANTOFAGASTA', '37');
INSERT INTO VILLE (ID_VILLE, VIL_LIBELLE, ID_PAYS) VALUES ('34', 'ANGOULEME', '62');
INSERT INTO VILLE (ID_VILLE, VIL_LIBELLE, ID_PAYS) VALUES ('35', 'ANTALAHA', '106');
INSERT INTO VILLE (ID_VILLE, VIL_LIBELLE, ID_PAYS) VALUES ('36', 'ARONA', '136');
INSERT INTO VILLE (ID_VILLE, VIL_LIBELLE, ID_PAYS) VALUES ('37', 'NAMPULA', '121');
INSERT INTO VILLE (ID_VILLE, VIL_LIBELLE, ID_PAYS) VALUES ('38', 'ARARAQUARA', '28');
INSERT INTO VILLE (ID_VILLE, VIL_LIBELLE, ID_PAYS) VALUES ('39', 'AL ''AQABA', '90');
INSERT INTO VILLE (ID_VILLE, VIL_LIBELLE, ID_PAYS) VALUES ('40', 'ARKHANGELSK', '150');
INSERT INTO VILLE (ID_VILLE, VIL_LIBELLE, ID_PAYS) VALUES ('41', 'ARUSHA', '178');
INSERT INTO VILLE (ID_VILLE, VIL_LIBELLE, ID_PAYS) VALUES ('42', 'ARMID_VILLEALE', '12');
INSERT INTO VILLE (ID_VILLE, VIL_LIBELLE, ID_PAYS) VALUES ('43', 'ASPEN', '58');
INSERT INTO VILLE (ID_VILLE, VIL_LIBELLE, ID_PAYS) VALUES ('44', 'ASTRAKHAN', '150');
INSERT INTO VILLE (ID_VILLE, VIL_LIBELLE, ID_PAYS) VALUES ('45', 'YAMOUSSOUKRO', '46');
INSERT INTO VILLE (ID_VILLE, VIL_LIBELLE, ID_PAYS) VALUES ('46', 'ANTSIRABE', '106');
INSERT INTO VILLE (ID_VILLE, VIL_LIBELLE, ID_PAYS) VALUES ('47', 'ATHENS (OHIO)', '58');
INSERT INTO VILLE (ID_VILLE, VIL_LIBELLE, ID_PAYS) VALUES ('48', 'Atâr', '115');
INSERT INTO VILLE (ID_VILLE, VIL_LIBELLE, ID_PAYS) VALUES ('49', 'AUGUSTA (ME)', '58');
INSERT INTO VILLE (ID_VILLE, VIL_LIBELLE, ID_PAYS) VALUES ('50', 'AUBURN (ALABAMA)', '58');
INSERT INTO VILLE (ID_VILLE, VIL_LIBELLE, ID_PAYS) VALUES ('51', 'AURILLAC', '62');
INSERT INTO VILLE (ID_VILLE, VIL_LIBELLE, ID_PAYS) VALUES ('52', 'AUSTIN', '58');
INSERT INTO VILLE (ID_VILLE, VIL_LIBELLE, ID_PAYS) VALUES ('53', 'AVIGNON', '62');
INSERT INTO VILLE (ID_VILLE, VIL_LIBELLE, ID_PAYS) VALUES ('54', 'ALEXANDROUPOLIS', '67');
INSERT INTO VILLE (ID_VILLE, VIL_LIBELLE, ID_PAYS) VALUES ('55', 'ARMENIA', '40');
INSERT INTO VILLE (ID_VILLE, VIL_LIBELLE, ID_PAYS) VALUES ('56', 'ANTALYA', '187');
INSERT INTO VILLE (ID_VILLE, VIL_LIBELLE, ID_PAYS) VALUES ('57', 'AYURA', '136');
INSERT INTO VILLE (ID_VILLE, VIL_LIBELLE, ID_PAYS) VALUES ('58', 'KASANE', '27');
INSERT INTO VILLE (ID_VILLE, VIL_LIBELLE, ID_PAYS) VALUES ('59', 'Baat Dambang', '33');
INSERT INTO VILLE (ID_VILLE, VIL_LIBELLE, ID_PAYS) VALUES ('60', 'BASSE-TERRE', '62');
INSERT INTO VILLE (ID_VILLE, VIL_LIBELLE, ID_PAYS) VALUES ('61', 'BERBERATI', '144');
INSERT INTO VILLE (ID_VILLE, VIL_LIBELLE, ID_PAYS) VALUES ('62', 'BAMBARI', '144');
INSERT INTO VILLE (ID_VILLE, VIL_LIBELLE, ID_PAYS) VALUES ('63', 'BLACKSBURG (VA)', '58');
INSERT INTO VILLE (ID_VILLE, VIL_LIBELLE, ID_PAYS) VALUES ('64', 'BOCA RATON (FLORID_VILLEE)', '58');
INSERT INTO VILLE (ID_VILLE, VIL_LIBELLE, ID_PAYS) VALUES ('65', 'HARTFORD (CT)', '58');
INSERT INTO VILLE (ID_VILLE, VIL_LIBELLE, ID_PAYS) VALUES ('66', 'BRINDISI', '86');
INSERT INTO VILLE (ID_VILLE, VIL_LIBELLE, ID_PAYS) VALUES ('67', 'BERAU', '80');
INSERT INTO VILLE (ID_VILLE, VIL_LIBELLE, ID_PAYS) VALUES ('68', 'BENGHAZI', '101');
INSERT INTO VILLE (ID_VILLE, VIL_LIBELLE, ID_PAYS) VALUES ('69', 'BREST', '62');
INSERT INTO VILLE (ID_VILLE, VIL_LIBELLE, ID_PAYS) VALUES ('70', 'BEIRA', '121');
INSERT INTO VILLE (ID_VILLE, VIL_LIBELLE, ID_PAYS) VALUES ('71', 'BIELEFELD', '5');
INSERT INTO VILLE (ID_VILLE, VIL_LIBELLE, ID_PAYS) VALUES ('72', 'BLOEMFONTEIN', '2');
INSERT INTO VILLE (ID_VILLE, VIL_LIBELLE, ID_PAYS) VALUES ('73', 'BELFAST', '149');
INSERT INTO VILLE (ID_VILLE, VIL_LIBELLE, ID_PAYS) VALUES ('74', 'BAFOUSSAM', '34');
INSERT INTO VILLE (ID_VILLE, VIL_LIBELLE, ID_PAYS) VALUES ('75', 'BRID_VILLEGETOWN', '18');
INSERT INTO VILLE (ID_VILLE, VIL_LIBELLE, ID_PAYS) VALUES ('76', 'BERGEN', '128');
INSERT INTO VILLE (ID_VILLE, VIL_LIBELLE, ID_PAYS) VALUES ('77', 'BIRMINGHAM (AL)', '58');
INSERT INTO VILLE (ID_VILLE, VIL_LIBELLE, ID_PAYS) VALUES ('78', 'BIRMINGHAM', '149');
INSERT INTO VILLE (ID_VILLE, VIL_LIBELLE, ID_PAYS) VALUES ('79', 'BASTIA', '62');
INSERT INTO VILLE (ID_VILLE, VIL_LIBELLE, ID_PAYS) VALUES ('80', 'BIARRITZ', '62');
INSERT INTO VILLE (ID_VILLE, VIL_LIBELLE, ID_PAYS) VALUES ('81', 'Béjaïa', '4');
INSERT INTO VILLE (ID_VILLE, VIL_LIBELLE, ID_PAYS) VALUES ('82', 'WOOSTER (OHIO)', '58');
INSERT INTO VILLE (ID_VILLE, VIL_LIBELLE, ID_PAYS) VALUES ('83', 'BANJUL', '64');
INSERT INTO VILLE (ID_VILLE, VIL_LIBELLE, ID_PAYS) VALUES ('84', 'Pékin', '38');
INSERT INTO VILLE (ID_VILLE, VIL_LIBELLE, ID_PAYS) VALUES ('85', 'BADAJOZ', '56');
INSERT INTO VILLE (ID_VILLE, VIL_LIBELLE, ID_PAYS) VALUES ('86', 'KOTA KINABALU', '107');
INSERT INTO VILLE (ID_VILLE, VIL_LIBELLE, ID_PAYS) VALUES ('87', 'BUKAVU', '145');
INSERT INTO VILLE (ID_VILLE, VIL_LIBELLE, ID_PAYS) VALUES ('88', 'BUKOBA', '178');
INSERT INTO VILLE (ID_VILLE, VIL_LIBELLE, ID_PAYS) VALUES ('89', 'BALBOA', '135');
INSERT INTO VILLE (ID_VILLE, VIL_LIBELLE, ID_PAYS) VALUES ('90', 'BOULDER CITY (NV)', '58');
INSERT INTO VILLE (ID_VILLE, VIL_LIBELLE, ID_PAYS) VALUES ('91', 'BELLINGHAM (WASHINGTON)', '58');
INSERT INTO VILLE (ID_VILLE, VIL_LIBELLE, ID_PAYS) VALUES ('92', 'BATNA', '4');
INSERT INTO VILLE (ID_VILLE, VIL_LIBELLE, ID_PAYS) VALUES ('93', 'BLOOMINGTON', '58');
INSERT INTO VILLE (ID_VILLE, VIL_LIBELLE, ID_PAYS) VALUES ('94', 'NASHVILLE (TENNESSEE)', '58');
INSERT INTO VILLE (ID_VILLE, VIL_LIBELLE, ID_PAYS) VALUES ('95', 'BRISBANE', '12');
INSERT INTO VILLE (ID_VILLE, VIL_LIBELLE, ID_PAYS) VALUES ('96', 'BENIN CITY', '127');
INSERT INTO VILLE (ID_VILLE, VIL_LIBELLE, ID_PAYS) VALUES ('97', 'BANFORA', '31');
INSERT INTO VILLE (ID_VILLE, VIL_LIBELLE, ID_PAYS) VALUES ('98', 'BANJA LUKA', '26');
INSERT INTO VILLE (ID_VILLE, VIL_LIBELLE, ID_PAYS) VALUES ('99', 'BORDEAUX', '62');
INSERT INTO VILLE (ID_VILLE, VIL_LIBELLE, ID_PAYS) VALUES ('100', 'BOURNEMOUTH', '149');
INSERT INTO VILLE (ID_VILLE, VIL_LIBELLE, ID_PAYS) VALUES ('101', 'BOURGAS', '30');
INSERT INTO VILLE (ID_VILLE, VIL_LIBELLE, ID_PAYS) VALUES ('102', 'BOURGES', '62');
INSERT INTO VILLE (ID_VILLE, VIL_LIBELLE, ID_PAYS) VALUES ('103', 'BOBO-DIOULASSO', '31');
INSERT INTO VILLE (ID_VILLE, VIL_LIBELLE, ID_PAYS) VALUES ('104', 'BAMENDA', '34');
INSERT INTO VILLE (ID_VILLE, VIL_LIBELLE, ID_PAYS) VALUES ('105', 'BALIKPAPAN', '80');
INSERT INTO VILLE (ID_VILLE, VIL_LIBELLE, ID_PAYS) VALUES ('106', 'SAN CARLOS DE BARILOCHE', '10');
INSERT INTO VILLE (ID_VILLE, VIL_LIBELLE, ID_PAYS) VALUES ('107', 'BRADFORD', '149');
INSERT INTO VILLE (ID_VILLE, VIL_LIBELLE, ID_PAYS) VALUES ('108', 'BARI', '86');
INSERT INTO VILLE (ID_VILLE, VIL_LIBELLE, ID_PAYS) VALUES ('109', 'BURLINGTON', '58');
INSERT INTO VILLE (ID_VILLE, VIL_LIBELLE, ID_PAYS) VALUES ('110', 'BARQUISIMETO', '192');
INSERT INTO VILLE (ID_VILLE, VIL_LIBELLE, ID_PAYS) VALUES ('111', 'BRISTOL', '149');
INSERT INTO VILLE (ID_VILLE, VIL_LIBELLE, ID_PAYS) VALUES ('112', 'BREMERHAVEN', '5');
INSERT INTO VILLE (ID_VILLE, VIL_LIBELLE, ID_PAYS) VALUES ('113', 'BARROW', '58');
INSERT INTO VILLE (ID_VILLE, VIL_LIBELLE, ID_PAYS) VALUES ('114', 'BATA', '71');
INSERT INTO VILLE (ID_VILLE, VIL_LIBELLE, ID_PAYS) VALUES ('115', 'BRIGHTON', '149');
INSERT INTO VILLE (ID_VILLE, VIL_LIBELLE, ID_PAYS) VALUES ('116', 'BISKRA', '4');
INSERT INTO VILLE (ID_VILLE, VIL_LIBELLE, ID_PAYS) VALUES ('117', 'BANDA ACEH', '80');
INSERT INTO VILLE (ID_VILLE, VIL_LIBELLE, ID_PAYS) VALUES ('118', 'BUTARE', '151');
INSERT INTO VILLE (ID_VILLE, VIL_LIBELLE, ID_PAYS) VALUES ('119', 'BATON ROUGE (LOUISIANE)', '58');
INSERT INTO VILLE (ID_VILLE, VIL_LIBELLE, ID_PAYS) VALUES ('120', 'BURSA', '187');
INSERT INTO VILLE (ID_VILLE, VIL_LIBELLE, ID_PAYS) VALUES ('121', 'BUFFALO (NEW YORK)', '58');
INSERT INTO VILLE (ID_VILLE, VIL_LIBELLE, ID_PAYS) VALUES ('122', 'BENGUELA', '7');
INSERT INTO VILLE (ID_VILLE, VIL_LIBELLE, ID_PAYS) VALUES ('123', 'BULAWAYO', '196');
INSERT INTO VILLE (ID_VILLE, VIL_LIBELLE, ID_PAYS) VALUES ('124', 'BEAUVAIS', '62');
INSERT INTO VILLE (ID_VILLE, VIL_LIBELLE, ID_PAYS) VALUES ('125', 'BRIVE-LA-GAILLARDE', '62');
INSERT INTO VILLE (ID_VILLE, VIL_LIBELLE, ID_PAYS) VALUES ('126', 'BEVERLEY (MASSACHUSSETS)', '58');
INSERT INTO VILLE (ID_VILLE, VIL_LIBELLE, ID_PAYS) VALUES ('127', 'BRAUNSCHWEIG', '5');
INSERT INTO VILLE (ID_VILLE, VIL_LIBELLE, ID_PAYS) VALUES ('128', 'BALTIMORE (MARYLAND)', '58');
INSERT INTO VILLE (ID_VILLE, VIL_LIBELLE, ID_PAYS) VALUES ('129', 'BODRUM', '187');
INSERT INTO VILLE (ID_VILLE, VIL_LIBELLE, ID_PAYS) VALUES ('130', 'BOUAKE', '46');
INSERT INTO VILLE (ID_VILLE, VIL_LIBELLE, ID_PAYS) VALUES ('131', 'BAYREUTH', '5');
INSERT INTO VILLE (ID_VILLE, VIL_LIBELLE, ID_PAYS) VALUES ('132', 'Belize City', '20');
INSERT INTO VILLE (ID_VILLE, VIL_LIBELLE, ID_PAYS) VALUES ('133', 'BYDGOSZCZ', '141');
INSERT INTO VILLE (ID_VILLE, VIL_LIBELLE, ID_PAYS) VALUES ('134', 'BEZIERS', '62');
INSERT INTO VILLE (ID_VILLE, VIL_LIBELLE, ID_PAYS) VALUES ('135', 'CASCAVEL', '28');
INSERT INTO VILLE (ID_VILLE, VIL_LIBELLE, ID_PAYS) VALUES ('136', 'COLUMBIA (S. CAROLINE)', '58');
INSERT INTO VILLE (ID_VILLE, VIL_LIBELLE, ID_PAYS) VALUES ('137', 'CAGLIARI', '86');
INSERT INTO VILLE (ID_VILLE, VIL_LIBELLE, ID_PAYS) VALUES ('138', 'AKRON/CANTON', '58');
INSERT INTO VILLE (ID_VILLE, VIL_LIBELLE, ID_PAYS) VALUES ('139', 'Cap-Haïtien', '74');
INSERT INTO VILLE (ID_VILLE, VIL_LIBELLE, ID_PAYS) VALUES ('140', 'CAYENNE', '62');
INSERT INTO VILLE (ID_VILLE, VIL_LIBELLE, ID_PAYS) VALUES ('141', 'Béchar', '4');
INSERT INTO VILLE (ID_VILLE, VIL_LIBELLE, ID_PAYS) VALUES ('142', 'CALABAR', '127');
INSERT INTO VILLE (ID_VILLE, VIL_LIBELLE, ID_PAYS) VALUES ('143', 'COTTBUS', '5');
INSERT INTO VILLE (ID_VILLE, VIL_LIBELLE, ID_PAYS) VALUES ('144', 'COBAN', '69');
INSERT INTO VILLE (ID_VILLE, VIL_LIBELLE, ID_PAYS) VALUES ('145', 'CARCASSONNE', '62');
INSERT INTO VILLE (ID_VILLE, VIL_LIBELLE, ID_PAYS) VALUES ('146', 'Concepcíon', '37');
INSERT INTO VILLE (ID_VILLE, VIL_LIBELLE, ID_PAYS) VALUES ('147', 'CEBU', '140');
INSERT INTO VILLE (ID_VILLE, VIL_LIBELLE, ID_PAYS) VALUES ('148', 'CHESTER', '149');
INSERT INTO VILLE (ID_VILLE, VIL_LIBELLE, ID_PAYS) VALUES ('149', 'CANNES', '62');
INSERT INTO VILLE (ID_VILLE, VIL_LIBELLE, ID_PAYS) VALUES ('151', 'CHOLET', '62');
INSERT INTO VILLE (ID_VILLE, VIL_LIBELLE, ID_PAYS) VALUES ('152', 'CLEMSON (CAROLINE SUD)', '58');
INSERT INTO VILLE (ID_VILLE, VIL_LIBELLE, ID_PAYS) VALUES ('153', 'CLERMONT-FERRAND', '62');
INSERT INTO VILLE (ID_VILLE, VIL_LIBELLE, ID_PAYS) VALUES ('154', 'CAEN', '62');
INSERT INTO VILLE (ID_VILLE, VIL_LIBELLE, ID_PAYS) VALUES ('155', 'CORFOU', '67');
INSERT INTO VILLE (ID_VILLE, VIL_LIBELLE, ID_PAYS) VALUES ('156', 'CAMPO-GRANDE', '28');
INSERT INTO VILLE (ID_VILLE, VIL_LIBELLE, ID_PAYS) VALUES ('157', 'COLLEGE PARK (MD)', '58');
INSERT INTO VILLE (ID_VILLE, VIL_LIBELLE, ID_PAYS) VALUES ('158', 'CHATTANOOGA (TN)', '58');
INSERT INTO VILLE (ID_VILLE, VIL_LIBELLE, ID_PAYS) VALUES ('159', 'CHRISTCHURCH', '129');
INSERT INTO VILLE (ID_VILLE, VIL_LIBELLE, ID_PAYS) VALUES ('160', 'CHERBOURG', '62');
INSERT INTO VILLE (ID_VILLE, VIL_LIBELLE, ID_PAYS) VALUES ('161', 'CHARLOTTESVILLE (VA)', '58');
INSERT INTO VILLE (ID_VILLE, VIL_LIBELLE, ID_PAYS) VALUES ('162', 'LA CANEE', '67');
INSERT INTO VILLE (ID_VILLE, VIL_LIBELLE, ID_PAYS) VALUES ('163', 'CHARLESTON (CAROLINE DU SUD)', '58');
INSERT INTO VILLE (ID_VILLE, VIL_LIBELLE, ID_PAYS) VALUES ('164', 'CEDAR RAPID_VILLES (IA)', '58');
INSERT INTO VILLE (ID_VILLE, VIL_LIBELLE, ID_PAYS) VALUES ('165', 'CRAIG', '58');
INSERT INTO VILLE (ID_VILLE, VIL_LIBELLE, ID_PAYS) VALUES ('166', 'CARLSBAD (CALIFORNIE)', '58');
INSERT INTO VILLE (ID_VILLE, VIL_LIBELLE, ID_PAYS) VALUES ('167', 'CLEVELAND (OHIO)', '58');
INSERT INTO VILLE (ID_VILLE, VIL_LIBELLE, ID_PAYS) VALUES ('168', 'CHARLOTTE (N.C.)', '58');
INSERT INTO VILLE (ID_VILLE, VIL_LIBELLE, ID_PAYS) VALUES ('169', 'CHAMBERY', '62');
INSERT INTO VILLE (ID_VILLE, VIL_LIBELLE, ID_PAYS) VALUES ('170', 'COLUMBUS (OH)', '58');
INSERT INTO VILLE (ID_VILLE, VIL_LIBELLE, ID_PAYS) VALUES ('171', 'Camagüey', '48');
INSERT INTO VILLE (ID_VILLE, VIL_LIBELLE, ID_PAYS) VALUES ('172', 'CONSTANTA', '148');
INSERT INTO VILLE (ID_VILLE, VIL_LIBELLE, ID_PAYS) VALUES ('173', 'CARLSBAD (NOUVEAU MEXIQUE)', '58');
INSERT INTO VILLE (ID_VILLE, VIL_LIBELLE, ID_PAYS) VALUES ('174', 'CORRIENTES', '10');
INSERT INTO VILLE (ID_VILLE, VIL_LIBELLE, ID_PAYS) VALUES ('175', 'CAIRNS', '12');
INSERT INTO VILLE (ID_VILLE, VIL_LIBELLE, ID_PAYS) VALUES ('176', 'CHIANG MAI', '180');
INSERT INTO VILLE (ID_VILLE, VIL_LIBELLE, ID_PAYS) VALUES ('177', 'COCHIN', '79');
INSERT INTO VILLE (ID_VILLE, VIL_LIBELLE, ID_PAYS) VALUES ('178', 'CONCORD (NH)', '58');
INSERT INTO VILLE (ID_VILLE, VIL_LIBELLE, ID_PAYS) VALUES ('179', 'CAMPINA-GRANDE', '28');
INSERT INTO VILLE (ID_VILLE, VIL_LIBELLE, ID_PAYS) VALUES ('180', 'CALAIS', '62');
INSERT INTO VILLE (ID_VILLE, VIL_LIBELLE, ID_PAYS) VALUES ('181', 'COSTA MARQUES', '28');
INSERT INTO VILLE (ID_VILLE, VIL_LIBELLE, ID_PAYS) VALUES ('182', 'CRAIOVA', '148');
INSERT INTO VILLE (ID_VILLE, VIL_LIBELLE, ID_PAYS) VALUES ('183', 'CHARLEROI', '19');
INSERT INTO VILLE (ID_VILLE, VIL_LIBELLE, ID_PAYS) VALUES ('184', 'CATANE', '86');
INSERT INTO VILLE (ID_VILLE, VIL_LIBELLE, ID_PAYS) VALUES ('185', 'CARUPANO', '192');
INSERT INTO VILLE (ID_VILLE, VIL_LIBELLE, ID_PAYS) VALUES ('186', 'COURCHEVEL', '62');
INSERT INTO VILLE (ID_VILLE, VIL_LIBELLE, ID_PAYS) VALUES ('187', 'CINCINNATI (OHIO)', '58');
INSERT INTO VILLE (ID_VILLE, VIL_LIBELLE, ID_PAYS) VALUES ('188', 'CORVALLIS (OREGON)', '58');
INSERT INTO VILLE (ID_VILLE, VIL_LIBELLE, ID_PAYS) VALUES ('189', 'COVENTRY', '149');
INSERT INTO VILLE (ID_VILLE, VIL_LIBELLE, ID_PAYS) VALUES ('190', 'CARDIFF', '149');
INSERT INTO VILLE (ID_VILLE, VIL_LIBELLE, ID_PAYS) VALUES ('191', 'LES CAYES', '74');
INSERT INTO VILLE (ID_VILLE, VIL_LIBELLE, ID_PAYS) VALUES ('192', 'CONSTANTINE', '4');
INSERT INTO VILLE (ID_VILLE, VIL_LIBELLE, ID_PAYS) VALUES ('193', 'CZESTOCHOWA', '141');
INSERT INTO VILLE (ID_VILLE, VIL_LIBELLE, ID_PAYS) VALUES ('194', 'DA NANG', '193');
INSERT INTO VILLE (ID_VILLE, VIL_LIBELLE, ID_PAYS) VALUES ('195', 'DAVID_VILLE', '135');
INSERT INTO VILLE (ID_VILLE, VIL_LIBELLE, ID_PAYS) VALUES ('196', 'DAYTON (OHIO)', '58');
INSERT INTO VILLE (ID_VILLE, VIL_LIBELLE, ID_PAYS) VALUES ('197', 'DUBROVNIK', '47');
INSERT INTO VILLE (ID_VILLE, VIL_LIBELLE, ID_PAYS) VALUES ('198', 'DEBRECEN', '77');
INSERT INTO VILLE (ID_VILLE, VIL_LIBELLE, ID_PAYS) VALUES ('199', 'Deïr ez Zôr', '175');
INSERT INTO VILLE (ID_VILLE, VIL_LIBELLE, ID_PAYS) VALUES ('200', 'DALLAS (TEXAS)', '58');
INSERT INTO VILLE (ID_VILLE, VIL_LIBELLE, ID_PAYS) VALUES ('201', 'Dhahrân', '9');
INSERT INTO VILLE (ID_VILLE, VIL_LIBELLE, ID_PAYS) VALUES ('202', 'DIJON', '62');
INSERT INTO VILLE (ID_VILLE, VIL_LIBELLE, ID_PAYS) VALUES ('203', 'DIVO', '46');
INSERT INTO VILLE (ID_VILLE, VIL_LIBELLE, ID_PAYS) VALUES ('204', 'JERBA', '185');
INSERT INTO VILLE (ID_VILLE, VIL_LIBELLE, ID_PAYS) VALUES ('205', 'DALOA', '46');
INSERT INTO VILLE (ID_VILLE, VIL_LIBELLE, ID_PAYS) VALUES ('206', 'DALIAN', '38');
INSERT INTO VILLE (ID_VILLE, VIL_LIBELLE, ID_PAYS) VALUES ('207', 'DANANE', '46');
INSERT INTO VILLE (ID_VILLE, VIL_LIBELLE, ID_PAYS) VALUES ('208', 'DUNDEE', '149');
INSERT INTO VILLE (ID_VILLE, VIL_LIBELLE, ID_PAYS) VALUES ('209', 'DNIEPROPETROVSK', '189');
INSERT INTO VILLE (ID_VILLE, VIL_LIBELLE, ID_PAYS) VALUES ('210', 'DINARD', '62');
INSERT INTO VILLE (ID_VILLE, VIL_LIBELLE, ID_PAYS) VALUES ('211', 'DONETSK', '189');
INSERT INTO VILLE (ID_VILLE, VIL_LIBELLE, ID_PAYS) VALUES ('212', 'DEAUVILLE', '62');
INSERT INTO VILLE (ID_VILLE, VIL_LIBELLE, ID_PAYS) VALUES ('213', 'DARWIN', '12');
INSERT INTO VILLE (ID_VILLE, VIL_LIBELLE, ID_PAYS) VALUES ('214', 'DSCHANG', '34');
INSERT INTO VILLE (ID_VILLE, VIL_LIBELLE, ID_PAYS) VALUES ('215', 'DESSIE', '59');
INSERT INTO VILLE (ID_VILLE, VIL_LIBELLE, ID_PAYS) VALUES ('216', 'DES MOINES (IOWA)', '58');
INSERT INTO VILLE (ID_VILLE, VIL_LIBELLE, ID_PAYS) VALUES ('217', 'DORTMUND', '5');
INSERT INTO VILLE (ID_VILLE, VIL_LIBELLE, ID_PAYS) VALUES ('218', 'DETROIT', '58');
INSERT INTO VILLE (ID_VILLE, VIL_LIBELLE, ID_PAYS) VALUES ('219', 'DUNEDIN', '129');
INSERT INTO VILLE (ID_VILLE, VIL_LIBELLE, ID_PAYS) VALUES ('220', 'DUISBURG', '5');
INSERT INTO VILLE (ID_VILLE, VIL_LIBELLE, ID_PAYS) VALUES ('221', 'DANBURY (CT)', '58');
INSERT INTO VILLE (ID_VILLE, VIL_LIBELLE, ID_PAYS) VALUES ('222', 'DURAZNO', '190');
INSERT INTO VILLE (ID_VILLE, VIL_LIBELLE, ID_PAYS) VALUES ('223', 'Saint-Sébastien', '56');
INSERT INTO VILLE (ID_VILLE, VIL_LIBELLE, ID_PAYS) VALUES ('224', 'ENTEBBE', '131');
INSERT INTO VILLE (ID_VILLE, VIL_LIBELLE, ID_PAYS) VALUES ('225', 'ESBJERG', '49');
INSERT INTO VILLE (ID_VILLE, VIL_LIBELLE, ID_PAYS) VALUES ('226', 'ST-ETIENNE', '62');
INSERT INTO VILLE (ID_VILLE, VIL_LIBELLE, ID_PAYS) VALUES ('227', 'EBOLOWA', '34');
INSERT INTO VILLE (ID_VILLE, VIL_LIBELLE, ID_PAYS) VALUES ('228', 'ELDORET', '92');
INSERT INTO VILLE (ID_VILLE, VIL_LIBELLE, ID_PAYS) VALUES ('229', 'BERGERAC', '62');
INSERT INTO VILLE (ID_VILLE, VIL_LIBELLE, ID_PAYS) VALUES ('230', 'EINDHOVEN', '138');
INSERT INTO VILLE (ID_VILLE, VIL_LIBELLE, ID_PAYS) VALUES ('231', 'ELKHART (INDIANA)', '58');
INSERT INTO VILLE (ID_VILLE, VIL_LIBELLE, ID_PAYS) VALUES ('232', 'EAST LONDON', '2');
INSERT INTO VILLE (ID_VILLE, VIL_LIBELLE, ID_PAYS) VALUES ('233', 'EMDEN', '5');
INSERT INTO VILLE (ID_VILLE, VIL_LIBELLE, ID_PAYS) VALUES ('234', 'ENNISKILLEN', '149');
INSERT INTO VILLE (ID_VILLE, VIL_LIBELLE, ID_PAYS) VALUES ('235', 'ENCARNACION', '137');
INSERT INTO VILLE (ID_VILLE, VIL_LIBELLE, ID_PAYS) VALUES ('236', 'ENSCHEDE', '138');
INSERT INTO VILLE (ID_VILLE, VIL_LIBELLE, ID_PAYS) VALUES ('237', 'ENUGU', '127');
INSERT INTO VILLE (ID_VILLE, VIL_LIBELLE, ID_PAYS) VALUES ('238', 'KENOSHA', '58');
INSERT INTO VILLE (ID_VILLE, VIL_LIBELLE, ID_PAYS) VALUES ('239', 'EPINAL', '62');
INSERT INTO VILLE (ID_VILLE, VIL_LIBELLE, ID_PAYS) VALUES ('240', 'ERRACHID_VILLEIA', '112');
INSERT INTO VILLE (ID_VILLE, VIL_LIBELLE, ID_PAYS) VALUES ('241', 'ERZURUM', '187');
INSERT INTO VILLE (ID_VILLE, VIL_LIBELLE, ID_PAYS) VALUES ('242', 'SHOREHAM BY SEA', '149');
INSERT INTO VILLE (ID_VILLE, VIL_LIBELLE, ID_PAYS) VALUES ('243', 'ESMERALDAS', '54');
INSERT INTO VILLE (ID_VILLE, VIL_LIBELLE, ID_PAYS) VALUES ('244', 'Eilat', '85');
INSERT INTO VILLE (ID_VILLE, VIL_LIBELLE, ID_PAYS) VALUES ('245', 'EUGENE (OREGON)', '58');
INSERT INTO VILLE (ID_VILLE, VIL_LIBELLE, ID_PAYS) VALUES ('246', 'NEUMUNSTER', '5');
INSERT INTO VILLE (ID_VILLE, VIL_LIBELLE, ID_PAYS) VALUES ('247', 'EVREUX', '62');
INSERT INTO VILLE (ID_VILLE, VIL_LIBELLE, ID_PAYS) VALUES ('248', 'NEWBURY', '149');
INSERT INTO VILLE (ID_VILLE, VIL_LIBELLE, ID_PAYS) VALUES ('249', 'EXETER', '149');
INSERT INTO VILLE (ID_VILLE, VIL_LIBELLE, ID_PAYS) VALUES ('250', 'FAIRBANKS (ALASKA)', '58');
INSERT INTO VILLE (ID_VILLE, VIL_LIBELLE, ID_PAYS) VALUES ('251', 'FARGO (DAKOTA DU NORD)', '58');
INSERT INTO VILLE (ID_VILLE, VIL_LIBELLE, ID_PAYS) VALUES ('252', 'FRESNO (CA)', '58');
INSERT INTO VILLE (ID_VILLE, VIL_LIBELLE, ID_PAYS) VALUES ('253', 'LUBUMBASHI', '145');
INSERT INTO VILLE (ID_VILLE, VIL_LIBELLE, ID_PAYS) VALUES ('254', 'FREDERICK (MD)', '58');
INSERT INTO VILLE (ID_VILLE, VIL_LIBELLE, ID_PAYS) VALUES ('255', 'FERGANA', '132');
INSERT INTO VILLE (ID_VILLE, VIL_LIBELLE, ID_PAYS) VALUES ('256', 'FRIA', '70');
INSERT INTO VILLE (ID_VILLE, VIL_LIBELLE, ID_PAYS) VALUES ('257', 'FLENSBURG', '5');
INSERT INTO VILLE (ID_VILLE, VIL_LIBELLE, ID_PAYS) VALUES ('258', 'FLORIANOPOLIS', '28');
INSERT INTO VILLE (ID_VILLE, VIL_LIBELLE, ID_PAYS) VALUES ('259', 'FADA-NGOURMA', '31');
INSERT INTO VILLE (ID_VILLE, VIL_LIBELLE, ID_PAYS) VALUES ('260', 'NIMES', '62');
INSERT INTO VILLE (ID_VILLE, VIL_LIBELLE, ID_PAYS) VALUES ('261', 'Pyongyang', '43');
INSERT INTO VILLE (ID_VILLE, VIL_LIBELLE, ID_PAYS) VALUES ('262', 'FORT COLLINS (COLORADO)', '58');
INSERT INTO VILLE (ID_VILLE, VIL_LIBELLE, ID_PAYS) VALUES ('263', 'FREJUS', '62');
INSERT INTO VILLE (ID_VILLE, VIL_LIBELLE, ID_PAYS) VALUES ('264', 'FRANCISTOWN', '27');
INSERT INTO VILLE (ID_VILLE, VIL_LIBELLE, ID_PAYS) VALUES ('265', 'FORT-DAUPHIN (Taolagnaro)', '106');
INSERT INTO VILLE (ID_VILLE, VIL_LIBELLE, ID_PAYS) VALUES ('266', 'FULLERTON', '58');
INSERT INTO VILLE (ID_VILLE, VIL_LIBELLE, ID_PAYS) VALUES ('267', 'Gabès', '185');
INSERT INTO VILLE (ID_VILLE, VIL_LIBELLE, ID_PAYS) VALUES ('268', 'GAFSA', '185');
INSERT INTO VILLE (ID_VILLE, VIL_LIBELLE, ID_PAYS) VALUES ('269', 'GAITHERSBURG (MD)', '58');
INSERT INTO VILLE (ID_VILLE, VIL_LIBELLE, ID_PAYS) VALUES ('270', 'GAO', '110');
INSERT INTO VILLE (ID_VILLE, VIL_LIBELLE, ID_PAYS) VALUES ('271', 'GAMBA', '63');
INSERT INTO VILLE (ID_VILLE, VIL_LIBELLE, ID_PAYS) VALUES ('272', 'GUERNESEY', '149');
INSERT INTO VILLE (ID_VILLE, VIL_LIBELLE, ID_PAYS) VALUES ('273', 'GODE', '59');
INSERT INTO VILLE (ID_VILLE, VIL_LIBELLE, ID_PAYS) VALUES ('274', 'GDANSK', '141');
INSERT INTO VILLE (ID_VILLE, VIL_LIBELLE, ID_PAYS) VALUES ('275', 'GAGNOA', '46');
INSERT INTO VILLE (ID_VILLE, VIL_LIBELLE, ID_PAYS) VALUES ('276', 'GITEGA', '32');
INSERT INTO VILLE (ID_VILLE, VIL_LIBELLE, ID_PAYS) VALUES ('277', 'JIJEL', '4');
INSERT INTO VILLE (ID_VILLE, VIL_LIBELLE, ID_PAYS) VALUES ('278', 'Guajará Mirim', '28');
INSERT INTO VILLE (ID_VILLE, VIL_LIBELLE, ID_PAYS) VALUES ('279', 'GOROKA', '136');
INSERT INTO VILLE (ID_VILLE, VIL_LIBELLE, ID_PAYS) VALUES ('280', 'GALVESTON (TX)', '58');
INSERT INTO VILLE (ID_VILLE, VIL_LIBELLE, ID_PAYS) VALUES ('281', 'GRENOBLE', '62');
INSERT INTO VILLE (ID_VILLE, VIL_LIBELLE, ID_PAYS) VALUES ('282', 'SAINT-GEORGES', '68');
INSERT INTO VILLE (ID_VILLE, VIL_LIBELLE, ID_PAYS) VALUES ('283', 'GOODING (ID_VILLE)', '58');
INSERT INTO VILLE (ID_VILLE, VIL_LIBELLE, ID_PAYS) VALUES ('284', 'GENERAL ROCA', '10');
INSERT INTO VILLE (ID_VILLE, VIL_LIBELLE, ID_PAYS) VALUES ('285', 'GAINESVILLE (FL)', '58');
INSERT INTO VILLE (ID_VILLE, VIL_LIBELLE, ID_PAYS) VALUES ('286', 'NUUK (GODTHÅB)', '49');
INSERT INTO VILLE (ID_VILLE, VIL_LIBELLE, ID_PAYS) VALUES ('287', 'GOMA', '145');
INSERT INTO VILLE (ID_VILLE, VIL_LIBELLE, ID_PAYS) VALUES ('288', 'NEW LONDON (CONNECTICUT)', '58');
INSERT INTO VILLE (ID_VILLE, VIL_LIBELLE, ID_PAYS) VALUES ('289', 'PATRAS', '67');
INSERT INTO VILLE (ID_VILLE, VIL_LIBELLE, ID_PAYS) VALUES ('290', 'GREENWOOD (SC)', '58');
INSERT INTO VILLE (ID_VILLE, VIL_LIBELLE, ID_PAYS) VALUES ('291', 'GERONE', '56');
INSERT INTO VILLE (ID_VILLE, VIL_LIBELLE, ID_PAYS) VALUES ('292', 'GRENADE', '56');
INSERT INTO VILLE (ID_VILLE, VIL_LIBELLE, ID_PAYS) VALUES ('293', 'GUADALCANAL', '56');
INSERT INTO VILLE (ID_VILLE, VIL_LIBELLE, ID_PAYS) VALUES ('294', 'GREENVILLE (SC)', '58');
INSERT INTO VILLE (ID_VILLE, VIL_LIBELLE, ID_PAYS) VALUES ('295', 'GALWAY', '83');
INSERT INTO VILLE (ID_VILLE, VIL_LIBELLE, ID_PAYS) VALUES ('296', 'GISENYI', '151');
INSERT INTO VILLE (ID_VILLE, VIL_LIBELLE, ID_PAYS) VALUES ('297', 'GOIANIA', '28');
INSERT INTO VILLE (ID_VILLE, VIL_LIBELLE, ID_PAYS) VALUES ('298', 'HOBART', '12');
INSERT INTO VILLE (ID_VILLE, VIL_LIBELLE, ID_PAYS) VALUES ('299', 'HATTIESBURG (MISSOURI)', '58');
INSERT INTO VILLE (ID_VILLE, VIL_LIBELLE, ID_PAYS) VALUES ('300', 'Hat Yai', '180');
INSERT INTO VILLE (ID_VILLE, VIL_LIBELLE, ID_PAYS) VALUES ('301', 'Hérât', '1');
INSERT INTO VILLE (ID_VILLE, VIL_LIBELLE, ID_PAYS) VALUES ('302', 'HERAKLION', '67');
INSERT INTO VILLE (ID_VILLE, VIL_LIBELLE, ID_PAYS) VALUES ('303', 'HEFEI', '38');
INSERT INTO VILLE (ID_VILLE, VIL_LIBELLE, ID_PAYS) VALUES ('304', 'HANGSHOU', '38');
INSERT INTO VILLE (ID_VILLE, VIL_LIBELLE, ID_PAYS) VALUES ('305', 'KORHOGO', '46');
INSERT INTO VILLE (ID_VILLE, VIL_LIBELLE, ID_PAYS) VALUES ('306', 'HIROSHIMA', '88');
INSERT INTO VILLE (ID_VILLE, VIL_LIBELLE, ID_PAYS) VALUES ('307', 'PHUKET', '180');
INSERT INTO VILLE (ID_VILLE, VIL_LIBELLE, ID_PAYS) VALUES ('308', 'HASKOVO', '30');
INSERT INTO VILLE (ID_VILLE, VIL_LIBELLE, ID_PAYS) VALUES ('309', 'HOLLAND (MICHIGAN)', '58');
INSERT INTO VILLE (ID_VILLE, VIL_LIBELLE, ID_PAYS) VALUES ('310', 'HERMOSILLO', '116');
INSERT INTO VILLE (ID_VILLE, VIL_LIBELLE, ID_PAYS) VALUES ('311', 'MORIOKA', '88');
INSERT INTO VILLE (ID_VILLE, VIL_LIBELLE, ID_PAYS) VALUES ('312', 'HERCEG-NOVI', '162');
INSERT INTO VILLE (ID_VILLE, VIL_LIBELLE, ID_PAYS) VALUES ('313', 'HORTA (ACORES)', '142');
INSERT INTO VILLE (ID_VILLE, VIL_LIBELLE, ID_PAYS) VALUES ('314', 'KHARKIV', '189');
INSERT INTO VILLE (ID_VILLE, VIL_LIBELLE, ID_PAYS) VALUES ('315', 'HUNTSVILLE (AL)', '58');
INSERT INTO VILLE (ID_VILLE, VIL_LIBELLE, ID_PAYS) VALUES ('316', 'HUNTINGTON (WEST VIRGINIA)', '58');
INSERT INTO VILLE (ID_VILLE, VIL_LIBELLE, ID_PAYS) VALUES ('317', 'TERRE HAUTE', '58');
INSERT INTO VILLE (ID_VILLE, VIL_LIBELLE, ID_PAYS) VALUES ('318', 'HUMBERSID_VILLEE', '149');
INSERT INTO VILLE (ID_VILLE, VIL_LIBELLE, ID_PAYS) VALUES ('319', 'NEW HAVEN (CONNECTICUT)', '58');
INSERT INTO VILLE (ID_VILLE, VIL_LIBELLE, ID_PAYS) VALUES ('320', 'HOLLYWOOD (FLORID_VILLEE)', '58');
INSERT INTO VILLE (ID_VILLE, VIL_LIBELLE, ID_PAYS) VALUES ('321', 'HYANNIS (MASSACHUSETTS)', '58');
INSERT INTO VILLE (ID_VILLE, VIL_LIBELLE, ID_PAYS) VALUES ('322', 'IBAGUE', '40');
INSERT INTO VILLE (ID_VILLE, VIL_LIBELLE, ID_PAYS) VALUES ('323', 'IBIZA', '56');
INSERT INTO VILLE (ID_VILLE, VIL_LIBELLE, ID_PAYS) VALUES ('324', 'WICHITA (KANSAS)', '58');
INSERT INTO VILLE (ID_VILLE, VIL_LIBELLE, ID_PAYS) VALUES ('325', 'INDIANA (PENNSYLVANIE)', '58');
INSERT INTO VILLE (ID_VILLE, VIL_LIBELLE, ID_PAYS) VALUES ('326', 'ISPAHAN', '82');
INSERT INTO VILLE (ID_VILLE, VIL_LIBELLE, ID_PAYS) VALUES ('327', 'WILMINGTON', '58');
INSERT INTO VILLE (ID_VILLE, VIL_LIBELLE, ID_PAYS) VALUES ('328', 'ILORIN', '127');
INSERT INTO VILLE (ID_VILLE, VIL_LIBELLE, ID_PAYS) VALUES ('329', 'ZILINA', '166');
INSERT INTO VILLE (ID_VILLE, VIL_LIBELLE, ID_PAYS) VALUES ('330', 'INDIANAPOLIS (IN)', '58');
INSERT INTO VILLE (ID_VILLE, VIL_LIBELLE, ID_PAYS) VALUES ('331', 'NIS', '162');
INSERT INTO VILLE (ID_VILLE, VIL_LIBELLE, ID_PAYS) VALUES ('332', 'JANNINA', '67');
INSERT INTO VILLE (ID_VILLE, VIL_LIBELLE, ID_PAYS) VALUES ('333', 'IMPFONDO', '42');
INSERT INTO VILLE (ID_VILLE, VIL_LIBELLE, ID_PAYS) VALUES ('334', 'IOWA CITY (IA)', '58');
INSERT INTO VILLE (ID_VILLE, VIL_LIBELLE, ID_PAYS) VALUES ('335', 'IQUIQUE', '37');
INSERT INTO VILLE (ID_VILLE, VIL_LIBELLE, ID_PAYS) VALUES ('336', 'ITIQUIRA', '28');
INSERT INTO VILLE (ID_VILLE, VIL_LIBELLE, ID_PAYS) VALUES ('337', 'ITHACA', '58');
INSERT INTO VILLE (ID_VILLE, VIL_LIBELLE, ID_PAYS) VALUES ('338', 'AMBANJA', '106');
INSERT INTO VILLE (ID_VILLE, VIL_LIBELLE, ID_PAYS) VALUES ('339', 'JAMMU', '79');
INSERT INTO VILLE (ID_VILLE, VIL_LIBELLE, ID_PAYS) VALUES ('340', 'MADURAI', '79');
INSERT INTO VILLE (ID_VILLE, VIL_LIBELLE, ID_PAYS) VALUES ('341', 'JACMEL', '74');
INSERT INTO VILLE (ID_VILLE, VIL_LIBELLE, ID_PAYS) VALUES ('342', 'JALAPA', '116');
INSERT INTO VILLE (ID_VILLE, VIL_LIBELLE, ID_PAYS) VALUES ('343', 'JACKSONVILLE', '58');
INSERT INTO VILLE (ID_VILLE, VIL_LIBELLE, ID_PAYS) VALUES ('344', 'BERKELEY (CA)', '58');
INSERT INTO VILLE (ID_VILLE, VIL_LIBELLE, ID_PAYS) VALUES ('345', 'JEREMIE', '74');
INSERT INTO VILLE (ID_VILLE, VIL_LIBELLE, ID_PAYS) VALUES ('346', 'JERSEY', '149');
INSERT INTO VILLE (ID_VILLE, VIL_LIBELLE, ID_PAYS) VALUES ('347', 'JOHOR BAHARU', '107');
INSERT INTO VILLE (ID_VILLE, VIL_LIBELLE, ID_PAYS) VALUES ('348', 'CAMBRID_VILLEGE (MA)', '58');
INSERT INTO VILLE (ID_VILLE, VIL_LIBELLE, ID_PAYS) VALUES ('349', 'CHIOS', '67');
INSERT INTO VILLE (ID_VILLE, VIL_LIBELLE, ID_PAYS) VALUES ('350', 'SCHAUMBURG (IL)', '58');
INSERT INTO VILLE (ID_VILLE, VIL_LIBELLE, ID_PAYS) VALUES ('351', 'MYKONOS', '67');
INSERT INTO VILLE (ID_VILLE, VIL_LIBELLE, ID_PAYS) VALUES ('352', 'JOENSUU', '61');
INSERT INTO VILLE (ID_VILLE, VIL_LIBELLE, ID_PAYS) VALUES ('353', 'ORANGE (CALIFORNIE)', '58');
INSERT INTO VILLE (ID_VILLE, VIL_LIBELLE, ID_PAYS) VALUES ('354', 'JOS', '127');
INSERT INTO VILLE (ID_VILLE, VIL_LIBELLE, ID_PAYS) VALUES ('355', 'PASADENA (CA)', '58');
INSERT INTO VILLE (ID_VILLE, VIL_LIBELLE, ID_PAYS) VALUES ('356', 'KILIMANDJARO', '178');
INSERT INTO VILLE (ID_VILLE, VIL_LIBELLE, ID_PAYS) VALUES ('357', 'SYROS', '67');
INSERT INTO VILLE (ID_VILLE, VIL_LIBELLE, ID_PAYS) VALUES ('358', 'ST-TROPEZ', '62');
INSERT INTO VILLE (ID_VILLE, VIL_LIBELLE, ID_PAYS) VALUES ('359', 'San Salvador de Jujuy', '10');
INSERT INTO VILLE (ID_VILLE, VIL_LIBELLE, ID_PAYS) VALUES ('360', 'JULIACA', '139');
INSERT INTO VILLE (ID_VILLE, VIL_LIBELLE, ID_PAYS) VALUES ('361', 'JACKSON (MISSISSIPI)', '58');
INSERT INTO VILLE (ID_VILLE, VIL_LIBELLE, ID_PAYS) VALUES ('362', 'KARIBA', '196');
INSERT INTO VILLE (ID_VILLE, VIL_LIBELLE, ID_PAYS) VALUES ('363', 'BO', '164');
INSERT INTO VILLE (ID_VILLE, VIL_LIBELLE, ID_PAYS) VALUES ('364', 'KUCHING', '107');
INSERT INTO VILLE (ID_VILLE, VIL_LIBELLE, ID_PAYS) VALUES ('365', 'KAEDI', '115');
INSERT INTO VILLE (ID_VILLE, VIL_LIBELLE, ID_PAYS) VALUES ('366', 'KEMEROVO', '150');
INSERT INTO VILLE (ID_VILLE, VIL_LIBELLE, ID_PAYS) VALUES ('367', 'ODIENNE', '46');
INSERT INTO VILLE (ID_VILLE, VIL_LIBELLE, ID_PAYS) VALUES ('368', 'KIFFA', '115');
INSERT INTO VILLE (ID_VILLE, VIL_LIBELLE, ID_PAYS) VALUES ('369', 'KALININGRAD', '150');
INSERT INTO VILLE (ID_VILLE, VIL_LIBELLE, ID_PAYS) VALUES ('370', 'KINGAROY', '12');
INSERT INTO VILLE (ID_VILLE, VIL_LIBELLE, ID_PAYS) VALUES ('371', 'KHABAROVSK', '150');
INSERT INTO VILLE (ID_VILLE, VIL_LIBELLE, ID_PAYS) VALUES ('372', 'NIIGATA', '88');
INSERT INTO VILLE (ID_VILLE, VIL_LIBELLE, ID_PAYS) VALUES ('373', 'KISUMU', '92');
INSERT INTO VILLE (ID_VILLE, VIL_LIBELLE, ID_PAYS) VALUES ('374', 'KRASNOÏARSK', '150');
INSERT INTO VILLE (ID_VILLE, VIL_LIBELLE, ID_PAYS) VALUES ('375', 'KHON KAEN', '180');
INSERT INTO VILLE (ID_VILLE, VIL_LIBELLE, ID_PAYS) VALUES ('376', 'KYTAKYUSHU', '88');
INSERT INTO VILLE (ID_VILLE, VIL_LIBELLE, ID_PAYS) VALUES ('377', 'KIRKENES', '128');
INSERT INTO VILLE (ID_VILLE, VIL_LIBELLE, ID_PAYS) VALUES ('378', 'KAOLACK', '161');
INSERT INTO VILLE (ID_VILLE, VIL_LIBELLE, ID_PAYS) VALUES ('379', 'Kaiserslautern', '5');
INSERT INTO VILLE (ID_VILLE, VIL_LIBELLE, ID_PAYS) VALUES ('380', 'KLAGENFURT', '13');
INSERT INTO VILLE (ID_VILLE, VIL_LIBELLE, ID_PAYS) VALUES ('381', 'CALAMATA', '67');
INSERT INTO VILLE (ID_VILLE, VIL_LIBELLE, ID_PAYS) VALUES ('382', 'KUNMING', '38');
INSERT INTO VILLE (ID_VILLE, VIL_LIBELLE, ID_PAYS) VALUES ('383', 'MIYAZAKI', '88');
INSERT INTO VILLE (ID_VILLE, VIL_LIBELLE, ID_PAYS) VALUES ('384', 'KUMAMOTO', '88');
INSERT INTO VILLE (ID_VILLE, VIL_LIBELLE, ID_PAYS) VALUES ('385', 'Viña del Mar', '37');
INSERT INTO VILLE (ID_VILLE, VIL_LIBELLE, ID_PAYS) VALUES ('386', 'KANKAN', '70');
INSERT INTO VILLE (ID_VILLE, VIL_LIBELLE, ID_PAYS) VALUES ('387', 'KONA (HI)', '58');
INSERT INTO VILLE (ID_VILLE, VIL_LIBELLE, ID_PAYS) VALUES ('388', 'KIRUNA', '171');
INSERT INTO VILLE (ID_VILLE, VIL_LIBELLE, ID_PAYS) VALUES ('389', 'KOSICE', '166');
INSERT INTO VILLE (ID_VILLE, VIL_LIBELLE, ID_PAYS) VALUES ('390', 'KARLSTAD', '171');
INSERT INTO VILLE (ID_VILLE, VIL_LIBELLE, ID_PAYS) VALUES ('391', 'KASSEL', '5');
INSERT INTO VILLE (ID_VILLE, VIL_LIBELLE, ID_PAYS) VALUES ('392', 'KISSID_VILLEOUGOU', '70');
INSERT INTO VILLE (ID_VILLE, VIL_LIBELLE, ID_PAYS) VALUES ('393', 'SIKASSO', '110');
INSERT INTO VILLE (ID_VILLE, VIL_LIBELLE, ID_PAYS) VALUES ('394', 'KATIOLA', '46');
INSERT INTO VILLE (ID_VILLE, VIL_LIBELLE, ID_PAYS) VALUES ('395', 'KATOWICE', '141');
INSERT INTO VILLE (ID_VILLE, VIL_LIBELLE, ID_PAYS) VALUES ('396', 'SAMARA', '150');
INSERT INTO VILLE (ID_VILLE, VIL_LIBELLE, ID_PAYS) VALUES ('397', 'KAUNAS', '103');
INSERT INTO VILLE (ID_VILLE, VIL_LIBELLE, ID_PAYS) VALUES ('398', 'KUOPIO', '61');
INSERT INTO VILLE (ID_VILLE, VIL_LIBELLE, ID_PAYS) VALUES ('399', 'KWANGJU', '44');
INSERT INTO VILLE (ID_VILLE, VIL_LIBELLE, ID_PAYS) VALUES ('400', 'KOLWEZI', '145');
INSERT INTO VILLE (ID_VILLE, VIL_LIBELLE, ID_PAYS) VALUES ('401', 'MILTON KEYNES', '149');
INSERT INTO VILLE (ID_VILLE, VIL_LIBELLE, ID_PAYS) VALUES ('402', 'KAYES', '110');
INSERT INTO VILLE (ID_VILLE, VIL_LIBELLE, ID_PAYS) VALUES ('403', 'LOS ALAMOS (N MEXIQUE)', '58');
INSERT INTO VILLE (ID_VILLE, VIL_LIBELLE, ID_PAYS) VALUES ('404', 'LANSING (MI)', '58');
INSERT INTO VILLE (ID_VILLE, VIL_LIBELLE, ID_PAYS) VALUES ('405', 'LA PAZ', '116');
INSERT INTO VILLE (ID_VILLE, VIL_LIBELLE, ID_PAYS) VALUES ('406', 'LARAMIE', '58');
INSERT INTO VILLE (ID_VILLE, VIL_LIBELLE, ID_PAYS) VALUES ('407', 'LEEDS', '149');
INSERT INTO VILLE (ID_VILLE, VIL_LIBELLE, ID_PAYS) VALUES ('408', 'LARNACA', '39');
INSERT INTO VILLE (ID_VILLE, VIL_LIBELLE, ID_PAYS) VALUES ('409', 'LECCE', '86');
INSERT INTO VILLE (ID_VILLE, VIL_LIBELLE, ID_PAYS) VALUES ('410', 'LA CEIBA', '75');
INSERT INTO VILLE (ID_VILLE, VIL_LIBELLE, ID_PAYS) VALUES ('411', 'LA COROGNE', '56');
INSERT INTO VILLE (ID_VILLE, VIL_LIBELLE, ID_PAYS) VALUES ('412', 'LAKE CHARLES', '58');
INSERT INTO VILLE (ID_VILLE, VIL_LIBELLE, ID_PAYS) VALUES ('413', 'LE HAVRE', '62');
INSERT INTO VILLE (ID_VILLE, VIL_LIBELLE, ID_PAYS) VALUES ('414', 'ALMERIA', '56');
INSERT INTO VILLE (ID_VILLE, VIL_LIBELLE, ID_PAYS) VALUES ('415', 'Labé', '70');
INSERT INTO VILLE (ID_VILLE, VIL_LIBELLE, ID_PAYS) VALUES ('416', 'LEXINGTON (KY)', '58');
INSERT INTO VILLE (ID_VILLE, VIL_LIBELLE, ID_PAYS) VALUES ('417', 'HAMPTON (VIRGINIE)', '58');
INSERT INTO VILLE (ID_VILLE, VIL_LIBELLE, ID_PAYS) VALUES ('418', 'LAFAYETTE (LOUISIANE)', '58');
INSERT INTO VILLE (ID_VILLE, VIL_LIBELLE, ID_PAYS) VALUES ('419', 'LEID_VILLEEN', '138');
INSERT INTO VILLE (ID_VILLE, VIL_LIBELLE, ID_PAYS) VALUES ('420', 'LIMOGES', '62');
INSERT INTO VILLE (ID_VILLE, VIL_LIBELLE, ID_PAYS) VALUES ('421', 'LILLE', '62');
INSERT INTO VILLE (ID_VILLE, VIL_LIBELLE, ID_PAYS) VALUES ('422', 'LITTLE ROCK (ARKANSAS)', '58');
INSERT INTO VILLE (ID_VILLE, VIL_LIBELLE, ID_PAYS) VALUES ('423', 'LAKOTA', '46');
INSERT INTO VILLE (ID_VILLE, VIL_LIBELLE, ID_PAYS) VALUES ('424', 'LULEA', '171');
INSERT INTO VILLE (ID_VILLE, VIL_LIBELLE, ID_PAYS) VALUES ('425', 'LE MANS', '62');
INSERT INTO VILLE (ID_VILLE, VIL_LIBELLE, ID_PAYS) VALUES ('426', 'LIMERICK', '83');
INSERT INTO VILLE (ID_VILLE, VIL_LIBELLE, ID_PAYS) VALUES ('427', 'LINZ', '13');
INSERT INTO VILLE (ID_VILLE, VIL_LIBELLE, ID_PAYS) VALUES ('428', 'Nueva Loja', '54');
INSERT INTO VILLE (ID_VILLE, VIL_LIBELLE, ID_PAYS) VALUES ('429', 'LAGHOUAT', '4');
INSERT INTO VILLE (ID_VILLE, VIL_LIBELLE, ID_PAYS) VALUES ('430', 'LAS PALMAS', '56');
INSERT INTO VILLE (ID_VILLE, VIL_LIBELLE, ID_PAYS) VALUES ('431', 'LA PLATA', '10');
INSERT INTO VILLE (ID_VILLE, VIL_LIBELLE, ID_PAYS) VALUES ('432', 'LINKOPING', '171');
INSERT INTO VILLE (ID_VILLE, VIL_LIBELLE, ID_PAYS) VALUES ('433', 'LIVERPOOL', '149');
INSERT INTO VILLE (ID_VILLE, VIL_LIBELLE, ID_PAYS) VALUES ('434', 'LAPPEENRANTA', '61');
INSERT INTO VILLE (ID_VILLE, VIL_LIBELLE, ID_PAYS) VALUES ('435', 'LARISSA', '67');
INSERT INTO VILLE (ID_VILLE, VIL_LIBELLE, ID_PAYS) VALUES ('436', 'LA ROCHELLE', '62');
INSERT INTO VILLE (ID_VILLE, VIL_LIBELLE, ID_PAYS) VALUES ('437', 'LORIENT', '62');
INSERT INTO VILLE (ID_VILLE, VIL_LIBELLE, ID_PAYS) VALUES ('438', 'LA SERENA', '37');
INSERT INTO VILLE (ID_VILLE, VIL_LIBELLE, ID_PAYS) VALUES ('439', 'LAI', '179');
INSERT INTO VILLE (ID_VILLE, VIL_LIBELLE, ID_PAYS) VALUES ('440', 'Lattaquié', '175');
INSERT INTO VILLE (ID_VILLE, VIL_LIBELLE, ID_PAYS) VALUES ('441', 'LUGANO', '172');
INSERT INTO VILLE (ID_VILLE, VIL_LIBELLE, ID_PAYS) VALUES ('442', 'LIVERMORE (CALIFORNIE)', '58');
INSERT INTO VILLE (ID_VILLE, VIL_LIBELLE, ID_PAYS) VALUES ('443', 'LAWRENCE (KS)', '58');
INSERT INTO VILLE (ID_VILLE, VIL_LIBELLE, ID_PAYS) VALUES ('444', 'LVIV', '189');
INSERT INTO VILLE (ID_VILLE, VIL_LIBELLE, ID_PAYS) VALUES ('445', 'LOUQSOR', '52');
INSERT INTO VILLE (ID_VILLE, VIL_LIBELLE, ID_PAYS) VALUES ('446', 'LUOYANG', '38');
INSERT INTO VILLE (ID_VILLE, VIL_LIBELLE, ID_PAYS) VALUES ('447', 'LYNCHBURG', '58');
INSERT INTO VILLE (ID_VILLE, VIL_LIBELLE, ID_PAYS) VALUES ('448', 'LYON', '62');
INSERT INTO VILLE (ID_VILLE, VIL_LIBELLE, ID_PAYS) VALUES ('449', 'MBARARA', '131');
INSERT INTO VILLE (ID_VILLE, VIL_LIBELLE, ID_PAYS) VALUES ('450', 'MARIBOR', '162');
INSERT INTO VILLE (ID_VILLE, VIL_LIBELLE, ID_PAYS) VALUES ('451', 'MACAPA', '28');
INSERT INTO VILLE (ID_VILLE, VIL_LIBELLE, ID_PAYS) VALUES ('452', 'MONTLUCON', '62');
INSERT INTO VILLE (ID_VILLE, VIL_LIBELLE, ID_PAYS) VALUES ('453', 'MANADO', '80');
INSERT INTO VILLE (ID_VILLE, VIL_LIBELLE, ID_PAYS) VALUES ('454', 'CARBONDALE', '58');
INSERT INTO VILLE (ID_VILLE, VIL_LIBELLE, ID_PAYS) VALUES ('455', 'MEADVILLE (PENNSYLVANIE)', '58');
INSERT INTO VILLE (ID_VILLE, VIL_LIBELLE, ID_PAYS) VALUES ('456', 'MEMPHIS', '58');
INSERT INTO VILLE (ID_VILLE, VIL_LIBELLE, ID_PAYS) VALUES ('457', 'MOANDA', '63');
INSERT INTO VILLE (ID_VILLE, VIL_LIBELLE, ID_PAYS) VALUES ('458', 'MARADI', '126');
INSERT INTO VILLE (ID_VILLE, VIL_LIBELLE, ID_PAYS) VALUES ('459', 'MEDFORD (OR)', '58');
INSERT INTO VILLE (ID_VILLE, VIL_LIBELLE, ID_PAYS) VALUES ('460', 'MUQDISHO (Mogadiscio)', '168');
INSERT INTO VILLE (ID_VILLE, VIL_LIBELLE, ID_PAYS) VALUES ('461', 'MOABI', '63');
INSERT INTO VILLE (ID_VILLE, VIL_LIBELLE, ID_PAYS) VALUES ('462', 'MANNHEIM', '5');
INSERT INTO VILLE (ID_VILLE, VIL_LIBELLE, ID_PAYS) VALUES ('463', 'MANHATTAN (KANSAS)', '58');
INSERT INTO VILLE (ID_VILLE, VIL_LIBELLE, ID_PAYS) VALUES ('464', 'MARIEHAMN', '61');
INSERT INTO VILLE (ID_VILLE, VIL_LIBELLE, ID_PAYS) VALUES ('465', 'MANCHESTER (NEW HAMPSHIRE)', '58');
INSERT INTO VILLE (ID_VILLE, VIL_LIBELLE, ID_PAYS) VALUES ('466', 'MONASTIR', '185');
INSERT INTO VILLE (ID_VILLE, VIL_LIBELLE, ID_PAYS) VALUES ('467', 'MAN', '46');
INSERT INTO VILLE (ID_VILLE, VIL_LIBELLE, ID_PAYS) VALUES ('468', 'MYTILENE', '67');
INSERT INTO VILLE (ID_VILLE, VIL_LIBELLE, ID_PAYS) VALUES ('469', 'MURCIE', '56');
INSERT INTO VILLE (ID_VILLE, VIL_LIBELLE, ID_PAYS) VALUES ('470', 'KANSAS CITY (MISSOURI)', '58');
INSERT INTO VILLE (ID_VILLE, VIL_LIBELLE, ID_PAYS) VALUES ('471', 'MILWAUKEE (WI)', '58');
INSERT INTO VILLE (ID_VILLE, VIL_LIBELLE, ID_PAYS) VALUES ('472', 'MALACCA', '107');
INSERT INTO VILLE (ID_VILLE, VIL_LIBELLE, ID_PAYS) VALUES ('473', 'MALANG', '80');
INSERT INTO VILLE (ID_VILLE, VIL_LIBELLE, ID_PAYS) VALUES ('474', 'MULHOUSE', '62');
INSERT INTO VILLE (ID_VILLE, VIL_LIBELLE, ID_PAYS) VALUES ('475', 'MALTA (MT)', '58');
INSERT INTO VILLE (ID_VILLE, VIL_LIBELLE, ID_PAYS) VALUES ('476', 'MORELIA', '116');
INSERT INTO VILLE (ID_VILLE, VIL_LIBELLE, ID_PAYS) VALUES ('477', 'MELILLA', '56');
INSERT INTO VILLE (ID_VILLE, VIL_LIBELLE, ID_PAYS) VALUES ('478', 'MELO', '190');
INSERT INTO VILLE (ID_VILLE, VIL_LIBELLE, ID_PAYS) VALUES ('479', 'MALMO', '171');
INSERT INTO VILLE (ID_VILLE, VIL_LIBELLE, ID_PAYS) VALUES ('480', 'MOBILE (AL)', '58');
INSERT INTO VILLE (ID_VILLE, VIL_LIBELLE, ID_PAYS) VALUES ('481', 'MORONDAVA', '106');
INSERT INTO VILLE (ID_VILLE, VIL_LIBELLE, ID_PAYS) VALUES ('482', 'MADISON (CT)', '58');
INSERT INTO VILLE (ID_VILLE, VIL_LIBELLE, ID_PAYS) VALUES ('483', 'MONTPELLIER', '62');
INSERT INTO VILLE (ID_VILLE, VIL_LIBELLE, ID_PAYS) VALUES ('484', 'MOUNDOU', '179');
INSERT INTO VILLE (ID_VILLE, VIL_LIBELLE, ID_PAYS) VALUES ('485', 'MérID_VILLEa', '192');
INSERT INTO VILLE (ID_VILLE, VIL_LIBELLE, ID_PAYS) VALUES ('486', 'MARSEILLE', '62');
INSERT INTO VILLE (ID_VILLE, VIL_LIBELLE, ID_PAYS) VALUES ('487', 'MONTEREY', '58');
INSERT INTO VILLE (ID_VILLE, VIL_LIBELLE, ID_PAYS) VALUES ('488', 'SAINT-MARTIN (MARIGOT)', '62');
INSERT INTO VILLE (ID_VILLE, VIL_LIBELLE, ID_PAYS) VALUES ('489', 'MESA (ARIZONA)', '58');
INSERT INTO VILLE (ID_VILLE, VIL_LIBELLE, ID_PAYS) VALUES ('490', 'MISAWA', '88');
INSERT INTO VILLE (ID_VILLE, VIL_LIBELLE, ID_PAYS) VALUES ('491', 'MADISON (WI)', '58');
INSERT INTO VILLE (ID_VILLE, VIL_LIBELLE, ID_PAYS) VALUES ('492', 'MISSOULA (MONTANA)', '58');
INSERT INTO VILLE (ID_VILLE, VIL_LIBELLE, ID_PAYS) VALUES ('493', 'MUNSTER', '5');
INSERT INTO VILLE (ID_VILLE, VIL_LIBELLE, ID_PAYS) VALUES ('494', 'MAASTRICHT', '138');
INSERT INTO VILLE (ID_VILLE, VIL_LIBELLE, ID_PAYS) VALUES ('495', 'MAUN', '27');
INSERT INTO VILLE (ID_VILLE, VIL_LIBELLE, ID_PAYS) VALUES ('496', 'MASCARA', '4');
INSERT INTO VILLE (ID_VILLE, VIL_LIBELLE, ID_PAYS) VALUES ('497', 'FRANCEVILLE', '63');
INSERT INTO VILLE (ID_VILLE, VIL_LIBELLE, ID_PAYS) VALUES ('498', 'MONGO', '179');
INSERT INTO VILLE (ID_VILLE, VIL_LIBELLE, ID_PAYS) VALUES ('499', 'MAROUA', '34');
INSERT INTO VILLE (ID_VILLE, VIL_LIBELLE, ID_PAYS) VALUES ('500', 'MYSORE', '79');
INSERT INTO VILLE (ID_VILLE, VIL_LIBELLE, ID_PAYS) VALUES ('501', 'MITZIC', '63');
INSERT INTO VILLE (ID_VILLE, VIL_LIBELLE, ID_PAYS) VALUES ('502', 'MOPTI', '110');
INSERT INTO VILLE (ID_VILLE, VIL_LIBELLE, ID_PAYS) VALUES ('503', 'METZ', '62');
INSERT INTO VILLE (ID_VILLE, VIL_LIBELLE, ID_PAYS) VALUES ('504', 'MAZATLAN', '116');
INSERT INTO VILLE (ID_VILLE, VIL_LIBELLE, ID_PAYS) VALUES ('505', 'NATITINGOU', '21');
INSERT INTO VILLE (ID_VILLE, VIL_LIBELLE, ID_PAYS) VALUES ('506', 'NADI', '60');
INSERT INTO VILLE (ID_VILLE, VIL_LIBELLE, ID_PAYS) VALUES ('507', 'NICE', '62');
INSERT INTO VILLE (ID_VILLE, VIL_LIBELLE, ID_PAYS) VALUES ('508', 'NEWCASTLE', '149');
INSERT INTO VILLE (ID_VILLE, VIL_LIBELLE, ID_PAYS) VALUES ('509', 'ANNECY', '62');
INSERT INTO VILLE (ID_VILLE, VIL_LIBELLE, ID_PAYS) VALUES ('510', 'NOUADHIBOU', '115');
INSERT INTO VILLE (ID_VILLE, VIL_LIBELLE, ID_PAYS) VALUES ('511', 'NADOR', '112');
INSERT INTO VILLE (ID_VILLE, VIL_LIBELLE, ID_PAYS) VALUES ('512', 'SANDAY', '88');
INSERT INTO VILLE (ID_VILLE, VIL_LIBELLE, ID_PAYS) VALUES ('513', 'Ngaoundéré', '34');
INSERT INTO VILLE (ID_VILLE, VIL_LIBELLE, ID_PAYS) VALUES ('514', 'NAGASAKI', '88');
INSERT INTO VILLE (ID_VILLE, VIL_LIBELLE, ID_PAYS) VALUES ('515', 'Nha Trang', '193');
INSERT INTO VILLE (ID_VILLE, VIL_LIBELLE, ID_PAYS) VALUES ('516', 'NANKIN', '38');
INSERT INTO VILLE (ID_VILLE, VIL_LIBELLE, ID_PAYS) VALUES ('517', 'NIKOLAEV', '189');
INSERT INTO VILLE (ID_VILLE, VIL_LIBELLE, ID_PAYS) VALUES ('518', 'Nordfjördhur', '84');
INSERT INTO VILLE (ID_VILLE, VIL_LIBELLE, ID_PAYS) VALUES ('519', 'NOSY BE', '106');
INSERT INTO VILLE (ID_VILLE, VIL_LIBELLE, ID_PAYS) VALUES ('520', 'NEUQUEN', '10');
INSERT INTO VILLE (ID_VILLE, VIL_LIBELLE, ID_PAYS) VALUES ('521', 'MILTON', '58');
INSERT INTO VILLE (ID_VILLE, VIL_LIBELLE, ID_PAYS) VALUES ('522', 'NUREMBERG', '5');
INSERT INTO VILLE (ID_VILLE, VIL_LIBELLE, ID_PAYS) VALUES ('523', 'NORSUP', '191');
INSERT INTO VILLE (ID_VILLE, VIL_LIBELLE, ID_PAYS) VALUES ('524', 'NAKURU', '92');
INSERT INTO VILLE (ID_VILLE, VIL_LIBELLE, ID_PAYS) VALUES ('525', 'NEIVA', '40');
INSERT INTO VILLE (ID_VILLE, VIL_LIBELLE, ID_PAYS) VALUES ('526', 'NARVIK', '128');
INSERT INTO VILLE (ID_VILLE, VIL_LIBELLE, ID_PAYS) VALUES ('527', 'MOHELI', '41');
INSERT INTO VILLE (ID_VILLE, VIL_LIBELLE, ID_PAYS) VALUES ('528', 'Nyköping', '171');
INSERT INTO VILLE (ID_VILLE, VIL_LIBELLE, ID_PAYS) VALUES ('529', 'Nzérékoré', '70');
INSERT INTO VILLE (ID_VILLE, VIL_LIBELLE, ID_PAYS) VALUES ('530', 'OAKLAND (CALIFORNIE)', '58');
INSERT INTO VILLE (ID_VILLE, VIL_LIBELLE, ID_PAYS) VALUES ('531', 'OBERPFAFFENHOFEN', '5');
INSERT INTO VILLE (ID_VILLE, VIL_LIBELLE, ID_PAYS) VALUES ('532', 'CORDOBA', '56');
INSERT INTO VILLE (ID_VILLE, VIL_LIBELLE, ID_PAYS) VALUES ('533', 'ODENSE', '49');
INSERT INTO VILLE (ID_VILLE, VIL_LIBELLE, ID_PAYS) VALUES ('534', 'ODESSA', '189');
INSERT INTO VILLE (ID_VILLE, VIL_LIBELLE, ID_PAYS) VALUES ('535', 'NORFOLK', '58');
INSERT INTO VILLE (ID_VILLE, VIL_LIBELLE, ID_PAYS) VALUES ('536', 'BONGOR', '179');
INSERT INTO VILLE (ID_VILLE, VIL_LIBELLE, ID_PAYS) VALUES ('537', 'OUARGLA', '4');
INSERT INTO VILLE (ID_VILLE, VIL_LIBELLE, ID_PAYS) VALUES ('538', 'OITA-DANNOHARU', '88');
INSERT INTO VILLE (ID_VILLE, VIL_LIBELLE, ID_PAYS) VALUES ('539', 'OKINAWA', '88');
INSERT INTO VILLE (ID_VILLE, VIL_LIBELLE, ID_PAYS) VALUES ('540', 'OKLAHOMA CITY', '58');
INSERT INTO VILLE (ID_VILLE, VIL_LIBELLE, ID_PAYS) VALUES ('541', 'OLOMOUC', '147');
INSERT INTO VILLE (ID_VILLE, VIL_LIBELLE, ID_PAYS) VALUES ('542', 'AL MAFRAQ', '90');
INSERT INTO VILLE (ID_VILLE, VIL_LIBELLE, ID_PAYS) VALUES ('543', 'MOSTAR', '26');
INSERT INTO VILLE (ID_VILLE, VIL_LIBELLE, ID_PAYS) VALUES ('544', 'OMSK', '150');
INSERT INTO VILLE (ID_VILLE, VIL_LIBELLE, ID_PAYS) VALUES ('545', 'ONDANGUA', '122');
INSERT INTO VILLE (ID_VILLE, VIL_LIBELLE, ID_PAYS) VALUES ('546', 'Colón', '135');
INSERT INTO VILLE (ID_VILLE, VIL_LIBELLE, ID_PAYS) VALUES ('547', 'OREBRO', '171');
INSERT INTO VILLE (ID_VILLE, VIL_LIBELLE, ID_PAYS) VALUES ('548', 'ORLEANS', '62');
INSERT INTO VILLE (ID_VILLE, VIL_LIBELLE, ID_PAYS) VALUES ('549', 'WORCESTER (MASSACHUSETTS)', '58');
INSERT INTO VILLE (ID_VILLE, VIL_LIBELLE, ID_PAYS) VALUES ('550', 'ORLANDO', '58');
INSERT INTO VILLE (ID_VILLE, VIL_LIBELLE, ID_PAYS) VALUES ('551', 'NORTHAMPTON', '149');
INSERT INTO VILLE (ID_VILLE, VIL_LIBELLE, ID_PAYS) VALUES ('552', 'MOSSOUL', '81');
INSERT INTO VILLE (ID_VILLE, VIL_LIBELLE, ID_PAYS) VALUES ('553', 'OSTRAVA', '147');
INSERT INTO VILLE (ID_VILLE, VIL_LIBELLE, ID_PAYS) VALUES ('554', 'KOSZALIN', '141');
INSERT INTO VILLE (ID_VILLE, VIL_LIBELLE, ID_PAYS) VALUES ('555', 'BOUTILIMIT', '115');
INSERT INTO VILLE (ID_VILLE, VIL_LIBELLE, ID_PAYS) VALUES ('556', 'OUESSO', '42');
INSERT INTO VILLE (ID_VILLE, VIL_LIBELLE, ID_PAYS) VALUES ('557', 'OUAHIGOUYA', '31');
INSERT INTO VILLE (ID_VILLE, VIL_LIBELLE, ID_PAYS) VALUES ('558', 'OULU', '61');
INSERT INTO VILLE (ID_VILLE, VIL_LIBELLE, ID_PAYS) VALUES ('559', 'NORMAN (OK)', '58');
INSERT INTO VILLE (ID_VILLE, VIL_LIBELLE, ID_PAYS) VALUES ('560', 'BATOURI', '34');
INSERT INTO VILLE (ID_VILLE, VIL_LIBELLE, ID_PAYS) VALUES ('561', 'NOVOSSIBIRSK', '150');
INSERT INTO VILLE (ID_VILLE, VIL_LIBELLE, ID_PAYS) VALUES ('562', 'OXFORD (CT)', '58');
INSERT INTO VILLE (ID_VILLE, VIL_LIBELLE, ID_PAYS) VALUES ('563', 'OXFORD (OHIO)', '58');
INSERT INTO VILLE (ID_VILLE, VIL_LIBELLE, ID_PAYS) VALUES ('564', 'OYEM', '63');
INSERT INTO VILLE (ID_VILLE, VIL_LIBELLE, ID_PAYS) VALUES ('565', 'OUARZAZATE', '112');
INSERT INTO VILLE (ID_VILLE, VIL_LIBELLE, ID_PAYS) VALUES ('566', 'PADERBORN', '5');
INSERT INTO VILLE (ID_VILLE, VIL_LIBELLE, ID_PAYS) VALUES ('567', 'PATTANI', '180');
INSERT INTO VILLE (ID_VILLE, VIL_LIBELLE, ID_PAYS) VALUES ('568', 'PALO ALTO (CA)', '58');
INSERT INTO VILLE (ID_VILLE, VIL_LIBELLE, ID_PAYS) VALUES ('569', 'PORT-DE-PAIX', '74');
INSERT INTO VILLE (ID_VILLE, VIL_LIBELLE, ID_PAYS) VALUES ('570', 'PUERTO CABELLO', '192');
INSERT INTO VILLE (ID_VILLE, VIL_LIBELLE, ID_PAYS) VALUES ('571', 'PRINCETON (NJ)', '58');
INSERT INTO VILLE (ID_VILLE, VIL_LIBELLE, ID_PAYS) VALUES ('572', 'PONTA DELGADA', '142');
INSERT INTO VILLE (ID_VILLE, VIL_LIBELLE, ID_PAYS) VALUES ('573', 'PAYSANDU', '190');
INSERT INTO VILLE (ID_VILLE, VIL_LIBELLE, ID_PAYS) VALUES ('574', 'PORTLAND (OREGON)', '58');
INSERT INTO VILLE (ID_VILLE, VIL_LIBELLE, ID_PAYS) VALUES ('575', 'PEROUSE', '86');
INSERT INTO VILLE (ID_VILLE, VIL_LIBELLE, ID_PAYS) VALUES ('576', 'PETROZAVODSK', '150');
INSERT INTO VILLE (ID_VILLE, VIL_LIBELLE, ID_PAYS) VALUES ('577', 'PELOTAS (RIO GRANDE DO SUL)', '28');
INSERT INTO VILLE (ID_VILLE, VIL_LIBELLE, ID_PAYS) VALUES ('578', 'PENZA', '150');
INSERT INTO VILLE (ID_VILLE, VIL_LIBELLE, ID_PAYS) VALUES ('579', 'PAPHOS', '39');
INSERT INTO VILLE (ID_VILLE, VIL_LIBELLE, ID_PAYS) VALUES ('580', 'PORTO ALEGRE', '160');
INSERT INTO VILLE (ID_VILLE, VIL_LIBELLE, ID_PAYS) VALUES ('581', 'PERIGUEUX', '62');
INSERT INTO VILLE (ID_VILLE, VIL_LIBELLE, ID_PAYS) VALUES ('582', 'NEWPORT NEWS (VIRGINIE)', '58');
INSERT INTO VILLE (ID_VILLE, VIL_LIBELLE, ID_PAYS) VALUES ('583', 'PHILADELPHIE (PA)', '58');
INSERT INTO VILLE (ID_VILLE, VIL_LIBELLE, ID_PAYS) VALUES ('584', 'PHOENIX (AZ)', '58');
INSERT INTO VILLE (ID_VILLE, VIL_LIBELLE, ID_PAYS) VALUES ('585', 'PEORIA', '58');
INSERT INTO VILLE (ID_VILLE, VIL_LIBELLE, ID_PAYS) VALUES ('586', 'POITIERS', '62');
INSERT INTO VILLE (ID_VILLE, VIL_LIBELLE, ID_PAYS) VALUES ('587', 'PITTSBURGH', '58');
INSERT INTO VILLE (ID_VILLE, VIL_LIBELLE, ID_PAYS) VALUES ('588', 'PARAKOU', '21');
INSERT INTO VILLE (ID_VILLE, VIL_LIBELLE, ID_PAYS) VALUES ('589', 'Pakxane', '96');
INSERT INTO VILLE (ID_VILLE, VIL_LIBELLE, ID_PAYS) VALUES ('590', 'PEKANBARU', '80');
INSERT INTO VILLE (ID_VILLE, VIL_LIBELLE, ID_PAYS) VALUES ('591', 'Pakxé', '96');
INSERT INTO VILLE (ID_VILLE, VIL_LIBELLE, ID_PAYS) VALUES ('592', 'PALA', '179');
INSERT INTO VILLE (ID_VILLE, VIL_LIBELLE, ID_PAYS) VALUES ('593', 'PLYMOUTH', '149');
INSERT INTO VILLE (ID_VILLE, VIL_LIBELLE, ID_PAYS) VALUES ('594', 'PALEMBANG', '80');
INSERT INTO VILLE (ID_VILLE, VIL_LIBELLE, ID_PAYS) VALUES ('595', 'PORTSMOUTH', '149');
INSERT INTO VILLE (ID_VILLE, VIL_LIBELLE, ID_PAYS) VALUES ('596', 'PARME', '86');
INSERT INTO VILLE (ID_VILLE, VIL_LIBELLE, ID_PAYS) VALUES ('597', 'Palma de Majorque', '56');
INSERT INTO VILLE (ID_VILLE, VIL_LIBELLE, ID_PAYS) VALUES ('598', 'PORLAMAR', '192');
INSERT INTO VILLE (ID_VILLE, VIL_LIBELLE, ID_PAYS) VALUES ('599', 'PAMPELUNE', '56');
INSERT INTO VILLE (ID_VILLE, VIL_LIBELLE, ID_PAYS) VALUES ('600', 'PUERTO PLATA', '146');
INSERT INTO VILLE (ID_VILLE, VIL_LIBELLE, ID_PAYS) VALUES ('601', 'PORI', '61');
INSERT INTO VILLE (ID_VILLE, VIL_LIBELLE, ID_PAYS) VALUES ('602', 'PRESOV', '166');
INSERT INTO VILLE (ID_VILLE, VIL_LIBELLE, ID_PAYS) VALUES ('603', 'POZNAN', '141');
INSERT INTO VILLE (ID_VILLE, VIL_LIBELLE, ID_PAYS) VALUES ('604', 'POPAYAN', '40');
INSERT INTO VILLE (ID_VILLE, VIL_LIBELLE, ID_PAYS) VALUES ('605', 'Paraná', '10');
INSERT INTO VILLE (ID_VILLE, VIL_LIBELLE, ID_PAYS) VALUES ('606', 'PISE', '86');
INSERT INTO VILLE (ID_VILLE, VIL_LIBELLE, ID_PAYS) VALUES ('607', 'PORT-SAID_VILLE', '52');
INSERT INTO VILLE (ID_VILLE, VIL_LIBELLE, ID_PAYS) VALUES ('608', 'PERTH', '149');
INSERT INTO VILLE (ID_VILLE, VIL_LIBELLE, ID_PAYS) VALUES ('609', 'PESCARA', '86');
INSERT INTO VILLE (ID_VILLE, VIL_LIBELLE, ID_PAYS) VALUES ('610', 'POSADAS', '10');
INSERT INTO VILLE (ID_VILLE, VIL_LIBELLE, ID_PAYS) VALUES ('611', 'PIETERSBURG', '2');
INSERT INTO VILLE (ID_VILLE, VIL_LIBELLE, ID_PAYS) VALUES ('612', 'PAU', '62');
INSERT INTO VILLE (ID_VILLE, VIL_LIBELLE, ID_PAYS) VALUES ('613', 'PROVID_VILLEENCE (RI)', '58');
INSERT INTO VILLE (ID_VILLE, VIL_LIBELLE, ID_PAYS) VALUES ('614', 'PORTO VELHO', '28');
INSERT INTO VILLE (ID_VILLE, VIL_LIBELLE, ID_PAYS) VALUES ('615', 'PARANAVAI', '28');
INSERT INTO VILLE (ID_VILLE, VIL_LIBELLE, ID_PAYS) VALUES ('616', 'PORTLAND (MAINE)', '58');
INSERT INTO VILLE (ID_VILLE, VIL_LIBELLE, ID_PAYS) VALUES ('617', 'PYRGOS', '67');
INSERT INTO VILLE (ID_VILLE, VIL_LIBELLE, ID_PAYS) VALUES ('618', 'PATTAYA', '180');
INSERT INTO VILLE (ID_VILLE, VIL_LIBELLE, ID_PAYS) VALUES ('619', 'PIETERMARITZBURG', '2');
INSERT INTO VILLE (ID_VILLE, VIL_LIBELLE, ID_PAYS) VALUES ('620', 'ARZEW', '4');
INSERT INTO VILLE (ID_VILLE, VIL_LIBELLE, ID_PAYS) VALUES ('621', 'AMIENS', '62');
INSERT INTO VILLE (ID_VILLE, VIL_LIBELLE, ID_PAYS) VALUES ('622', 'AGRIGENTE', '86');
INSERT INTO VILLE (ID_VILLE, VIL_LIBELLE, ID_PAYS) VALUES ('623', 'L''AQUILA', '86');
INSERT INTO VILLE (ID_VILLE, VIL_LIBELLE, ID_PAYS) VALUES ('624', 'SID_VILLEi Bel Abbès', '4');
INSERT INTO VILLE (ID_VILLE, VIL_LIBELLE, ID_PAYS) VALUES ('625', 'BITOLA', '105');
INSERT INTO VILLE (ID_VILLE, VIL_LIBELLE, ID_PAYS) VALUES ('626', 'BOURG-SAINT-MAURICE', '62');
INSERT INTO VILLE (ID_VILLE, VIL_LIBELLE, ID_PAYS) VALUES ('627', 'BOCHUM', '5');
INSERT INTO VILLE (ID_VILLE, VIL_LIBELLE, ID_PAYS) VALUES ('628', 'BESANCON', '62');
INSERT INTO VILLE (ID_VILLE, VIL_LIBELLE, ID_PAYS) VALUES ('629', 'BRESCIA', '86');
INSERT INTO VILLE (ID_VILLE, VIL_LIBELLE, ID_PAYS) VALUES ('630', 'CHIBA', '88');
INSERT INTO VILLE (ID_VILLE, VIL_LIBELLE, ID_PAYS) VALUES ('631', 'BOTUCATU', '28');
INSERT INTO VILLE (ID_VILLE, VIL_LIBELLE, ID_PAYS) VALUES ('632', 'COSENZA', '86');
INSERT INTO VILLE (ID_VILLE, VIL_LIBELLE, ID_PAYS) VALUES ('633', 'CUERNAVACA', '116');
INSERT INTO VILLE (ID_VILLE, VIL_LIBELLE, ID_PAYS) VALUES ('634', 'DORNBIRN', '13');
INSERT INTO VILLE (ID_VILLE, VIL_LIBELLE, ID_PAYS) VALUES ('635', 'SAID_VILLEA-ALGERIE', '4');
INSERT INTO VILLE (ID_VILLE, VIL_LIBELLE, ID_PAYS) VALUES ('636', 'MEDEA', '4');
INSERT INTO VILLE (ID_VILLE, VIL_LIBELLE, ID_PAYS) VALUES ('637', 'FREILASSING', '5');
INSERT INTO VILLE (ID_VILLE, VIL_LIBELLE, ID_PAYS) VALUES ('638', 'SAINT-GALL', '172');
INSERT INTO VILLE (ID_VILLE, VIL_LIBELLE, ID_PAYS) VALUES ('639', 'HASSELT', '19');
INSERT INTO VILLE (ID_VILLE, VIL_LIBELLE, ID_PAYS) VALUES ('640', 'HOMS', '175');
INSERT INTO VILLE (ID_VILLE, VIL_LIBELLE, ID_PAYS) VALUES ('641', 'SYRACUSE', '86');
INSERT INTO VILLE (ID_VILLE, VIL_LIBELLE, ID_PAYS) VALUES ('642', 'GIJON', '56');
INSERT INTO VILLE (ID_VILLE, VIL_LIBELLE, ID_PAYS) VALUES ('643', 'MERSIN', '187');
INSERT INTO VILLE (ID_VILLE, VIL_LIBELLE, ID_PAYS) VALUES ('644', 'TEMOUCHENT', '4');
INSERT INTO VILLE (ID_VILLE, VIL_LIBELLE, ID_PAYS) VALUES ('645', 'IRBID_VILLE', '90');
INSERT INTO VILLE (ID_VILLE, VIL_LIBELLE, ID_PAYS) VALUES ('646', 'AJAOKUTA', '127');
INSERT INTO VILLE (ID_VILLE, VIL_LIBELLE, ID_PAYS) VALUES ('647', 'JOUNIE', '99');
INSERT INTO VILLE (ID_VILLE, VIL_LIBELLE, ID_PAYS) VALUES ('648', 'KANAZAWA', '88');
INSERT INTO VILLE (ID_VILLE, VIL_LIBELLE, ID_PAYS) VALUES ('649', 'CONSTANCE', '5');
INSERT INTO VILLE (ID_VILLE, VIL_LIBELLE, ID_PAYS) VALUES ('650', 'GLIWICE', '141');
INSERT INTO VILLE (ID_VILLE, VIL_LIBELLE, ID_PAYS) VALUES ('651', 'BLID_VILLEA', '4');
INSERT INTO VILLE (ID_VILLE, VIL_LIBELLE, ID_PAYS) VALUES ('652', 'LIMASSOL', '39');
INSERT INTO VILLE (ID_VILLE, VIL_LIBELLE, ID_PAYS) VALUES ('653', 'LUCERNE', '172');
INSERT INTO VILLE (ID_VILLE, VIL_LIBELLE, ID_PAYS) VALUES ('654', 'LEIRIA', '142');
INSERT INTO VILLE (ID_VILLE, VIL_LIBELLE, ID_PAYS) VALUES ('655', 'LUBLIN', '141');
INSERT INTO VILLE (ID_VILLE, VIL_LIBELLE, ID_PAYS) VALUES ('656', 'LODZ', '141');
INSERT INTO VILLE (ID_VILLE, VIL_LIBELLE, ID_PAYS) VALUES ('657', 'MESSINE', '86');
INSERT INTO VILLE (ID_VILLE, VIL_LIBELLE, ID_PAYS) VALUES ('658', 'MAGHNIA', '4');
INSERT INTO VILLE (ID_VILLE, VIL_LIBELLE, ID_PAYS) VALUES ('659', 'MOSTAGANEM', '4');
INSERT INTO VILLE (ID_VILLE, VIL_LIBELLE, ID_PAYS) VALUES ('660', 'MOUTIERS', '62');
INSERT INTO VILLE (ID_VILLE, VIL_LIBELLE, ID_PAYS) VALUES ('661', 'Neuchâtel', '172');
INSERT INTO VILLE (ID_VILLE, VIL_LIBELLE, ID_PAYS) VALUES ('662', 'NAGANO', '88');
INSERT INTO VILLE (ID_VILLE, VIL_LIBELLE, ID_PAYS) VALUES ('663', 'NSUKKA', '127');
INSERT INTO VILLE (ID_VILLE, VIL_LIBELLE, ID_PAYS) VALUES ('664', 'NAMUR', '19');
INSERT INTO VILLE (ID_VILLE, VIL_LIBELLE, ID_PAYS) VALUES ('665', 'NARA', '88');
INSERT INTO VILLE (ID_VILLE, VIL_LIBELLE, ID_PAYS) VALUES ('666', 'ARLON', '19');
INSERT INTO VILLE (ID_VILLE, VIL_LIBELLE, ID_PAYS) VALUES ('667', 'OWERRI', '127');
INSERT INTO VILLE (ID_VILLE, VIL_LIBELLE, ID_PAYS) VALUES ('668', 'PADOUE', '86');
INSERT INTO VILLE (ID_VILLE, VIL_LIBELLE, ID_PAYS) VALUES ('669', 'PECS', '77');
INSERT INTO VILLE (ID_VILLE, VIL_LIBELLE, ID_PAYS) VALUES ('670', 'OPOLE', '141');
INSERT INTO VILLE (ID_VILLE, VIL_LIBELLE, ID_PAYS) VALUES ('671', 'POTENZA', '86');
INSERT INTO VILLE (ID_VILLE, VIL_LIBELLE, ID_PAYS) VALUES ('672', 'PIACENZA', '86');
INSERT INTO VILLE (ID_VILLE, VIL_LIBELLE, ID_PAYS) VALUES ('673', 'QUERETARO', '116');
INSERT INTO VILLE (ID_VILLE, VIL_LIBELLE, ID_PAYS) VALUES ('674', 'RIETI', '86');
INSERT INTO VILLE (ID_VILLE, VIL_LIBELLE, ID_PAYS) VALUES ('675', 'RESENDE', '28');
INSERT INTO VILLE (ID_VILLE, VIL_LIBELLE, ID_PAYS) VALUES ('676', 'SAO CARLOS', '28');
INSERT INTO VILLE (ID_VILLE, VIL_LIBELLE, ID_PAYS) VALUES ('677', 'Sétif', '4');
INSERT INTO VILLE (ID_VILLE, VIL_LIBELLE, ID_PAYS) VALUES ('678', 'SOUSSE', '185');
INSERT INTO VILLE (ID_VILLE, VIL_LIBELLE, ID_PAYS) VALUES ('679', 'SALERNE', '86');
INSERT INTO VILLE (ID_VILLE, VIL_LIBELLE, ID_PAYS) VALUES ('680', 'SASSARI (SARDAIGNE)', '86');
INSERT INTO VILLE (ID_VILLE, VIL_LIBELLE, ID_PAYS) VALUES ('681', 'ES SOUWEID_VILLEA', '175');
INSERT INTO VILLE (ID_VILLE, VIL_LIBELLE, ID_PAYS) VALUES ('682', 'ULM', '5');
INSERT INTO VILLE (ID_VILLE, VIL_LIBELLE, ID_PAYS) VALUES ('683', 'UTSUNOMIYA', '88');
INSERT INTO VILLE (ID_VILLE, VIL_LIBELLE, ID_PAYS) VALUES ('684', 'VARESE', '86');
INSERT INTO VILLE (ID_VILLE, VIL_LIBELLE, ID_PAYS) VALUES ('685', 'VICOSA', '28');
INSERT INTO VILLE (ID_VILLE, VIL_LIBELLE, ID_PAYS) VALUES ('686', 'WURZBURG', '5');
INSERT INTO VILLE (ID_VILLE, VIL_LIBELLE, ID_PAYS) VALUES ('687', 'AIX-EN-PROVENCE', '62');
INSERT INTO VILLE (ID_VILLE, VIL_LIBELLE, ID_PAYS) VALUES ('688', 'SZEGED', '77');
INSERT INTO VILLE (ID_VILLE, VIL_LIBELLE, ID_PAYS) VALUES ('689', 'TIZI OUZOU', '4');
INSERT INTO VILLE (ID_VILLE, VIL_LIBELLE, ID_PAYS) VALUES ('690', 'RABAUL', '136');
INSERT INTO VILLE (ID_VILLE, VIL_LIBELLE, ID_PAYS) VALUES ('691', 'RAVENNE', '86');
INSERT INTO VILLE (ID_VILLE, VIL_LIBELLE, ID_PAYS) VALUES ('692', 'RICHARDS BAY', '2');
INSERT INTO VILLE (ID_VILLE, VIL_LIBELLE, ID_PAYS) VALUES ('693', 'RICHMOND (QL)', '12');
INSERT INTO VILLE (ID_VILLE, VIL_LIBELLE, ID_PAYS) VALUES ('694', 'ROCHESTER', '58');
INSERT INTO VILLE (ID_VILLE, VIL_LIBELLE, ID_PAYS) VALUES ('695', 'ROCHESTER', '149');
INSERT INTO VILLE (ID_VILLE, VIL_LIBELLE, ID_PAYS) VALUES ('696', 'RIOCUARTO', '10');
INSERT INTO VILLE (ID_VILLE, VIL_LIBELLE, ID_PAYS) VALUES ('697', 'RICHARD TOLL', '161');
INSERT INTO VILLE (ID_VILLE, VIL_LIBELLE, ID_PAYS) VALUES ('698', 'RALEIGH (CAROLINE DU NORD)', '58');
INSERT INTO VILLE (ID_VILLE, VIL_LIBELLE, ID_PAYS) VALUES ('699', 'RODEZ', '62');
INSERT INTO VILLE (ID_VILLE, VIL_LIBELLE, ID_PAYS) VALUES ('700', 'REGGIO DE CALABRE', '86');
INSERT INTO VILLE (ID_VILLE, VIL_LIBELLE, ID_PAYS) VALUES ('701', 'Siem Reab', '33');
INSERT INTO VILLE (ID_VILLE, VIL_LIBELLE, ID_PAYS) VALUES ('702', 'RESISTENCIA', '10');
INSERT INTO VILLE (ID_VILLE, VIL_LIBELLE, ID_PAYS) VALUES ('703', 'REUS', '56');
INSERT INTO VILLE (ID_VILLE, VIL_LIBELLE, ID_PAYS) VALUES ('704', 'ROCKFORD (ILLINOIS)', '58');
INSERT INTO VILLE (ID_VILLE, VIL_LIBELLE, ID_PAYS) VALUES ('705', 'RIO GALLEGOS', '10');
INSERT INTO VILLE (ID_VILLE, VIL_LIBELLE, ID_PAYS) VALUES ('706', 'REIMS', '62');
INSERT INTO VILLE (ID_VILLE, VIL_LIBELLE, ID_PAYS) VALUES ('707', 'RUHENGERI', '151');
INSERT INTO VILLE (ID_VILLE, VIL_LIBELLE, ID_PAYS) VALUES ('708', 'RHODES', '67');
INSERT INTO VILLE (ID_VILLE, VIL_LIBELLE, ID_PAYS) VALUES ('709', 'SANTA MARIA (RS)', '28');
INSERT INTO VILLE (ID_VILLE, VIL_LIBELLE, ID_PAYS) VALUES ('710', 'RICHMOND (VA)', '58');
INSERT INTO VILLE (ID_VILLE, VIL_LIBELLE, ID_PAYS) VALUES ('711', 'ROCK HILL (S. CAROLINE)', '58');
INSERT INTO VILLE (ID_VILLE, VIL_LIBELLE, ID_PAYS) VALUES ('712', 'ROLLA (MO)', '58');
INSERT INTO VILLE (ID_VILLE, VIL_LIBELLE, ID_PAYS) VALUES ('713', 'ARLIT', '126');
INSERT INTO VILLE (ID_VILLE, VIL_LIBELLE, ID_PAYS) VALUES ('714', 'RIMINI', '86');
INSERT INTO VILLE (ID_VILLE, VIL_LIBELLE, ID_PAYS) VALUES ('715', 'RAMSTEIN', '5');
INSERT INTO VILLE (ID_VILLE, VIL_LIBELLE, ID_PAYS) VALUES ('716', 'RONNEBY', '171');
INSERT INTO VILLE (ID_VILLE, VIL_LIBELLE, ID_PAYS) VALUES ('717', 'ROANNE', '62');
INSERT INTO VILLE (ID_VILLE, VIL_LIBELLE, ID_PAYS) VALUES ('718', 'Rønne (ILE DE BORNHOLM)', '49');
INSERT INTO VILLE (ID_VILLE, VIL_LIBELLE, ID_PAYS) VALUES ('719', 'RENNES', '62');
INSERT INTO VILLE (ID_VILLE, VIL_LIBELLE, ID_PAYS) VALUES ('720', 'ROUSSE', '30');
INSERT INTO VILLE (ID_VILLE, VIL_LIBELLE, ID_PAYS) VALUES ('721', 'Rostov-sur-le-Don', '150');
INSERT INTO VILLE (ID_VILLE, VIL_LIBELLE, ID_PAYS) VALUES ('722', 'Île Rodrigues', '114');
INSERT INTO VILLE (ID_VILLE, VIL_LIBELLE, ID_PAYS) VALUES ('723', 'RUSTON (LA)', '58');
INSERT INTO VILLE (ID_VILLE, VIL_LIBELLE, ID_PAYS) VALUES ('724', 'ST-DENIS (REUNION)', '62');
INSERT INTO VILLE (ID_VILLE, VIL_LIBELLE, ID_PAYS) VALUES ('725', 'ROVANIEMI', '61');
INSERT INTO VILLE (ID_VILLE, VIL_LIBELLE, ID_PAYS) VALUES ('726', 'RAWALPINDI', '133');
INSERT INTO VILLE (ID_VILLE, VIL_LIBELLE, ID_PAYS) VALUES ('727', 'SACRAMENTO (CA)', '58');
INSERT INTO VILLE (ID_VILLE, VIL_LIBELLE, ID_PAYS) VALUES ('728', 'SANTA FE (NOUVEAU MEXIQUE)', '58');
INSERT INTO VILLE (ID_VILLE, VIL_LIBELLE, ID_PAYS) VALUES ('729', 'SAINT-MARIN', '154');
INSERT INTO VILLE (ID_VILLE, VIL_LIBELLE, ID_PAYS) VALUES ('730', 'SAN PEDRO SULA', '75');
INSERT INTO VILLE (ID_VILLE, VIL_LIBELLE, ID_PAYS) VALUES ('731', 'SAN ANTONIO (TX)', '58');
INSERT INTO VILLE (ID_VILLE, VIL_LIBELLE, ID_PAYS) VALUES ('732', 'SAVANNAH (GEORGIE)', '58');
INSERT INTO VILLE (ID_VILLE, VIL_LIBELLE, ID_PAYS) VALUES ('733', 'SANTA BARBARA (CA)', '58');
INSERT INTO VILLE (ID_VILLE, VIL_LIBELLE, ID_PAYS) VALUES ('734', 'ST-BRIEUC', '62');
INSERT INTO VILLE (ID_VILLE, VIL_LIBELLE, ID_PAYS) VALUES ('735', 'SOUTH BEND (IN)', '58');
INSERT INTO VILLE (ID_VILLE, VIL_LIBELLE, ID_PAYS) VALUES ('736', 'SIBIU', '148');
INSERT INTO VILLE (ID_VILLE, VIL_LIBELLE, ID_PAYS) VALUES ('737', 'STATE COLLEGE (PA)', '58');
INSERT INTO VILLE (ID_VILLE, VIL_LIBELLE, ID_PAYS) VALUES ('738', 'STOCKTON (CA)', '58');
INSERT INTO VILLE (ID_VILLE, VIL_LIBELLE, ID_PAYS) VALUES ('739', 'ST-JACQUES-DE-COMPOSTELLE', '56');
INSERT INTO VILLE (ID_VILLE, VIL_LIBELLE, ID_PAYS) VALUES ('740', 'SUCEAVA', '148');
INSERT INTO VILLE (ID_VILLE, VIL_LIBELLE, ID_PAYS) VALUES ('741', 'LUBANGO', '7');
INSERT INTO VILLE (ID_VILLE, VIL_LIBELLE, ID_PAYS) VALUES ('742', 'LOUISVILLE (KY)', '58');
INSERT INTO VILLE (ID_VILLE, VIL_LIBELLE, ID_PAYS) VALUES ('743', 'SANTANDER', '56');
INSERT INTO VILLE (ID_VILLE, VIL_LIBELLE, ID_PAYS) VALUES ('744', 'SEATTLE (WA)', '58');
INSERT INTO VILLE (ID_VILLE, VIL_LIBELLE, ID_PAYS) VALUES ('745', 'Seydhisfjördhur', '84');
INSERT INTO VILLE (ID_VILLE, VIL_LIBELLE, ID_PAYS) VALUES ('746', 'SELIBABI', '115');
INSERT INTO VILLE (ID_VILLE, VIL_LIBELLE, ID_PAYS) VALUES ('747', 'SAFI', '112');
INSERT INTO VILLE (ID_VILLE, VIL_LIBELLE, ID_PAYS) VALUES ('748', 'Chârdjah', '53');
INSERT INTO VILLE (ID_VILLE, VIL_LIBELLE, ID_PAYS) VALUES ('749', 'XI''AN', '38');
INSERT INTO VILLE (ID_VILLE, VIL_LIBELLE, ID_PAYS) VALUES ('750', 'SION', '172');
INSERT INTO VILLE (ID_VILLE, VIL_LIBELLE, ID_PAYS) VALUES ('751', 'SAN JOSE (CA)', '58');
INSERT INTO VILLE (ID_VILLE, VIL_LIBELLE, ID_PAYS) VALUES ('752', 'BASSETERRE', '152');
INSERT INTO VILLE (ID_VILLE, VIL_LIBELLE, ID_PAYS) VALUES ('753', 'SAMARKAND', '132');
INSERT INTO VILLE (ID_VILLE, VIL_LIBELLE, ID_PAYS) VALUES ('754', 'SKIKDA', '4');
INSERT INTO VILLE (ID_VILLE, VIL_LIBELLE, ID_PAYS) VALUES ('755', 'SALTA', '10');
INSERT INTO VILLE (ID_VILLE, VIL_LIBELLE, ID_PAYS) VALUES ('756', 'SALT LAKE CITY (UTAH)', '58');
INSERT INTO VILLE (ID_VILLE, VIL_LIBELLE, ID_PAYS) VALUES ('757', 'SALALAH', '130');
INSERT INTO VILLE (ID_VILLE, VIL_LIBELLE, ID_PAYS) VALUES ('758', 'SALAMANQUE', '56');
INSERT INTO VILLE (ID_VILLE, VIL_LIBELLE, ID_PAYS) VALUES ('759', 'SAMOS', '67');
INSERT INTO VILLE (ID_VILLE, VIL_LIBELLE, ID_PAYS) VALUES ('760', 'SANTA MONICA (CAROLINE)', '58');
INSERT INTO VILLE (ID_VILLE, VIL_LIBELLE, ID_PAYS) VALUES ('761', 'SANTA MARTA', '40');
INSERT INTO VILLE (ID_VILLE, VIL_LIBELLE, ID_PAYS) VALUES ('762', 'SAKHON NAKHON', '180');
INSERT INTO VILLE (ID_VILLE, VIL_LIBELLE, ID_PAYS) VALUES ('763', 'ST-NAZAIRE', '62');
INSERT INTO VILLE (ID_VILLE, VIL_LIBELLE, ID_PAYS) VALUES ('764', 'ESPIRITU SANTO', '191');
INSERT INTO VILLE (ID_VILLE, VIL_LIBELLE, ID_PAYS) VALUES ('765', 'SOUTHAMPTON', '149');
INSERT INTO VILLE (ID_VILLE, VIL_LIBELLE, ID_PAYS) VALUES ('766', 'SPARTANBURG (SC)', '58');
INSERT INTO VILLE (ID_VILLE, VIL_LIBELLE, ID_PAYS) VALUES ('767', 'SAINT-THOMAS (ILES VIERGES)', '58');
INSERT INTO VILLE (ID_VILLE, VIL_LIBELLE, ID_PAYS) VALUES ('768', 'SPARTE', '67');
INSERT INTO VILLE (ID_VILLE, VIL_LIBELLE, ID_PAYS) VALUES ('769', 'SPLIT', '47');
INSERT INTO VILLE (ID_VILLE, VIL_LIBELLE, ID_PAYS) VALUES ('770', 'San-Pédro', '46');
INSERT INTO VILLE (ID_VILLE, VIL_LIBELLE, ID_PAYS) VALUES ('771', 'SAN RAFAEL (CA)', '58');
INSERT INTO VILLE (ID_VILLE, VIL_LIBELLE, ID_PAYS) VALUES ('772', 'SEMARANG', '80');
INSERT INTO VILLE (ID_VILLE, VIL_LIBELLE, ID_PAYS) VALUES ('773', 'SARH', '179');
INSERT INTO VILLE (ID_VILLE, VIL_LIBELLE, ID_PAYS) VALUES ('774', 'SANTA CRUZ (CA)', '58');
INSERT INTO VILLE (ID_VILLE, VIL_LIBELLE, ID_PAYS) VALUES ('775', 'CHARM ECH CHEIKH', '52');
INSERT INTO VILLE (ID_VILLE, VIL_LIBELLE, ID_PAYS) VALUES ('776', 'SAINT LOUIS (MO)', '58');
INSERT INTO VILLE (ID_VILLE, VIL_LIBELLE, ID_PAYS) VALUES ('777', 'Santarém (PA)', '28');
INSERT INTO VILLE (ID_VILLE, VIL_LIBELLE, ID_PAYS) VALUES ('778', 'SAINT-PAUL (MN)', '58');
INSERT INTO VILLE (ID_VILLE, VIL_LIBELLE, ID_PAYS) VALUES ('779', 'SANTA ROSA (CALIFORNIE)', '58');
INSERT INTO VILLE (ID_VILLE, VIL_LIBELLE, ID_PAYS) VALUES ('780', 'SALTO', '190');
INSERT INTO VILLE (ID_VILLE, VIL_LIBELLE, ID_PAYS) VALUES ('781', 'SUN RIVER', '58');
INSERT INTO VILLE (ID_VILLE, VIL_LIBELLE, ID_PAYS) VALUES ('782', 'SAMBAVA', '106');
INSERT INTO VILLE (ID_VILLE, VIL_LIBELLE, ID_PAYS) VALUES ('783', 'Kingstown', '156');
INSERT INTO VILLE (ID_VILLE, VIL_LIBELLE, ID_PAYS) VALUES ('784', 'STILLWATER (OKLAHOMA)', '58');
INSERT INTO VILLE (ID_VILLE, VIL_LIBELLE, ID_PAYS) VALUES ('785', 'SWANSEA', '149');
INSERT INTO VILLE (ID_VILLE, VIL_LIBELLE, ID_PAYS) VALUES ('786', 'BERLIN-EST', '5');
INSERT INTO VILLE (ID_VILLE, VIL_LIBELLE, ID_PAYS) VALUES ('787', 'SYRACUSE (NEW YORK)', '58');
INSERT INTO VILLE (ID_VILLE, VIL_LIBELLE, ID_PAYS) VALUES ('788', 'STORNOWAY (ILES HEBRID_VILLEES)', '149');
INSERT INTO VILLE (ID_VILLE, VIL_LIBELLE, ID_PAYS) VALUES ('789', 'CHIRAZ', '82');
INSERT INTO VILLE (ID_VILLE, VIL_LIBELLE, ID_PAYS) VALUES ('790', 'STARA ZAGORA', '30');
INSERT INTO VILLE (ID_VILLE, VIL_LIBELLE, ID_PAYS) VALUES ('791', 'Ségou', '110');
INSERT INTO VILLE (ID_VILLE, VIL_LIBELLE, ID_PAYS) VALUES ('792', 'SHENZHEN', '38');
INSERT INTO VILLE (ID_VILLE, VIL_LIBELLE, ID_PAYS) VALUES ('793', 'SZCZECIN', '141');
INSERT INTO VILLE (ID_VILLE, VIL_LIBELLE, ID_PAYS) VALUES ('794', 'TAEGU', '44');
INSERT INTO VILLE (ID_VILLE, VIL_LIBELLE, ID_PAYS) VALUES ('795', 'TANNA', '191');
INSERT INTO VILLE (ID_VILLE, VIL_LIBELLE, ID_PAYS) VALUES ('796', 'TAMPICO', '116');
INSERT INTO VILLE (ID_VILLE, VIL_LIBELLE, ID_PAYS) VALUES ('797', 'TABRIZ', '82');
INSERT INTO VILLE (ID_VILLE, VIL_LIBELLE, ID_PAYS) VALUES ('798', 'TULCEA', '148');
INSERT INTO VILLE (ID_VILLE, VIL_LIBELLE, ID_PAYS) VALUES ('799', 'SANTA CRUZ DE TENERIFE', '56');
INSERT INTO VILLE (ID_VILLE, VIL_LIBELLE, ID_PAYS) VALUES ('800', 'TUSCALOOSA (ALABAMA)', '58');
INSERT INTO VILLE (ID_VILLE, VIL_LIBELLE, ID_PAYS) VALUES ('801', 'TENERIFE', '56');
INSERT INTO VILLE (ID_VILLE, VIL_LIBELLE, ID_PAYS) VALUES ('802', 'PODGORICA', '197');
INSERT INTO VILLE (ID_VILLE, VIL_LIBELLE, ID_PAYS) VALUES ('803', 'TOUGGOURT', '4');
INSERT INTO VILLE (ID_VILLE, VIL_LIBELLE, ID_PAYS) VALUES ('804', 'CHOKWE', '121');
INSERT INTO VILLE (ID_VILLE, VIL_LIBELLE, ID_PAYS) VALUES ('805', 'TULLAHOMA (TN)', '58');
INSERT INTO VILLE (ID_VILLE, VIL_LIBELLE, ID_PAYS) VALUES ('806', 'TAHOUA', '126');
INSERT INTO VILLE (ID_VILLE, VIL_LIBELLE, ID_PAYS) VALUES ('807', 'TIARET', '4');
INSERT INTO VILLE (ID_VILLE, VIL_LIBELLE, ID_PAYS) VALUES ('808', 'AT TAIF', '9');
INSERT INTO VILLE (ID_VILLE, VIL_LIBELLE, ID_PAYS) VALUES ('809', 'TIJUANA', '116');
INSERT INTO VILLE (ID_VILLE, VIL_LIBELLE, ID_PAYS) VALUES ('810', 'SEKONDI-TAKORADI', '66');
INSERT INTO VILLE (ID_VILLE, VIL_LIBELLE, ID_PAYS) VALUES ('811', 'TURKU', '61');
INSERT INTO VILLE (ID_VILLE, VIL_LIBELLE, ID_PAYS) VALUES ('812', 'Tuléar', '106');
INSERT INTO VILLE (ID_VILLE, VIL_LIBELLE, ID_PAYS) VALUES ('813', 'TALLAHASSEE (FL)', '58');
INSERT INTO VILLE (ID_VILLE, VIL_LIBELLE, ID_PAYS) VALUES ('814', 'TLEMCEN', '4');
INSERT INTO VILLE (ID_VILLE, VIL_LIBELLE, ID_PAYS) VALUES ('815', 'TOULON', '62');
INSERT INTO VILLE (ID_VILLE, VIL_LIBELLE, ID_PAYS) VALUES ('816', 'TOULOUSE', '62');
INSERT INTO VILLE (ID_VILLE, VIL_LIBELLE, ID_PAYS) VALUES ('817', 'TAMALE', '66');
INSERT INTO VILLE (ID_VILLE, VIL_LIBELLE, ID_PAYS) VALUES ('818', 'TAMPERE', '61');
INSERT INTO VILLE (ID_VILLE, VIL_LIBELLE, ID_PAYS) VALUES ('819', 'JINAN', '38');
INSERT INTO VILLE (ID_VILLE, VIL_LIBELLE, ID_PAYS) VALUES ('820', 'TANJUNG PINANG', '80');
INSERT INTO VILLE (ID_VILLE, VIL_LIBELLE, ID_PAYS) VALUES ('821', 'TORRANCE (CALIFORNIE)', '58');
INSERT INTO VILLE (ID_VILLE, VIL_LIBELLE, ID_PAYS) VALUES ('822', 'TOZEUR', '185');
INSERT INTO VILLE (ID_VILLE, VIL_LIBELLE, ID_PAYS) VALUES ('823', 'TOLEDO (OH)', '58');
INSERT INTO VILLE (ID_VILLE, VIL_LIBELLE, ID_PAYS) VALUES ('824', 'TROMSO', '128');
INSERT INTO VILLE (ID_VILLE, VIL_LIBELLE, ID_PAYS) VALUES ('825', 'TAMPA (FL)', '58');
INSERT INTO VILLE (ID_VILLE, VIL_LIBELLE, ID_PAYS) VALUES ('826', 'TARAPOTO', '139');
INSERT INTO VILLE (ID_VILLE, VIL_LIBELLE, ID_PAYS) VALUES ('827', 'TRONDHEIM', '128');
INSERT INTO VILLE (ID_VILLE, VIL_LIBELLE, ID_PAYS) VALUES ('828', 'TRIESTE', '86');
INSERT INTO VILLE (ID_VILLE, VIL_LIBELLE, ID_PAYS) VALUES ('829', 'TIANJIN', '38');
INSERT INTO VILLE (ID_VILLE, VIL_LIBELLE, ID_PAYS) VALUES ('830', 'TOWNSVILLE-QUEENSLAND', '12');
INSERT INTO VILLE (ID_VILLE, VIL_LIBELLE, ID_PAYS) VALUES ('831', 'TUCUMAN', '10');
INSERT INTO VILLE (ID_VILLE, VIL_LIBELLE, ID_PAYS) VALUES ('832', 'TAMBACOUNDA', '161');
INSERT INTO VILLE (ID_VILLE, VIL_LIBELLE, ID_PAYS) VALUES ('833', 'TOURS', '62');
INSERT INTO VILLE (ID_VILLE, VIL_LIBELLE, ID_PAYS) VALUES ('834', 'TULSA (OKLAHOMA)', '58');
INSERT INTO VILLE (ID_VILLE, VIL_LIBELLE, ID_PAYS) VALUES ('835', 'TUCSON (AZ)', '58');
INSERT INTO VILLE (ID_VILLE, VIL_LIBELLE, ID_PAYS) VALUES ('836', 'TABOUK', '9');
INSERT INTO VILLE (ID_VILLE, VIL_LIBELLE, ID_PAYS) VALUES ('837', 'TAWAU', '107');
INSERT INTO VILLE (ID_VILLE, VIL_LIBELLE, ID_PAYS) VALUES ('838', 'TAIYUAN', '38');
INSERT INTO VILLE (ID_VILLE, VIL_LIBELLE, ID_PAYS) VALUES ('839', 'KNOXVILLE', '58');
INSERT INTO VILLE (ID_VILLE, VIL_LIBELLE, ID_PAYS) VALUES ('840', 'San Juan', '10');
INSERT INTO VILLE (ID_VILLE, VIL_LIBELLE, ID_PAYS) VALUES ('841', 'Uberlândia (MG)', '28');
INSERT INTO VILLE (ID_VILLE, VIL_LIBELLE, ID_PAYS) VALUES ('842', 'UDINE', '86');
INSERT INTO VILLE (ID_VILLE, VIL_LIBELLE, ID_PAYS) VALUES ('843', 'QUETTA', '133');
INSERT INTO VILLE (ID_VILLE, VIL_LIBELLE, ID_PAYS) VALUES ('844', 'QUIMPER', '62');
INSERT INTO VILLE (ID_VILLE, VIL_LIBELLE, ID_PAYS) VALUES ('845', 'KOBE', '88');
INSERT INTO VILLE (ID_VILLE, VIL_LIBELLE, ID_PAYS) VALUES ('846', 'OULIANOVSK', '150');
INSERT INTO VILLE (ID_VILLE, VIL_LIBELLE, ID_PAYS) VALUES ('847', 'ROUEN', '62');
INSERT INTO VILLE (ID_VILLE, VIL_LIBELLE, ID_PAYS) VALUES ('848', 'USHUAIA', '10');
INSERT INTO VILLE (ID_VILLE, VIL_LIBELLE, ID_PAYS) VALUES ('849', 'MUTARE', '196');
INSERT INTO VILLE (ID_VILLE, VIL_LIBELLE, ID_PAYS) VALUES ('850', 'UTRECHT', '138');
INSERT INTO VILLE (ID_VILLE, VIL_LIBELLE, ID_PAYS) VALUES ('851', 'WIESBADEN', '5');
INSERT INTO VILLE (ID_VILLE, VIL_LIBELLE, ID_PAYS) VALUES ('852', 'WUPPERTAL', '5');
INSERT INTO VILLE (ID_VILLE, VIL_LIBELLE, ID_PAYS) VALUES ('853', 'VAASA', '61');
INSERT INTO VILLE (ID_VILLE, VIL_LIBELLE, ID_PAYS) VALUES ('854', 'Valparaíso', '37');
INSERT INTO VILLE (ID_VILLE, VIL_LIBELLE, ID_PAYS) VALUES ('855', 'VARNA', '30');
INSERT INTO VILLE (ID_VILLE, VIL_LIBELLE, ID_PAYS) VALUES ('856', 'VISBY', '171');
INSERT INTO VILLE (ID_VILLE, VIL_LIBELLE, ID_PAYS) VALUES ('857', 'CAN THO', '193');
INSERT INTO VILLE (ID_VILLE, VIL_LIBELLE, ID_PAYS) VALUES ('858', 'VICTORIA', '58');
INSERT INTO VILLE (ID_VILLE, VIL_LIBELLE, ID_PAYS) VALUES ('859', 'VERA CRUZ', '116');
INSERT INTO VILLE (ID_VILLE, VIL_LIBELLE, ID_PAYS) VALUES ('860', 'VIGO', '56');
INSERT INTO VILLE (ID_VILLE, VIL_LIBELLE, ID_PAYS) VALUES ('861', 'VICHY', '62');
INSERT INTO VILLE (ID_VILLE, VIL_LIBELLE, ID_PAYS) VALUES ('862', 'VITORIA', '56');
INSERT INTO VILLE (ID_VILLE, VIL_LIBELLE, ID_PAYS) VALUES ('863', 'VALLADOLID_VILLE', '56');
INSERT INTO VILLE (ID_VILLE, VIL_LIBELLE, ID_PAYS) VALUES ('864', 'VALENCIA', '192');
INSERT INTO VILLE (ID_VILLE, VIL_LIBELLE, ID_PAYS) VALUES ('865', 'VANNES', '62');
INSERT INTO VILLE (ID_VILLE, VIL_LIBELLE, ID_PAYS) VALUES ('866', 'Bénarès', '79');
INSERT INTO VILLE (ID_VILLE, VIL_LIBELLE, ID_PAYS) VALUES ('867', 'VOLGOGRAD', '150');
INSERT INTO VILLE (ID_VILLE, VIL_LIBELLE, ID_PAYS) VALUES ('868', 'VOLOS', '67');
INSERT INTO VILLE (ID_VILLE, VIL_LIBELLE, ID_PAYS) VALUES ('869', 'VILA REAL', '142');
INSERT INTO VILLE (ID_VILLE, VIL_LIBELLE, ID_PAYS) VALUES ('870', 'VERONE', '86');
INSERT INTO VILLE (ID_VILLE, VIL_LIBELLE, ID_PAYS) VALUES ('871', 'VILLAHERMOSA', '116');
INSERT INTO VILLE (ID_VILLE, VIL_LIBELLE, ID_PAYS) VALUES ('872', 'VASTERAS', '171');
INSERT INTO VILLE (ID_VILLE, VIL_LIBELLE, ID_PAYS) VALUES ('873', 'VITTEL', '62');
INSERT INTO VILLE (ID_VILLE, VIL_LIBELLE, ID_PAYS) VALUES ('874', 'AMBATONDRAZAKA', '106');
INSERT INTO VILLE (ID_VILLE, VIL_LIBELLE, ID_PAYS) VALUES ('875', 'BOULDER (CO)', '58');
INSERT INTO VILLE (ID_VILLE, VIL_LIBELLE, ID_PAYS) VALUES ('876', 'FIANARANTSOA', '106');
INSERT INTO VILLE (ID_VILLE, VIL_LIBELLE, ID_PAYS) VALUES ('877', 'WICK', '149');
INSERT INTO VILLE (ID_VILLE, VIL_LIBELLE, ID_PAYS) VALUES ('878', 'TSIROANOMANDID_VILLEY', '106');
INSERT INTO VILLE (ID_VILLE, VIL_LIBELLE, ID_PAYS) VALUES ('879', 'MANAKARA', '106');
INSERT INTO VILLE (ID_VILLE, VIL_LIBELLE, ID_PAYS) VALUES ('880', 'DIEBOUGOU', '31');
INSERT INTO VILLE (ID_VILLE, VIL_LIBELLE, ID_PAYS) VALUES ('881', 'XIANG FAN', '38');
INSERT INTO VILLE (ID_VILLE, VIL_LIBELLE, ID_PAYS) VALUES ('882', 'XIAMEN', '38');
INSERT INTO VILLE (ID_VILLE, VIL_LIBELLE, ID_PAYS) VALUES ('883', 'NOUNA', '31');
INSERT INTO VILLE (ID_VILLE, VIL_LIBELLE, ID_PAYS) VALUES ('884', 'NANAIMO', '35');
INSERT INTO VILLE (ID_VILLE, VIL_LIBELLE, ID_PAYS) VALUES ('885', 'SAINT CATHARINES', '35');
INSERT INTO VILLE (ID_VILLE, VIL_LIBELLE, ID_PAYS) VALUES ('886', 'AMOS (QU)', '35');
INSERT INTO VILLE (ID_VILLE, VIL_LIBELLE, ID_PAYS) VALUES ('887', 'IQALUIT (NT)', '35');
INSERT INTO VILLE (ID_VILLE, VIL_LIBELLE, ID_PAYS) VALUES ('888', 'FREDERICTON', '35');
INSERT INTO VILLE (ID_VILLE, VIL_LIBELLE, ID_PAYS) VALUES ('889', 'KINGSTON (OT)', '35');
INSERT INTO VILLE (ID_VILLE, VIL_LIBELLE, ID_PAYS) VALUES ('890', 'HAMILTON (OT)', '35');
INSERT INTO VILLE (ID_VILLE, VIL_LIBELLE, ID_PAYS) VALUES ('891', 'HALIFAX', '35');
INSERT INTO VILLE (ID_VILLE, VIL_LIBELLE, ID_PAYS) VALUES ('892', 'STEPHENVILLE (NF)', '35');
INSERT INTO VILLE (ID_VILLE, VIL_LIBELLE, ID_PAYS) VALUES ('893', 'KAMLOOPS', '35');
INSERT INTO VILLE (ID_VILLE, VIL_LIBELLE, ID_PAYS) VALUES ('894', 'MERRITT', '35');
INSERT INTO VILLE (ID_VILLE, VIL_LIBELLE, ID_PAYS) VALUES ('895', 'YOLA', '127');
INSERT INTO VILLE (ID_VILLE, VIL_LIBELLE, ID_PAYS) VALUES ('896', 'PETERBOROUGH', '35');
INSERT INTO VILLE (ID_VILLE, VIL_LIBELLE, ID_PAYS) VALUES ('897', 'WINDSOR', '35');
INSERT INTO VILLE (ID_VILLE, VIL_LIBELLE, ID_PAYS) VALUES ('898', 'YARMOUTH', '35');
INSERT INTO VILLE (ID_VILLE, VIL_LIBELLE, ID_PAYS) VALUES ('899', 'REGINA', '35');
INSERT INTO VILLE (ID_VILLE, VIL_LIBELLE, ID_PAYS) VALUES ('900', 'Trois-Rivières (QU)', '35');
INSERT INTO VILLE (ID_VILLE, VIL_LIBELLE, ID_PAYS) VALUES ('901', 'SUDBURY', '35');
INSERT INTO VILLE (ID_VILLE, VIL_LIBELLE, ID_PAYS) VALUES ('902', 'SHERBROOKE', '35');
INSERT INTO VILLE (ID_VILLE, VIL_LIBELLE, ID_PAYS) VALUES ('903', 'ST-JEAN (TERRE NEUVE)', '35');
INSERT INTO VILLE (ID_VILLE, VIL_LIBELLE, ID_PAYS) VALUES ('904', 'ALMA', '35');
INSERT INTO VILLE (ID_VILLE, VIL_LIBELLE, ID_PAYS) VALUES ('905', 'ROUYN-NORANDA', '35');
INSERT INTO VILLE (ID_VILLE, VIL_LIBELLE, ID_PAYS) VALUES ('906', 'SASKATOON', '35');
INSERT INTO VILLE (ID_VILLE, VIL_LIBELLE, ID_PAYS) VALUES ('907', 'RIMOUSKI (QU)', '35');
INSERT INTO VILLE (ID_VILLE, VIL_LIBELLE, ID_PAYS) VALUES ('908', 'LONDON', '35');
INSERT INTO VILLE (ID_VILLE, VIL_LIBELLE, ID_PAYS) VALUES ('909', 'WHITEHORSE (YUKON)', '35');
INSERT INTO VILLE (ID_VILLE, VIL_LIBELLE, ID_PAYS) VALUES ('910', 'SMITHERS', '35');
INSERT INTO VILLE (ID_VILLE, VIL_LIBELLE, ID_PAYS) VALUES ('911', 'YELLOWKNIFE (NT)', '35');
INSERT INTO VILLE (ID_VILLE, VIL_LIBELLE, ID_PAYS) VALUES ('912', 'ZADAR', '162');
INSERT INTO VILLE (ID_VILLE, VIL_LIBELLE, ID_PAYS) VALUES ('913', 'VALDIVIA', '37');
INSERT INTO VILLE (ID_VILLE, VIL_LIBELLE, ID_PAYS) VALUES ('914', 'CAHORS', '62');
INSERT INTO VILLE (ID_VILLE, VIL_LIBELLE, ID_PAYS) VALUES ('915', 'ZARIA', '127');
INSERT INTO VILLE (ID_VILLE, VIL_LIBELLE, ID_PAYS) VALUES ('916', 'TEMUCO', '37');
INSERT INTO VILLE (ID_VILLE, VIL_LIBELLE, ID_PAYS) VALUES ('917', 'ZIGUINCHOR', '161');
INSERT INTO VILLE (ID_VILLE, VIL_LIBELLE, ID_PAYS) VALUES ('918', 'ZINDER', '126');
INSERT INTO VILLE (ID_VILLE, VIL_LIBELLE, ID_PAYS) VALUES ('919', 'ZANZIBAR', '178');
INSERT INTO VILLE (ID_VILLE, VIL_LIBELLE, ID_PAYS) VALUES ('920', 'OSORNO', '37');
INSERT INTO VILLE (ID_VILLE, VIL_LIBELLE, ID_PAYS) VALUES ('921', 'ZWIJNDRECHT', '138');
INSERT INTO VILLE (ID_VILLE, VIL_LIBELLE, ID_PAYS) VALUES ('922', 'VLISSINGEN', '138');
INSERT INTO VILLE (ID_VILLE, VIL_LIBELLE, ID_PAYS) VALUES ('923', 'MACERATA', '86');
INSERT INTO VILLE (ID_VILLE, VIL_LIBELLE, ID_PAYS) VALUES ('924', 'CLARK', '58');
INSERT INTO VILLE (ID_VILLE, VIL_LIBELLE, ID_PAYS) VALUES ('925', 'TURKWEL', '92');
INSERT INTO VILLE (ID_VILLE, VIL_LIBELLE, ID_PAYS) VALUES ('926', 'LUASONG', '107');
INSERT INTO VILLE (ID_VILLE, VIL_LIBELLE, ID_PAYS) VALUES ('927', 'Ta''izz', '194');
INSERT INTO VILLE (ID_VILLE, VIL_LIBELLE, ID_PAYS) VALUES ('928', 'Heredia', '45');
INSERT INTO VILLE (ID_VILLE, VIL_LIBELLE, ID_PAYS) VALUES ('929', 'FIUGGI', '86');
INSERT INTO VILLE (ID_VILLE, VIL_LIBELLE, ID_PAYS) VALUES ('930', 'URBANA', '58');
INSERT INTO VILLE (ID_VILLE, VIL_LIBELLE, ID_PAYS) VALUES ('931', 'ANNARBOR', '58');
INSERT INTO VILLE (ID_VILLE, VIL_LIBELLE, ID_PAYS) VALUES ('933', 'GARCHING', '5');
INSERT INTO VILLE (ID_VILLE, VIL_LIBELLE, ID_PAYS) VALUES ('934', 'NORTHAMPTON (MASSACHUSETTS)', '58');
INSERT INTO VILLE (ID_VILLE, VIL_LIBELLE, ID_PAYS) VALUES ('935', 'BESTHESDA (MARYLAND)', '58');
INSERT INTO VILLE (ID_VILLE, VIL_LIBELLE, ID_PAYS) VALUES ('936', 'MAROUBRA', '12');
INSERT INTO VILLE (ID_VILLE, VIL_LIBELLE, ID_PAYS) VALUES ('937', 'CHIWESHE', '196');
INSERT INTO VILLE (ID_VILLE, VIL_LIBELLE, ID_PAYS) VALUES ('938', 'DANVILLE (ALABAMA)', '58');
INSERT INTO VILLE (ID_VILLE, VIL_LIBELLE, ID_PAYS) VALUES ('939', 'LAXENBURG', '13');
INSERT INTO VILLE (ID_VILLE, VIL_LIBELLE, ID_PAYS) VALUES ('940', 'TIZNIT', '112');
INSERT INTO VILLE (ID_VILLE, VIL_LIBELLE, ID_PAYS) VALUES ('941', 'KIAMBOGO', '131');
INSERT INTO VILLE (ID_VILLE, VIL_LIBELLE, ID_PAYS) VALUES ('942', 'CHANG''OMBE', '178');
INSERT INTO VILLE (ID_VILLE, VIL_LIBELLE, ID_PAYS) VALUES ('943', 'ROSS (CALIFORNIE)', '58');
INSERT INTO VILLE (ID_VILLE, VIL_LIBELLE, ID_PAYS) VALUES ('944', 'VAN NUYS (CALIFORNIE)', '58');
INSERT INTO VILLE (ID_VILLE, VIL_LIBELLE, ID_PAYS) VALUES ('945', 'DAVIS (CALIFORNIE)', '58');
INSERT INTO VILLE (ID_VILLE, VIL_LIBELLE, ID_PAYS) VALUES ('946', 'BLOOMFIELD-HIUS (MICHIGAN)', '58');
INSERT INTO VILLE (ID_VILLE, VIL_LIBELLE, ID_PAYS) VALUES ('947', 'BRYN MAWR (PENNSYLVANNIE)', '58');
INSERT INTO VILLE (ID_VILLE, VIL_LIBELLE, ID_PAYS) VALUES ('948', 'EVANSTON (ILLINOIS)', '58');
INSERT INTO VILLE (ID_VILLE, VIL_LIBELLE, ID_PAYS) VALUES ('949', 'ORLAND (CALIFORNIE)', '58');
INSERT INTO VILLE (ID_VILLE, VIL_LIBELLE, ID_PAYS) VALUES ('950', 'NOTRE-DAME (INDIANA)', '58');
INSERT INTO VILLE (ID_VILLE, VIL_LIBELLE, ID_PAYS) VALUES ('951', 'IRVINE (CALIFORNIE)', '58');
INSERT INTO VILLE (ID_VILLE, VIL_LIBELLE, ID_PAYS) VALUES ('952', 'TONSBERG', '128');
INSERT INTO VILLE (ID_VILLE, VIL_LIBELLE, ID_PAYS) VALUES ('953', 'HORTEN', '128');
INSERT INTO VILLE (ID_VILLE, VIL_LIBELLE, ID_PAYS) VALUES ('954', 'ORPINGTON', '149');
INSERT INTO VILLE (ID_VILLE, VIL_LIBELLE, ID_PAYS) VALUES ('955', 'KAVLINGE', '171');
INSERT INTO VILLE (ID_VILLE, VIL_LIBELLE, ID_PAYS) VALUES ('956', 'CHARLESTOWN (MASSASUCHETTS)', '58');
INSERT INTO VILLE (ID_VILLE, VIL_LIBELLE, ID_PAYS) VALUES ('957', 'CHAPEL HILL (N CAROLINE)', '58');
INSERT INTO VILLE (ID_VILLE, VIL_LIBELLE, ID_PAYS) VALUES ('958', 'BIKITA', '196');
INSERT INTO VILLE (ID_VILLE, VIL_LIBELLE, ID_PAYS) VALUES ('959', 'KEBILI', '185');
INSERT INTO VILLE (ID_VILLE, VIL_LIBELLE, ID_PAYS) VALUES ('960', 'JENDOUBA', '185');
INSERT INTO VILLE (ID_VILLE, VIL_LIBELLE, ID_PAYS) VALUES ('961', 'LE KEF', '185');
INSERT INTO VILLE (ID_VILLE, VIL_LIBELLE, ID_PAYS) VALUES ('962', 'SILIANA', '185');
INSERT INTO VILLE (ID_VILLE, VIL_LIBELLE, ID_PAYS) VALUES ('963', 'KASSERINE', '185');
INSERT INTO VILLE (ID_VILLE, VIL_LIBELLE, ID_PAYS) VALUES ('964', 'KAIROUAN', '185');
INSERT INTO VILLE (ID_VILLE, VIL_LIBELLE, ID_PAYS) VALUES ('965', 'MAHDIA', '185');
INSERT INTO VILLE (ID_VILLE, VIL_LIBELLE, ID_PAYS) VALUES ('966', 'ARIANA', '185');
INSERT INTO VILLE (ID_VILLE, VIL_LIBELLE, ID_PAYS) VALUES ('967', 'BEN AROUS', '185');
INSERT INTO VILLE (ID_VILLE, VIL_LIBELLE, ID_PAYS) VALUES ('968', 'BOU ARGOUB', '185');
INSERT INTO VILLE (ID_VILLE, VIL_LIBELLE, ID_PAYS) VALUES ('969', 'BOU CHERIK', '185');
INSERT INTO VILLE (ID_VILLE, VIL_LIBELLE, ID_PAYS) VALUES ('970', 'EL OUARDIA', '185');
INSERT INTO VILLE (ID_VILLE, VIL_LIBELLE, ID_PAYS) VALUES ('971', 'GAMMARTH', '185');
INSERT INTO VILLE (ID_VILLE, VIL_LIBELLE, ID_PAYS) VALUES ('972', 'GHARDIMAOU', '185');
INSERT INTO VILLE (ID_VILLE, VIL_LIBELLE, ID_PAYS) VALUES ('973', 'GROMBALIA', '185');
INSERT INTO VILLE (ID_VILLE, VIL_LIBELLE, ID_PAYS) VALUES ('974', 'KALAA KEBIRA', '185');
INSERT INTO VILLE (ID_VILLE, VIL_LIBELLE, ID_PAYS) VALUES ('975', 'KALAA SGHIRA', '185');
INSERT INTO VILLE (ID_VILLE, VIL_LIBELLE, ID_PAYS) VALUES ('976', 'KASSAR SAID_VILLE', '185');
INSERT INTO VILLE (ID_VILLE, VIL_LIBELLE, ID_PAYS) VALUES ('977', 'KERKENNAH', '185');
INSERT INTO VILLE (ID_VILLE, VIL_LIBELLE, ID_PAYS) VALUES ('978', 'LA GOULETTE', '185');
INSERT INTO VILLE (ID_VILLE, VIL_LIBELLE, ID_PAYS) VALUES ('979', 'LA MANOUBA', '185');
INSERT INTO VILLE (ID_VILLE, VIL_LIBELLE, ID_PAYS) VALUES ('980', 'MAKTAR', '185');
INSERT INTO VILLE (ID_VILLE, VIL_LIBELLE, ID_PAYS) VALUES ('981', 'RADES', '185');
INSERT INTO VILLE (ID_VILLE, VIL_LIBELLE, ID_PAYS) VALUES ('982', 'TABARKA', '185');
INSERT INTO VILLE (ID_VILLE, VIL_LIBELLE, ID_PAYS) VALUES ('983', 'THIBAR', '185');
INSERT INTO VILLE (ID_VILLE, VIL_LIBELLE, ID_PAYS) VALUES ('984', 'ZAGHOUAN', '185');
INSERT INTO VILLE (ID_VILLE, VIL_LIBELLE, ID_PAYS) VALUES ('985', 'ZARZIS', '185');
INSERT INTO VILLE (ID_VILLE, VIL_LIBELLE, ID_PAYS) VALUES ('986', 'MENZEL TEMINE', '185');
INSERT INTO VILLE (ID_VILLE, VIL_LIBELLE, ID_PAYS) VALUES ('987', 'Darmstadt', '5');
INSERT INTO VILLE (ID_VILLE, VIL_LIBELLE, ID_PAYS) VALUES ('988', 'BRUNSWICK', '5');
INSERT INTO VILLE (ID_VILLE, VIL_LIBELLE, ID_PAYS) VALUES ('989', 'PADEBORN', '5');
INSERT INTO VILLE (ID_VILLE, VIL_LIBELLE, ID_PAYS) VALUES ('990', 'TWENTE', '138');
INSERT INTO VILLE (ID_VILLE, VIL_LIBELLE, ID_PAYS) VALUES ('991', 'BERWICK (VICTORIA)', '12');
INSERT INTO VILLE (ID_VILLE, VIL_LIBELLE, ID_PAYS) VALUES ('992', 'ROLLE', '172');
INSERT INTO VILLE (ID_VILLE, VIL_LIBELLE, ID_PAYS) VALUES ('993', 'PETIT LANCRY', '172');
INSERT INTO VILLE (ID_VILLE, VIL_LIBELLE, ID_PAYS) VALUES ('994', 'CONFIGNON', '172');
INSERT INTO VILLE (ID_VILLE, VIL_LIBELLE, ID_PAYS) VALUES ('995', 'LEYSIN', '172');
INSERT INTO VILLE (ID_VILLE, VIL_LIBELLE, ID_PAYS) VALUES ('996', 'WALSALL', '149');
INSERT INTO VILLE (ID_VILLE, VIL_LIBELLE, ID_PAYS) VALUES ('997', 'WINDSOR', '149');
INSERT INTO VILLE (ID_VILLE, VIL_LIBELLE, ID_PAYS) VALUES ('998', 'AMBLE', '149');
INSERT INTO VILLE (ID_VILLE, VIL_LIBELLE, ID_PAYS) VALUES ('999', 'LANCASTER', '149');
INSERT INTO VILLE (ID_VILLE, VIL_LIBELLE, ID_PAYS) VALUES ('1000', 'NEATH', '149');
INSERT INTO VILLE (ID_VILLE, VIL_LIBELLE, ID_PAYS) VALUES ('1001', 'GRIMSBY', '149');
INSERT INTO VILLE (ID_VILLE, VIL_LIBELLE, ID_PAYS) VALUES ('1002', 'KEITH', '149');
INSERT INTO VILLE (ID_VILLE, VIL_LIBELLE, ID_PAYS) VALUES ('1003', 'ASHFORD (KENT)', '149');
INSERT INTO VILLE (ID_VILLE, VIL_LIBELLE, ID_PAYS) VALUES ('1004', 'ALNWICK', '149');
INSERT INTO VILLE (ID_VILLE, VIL_LIBELLE, ID_PAYS) VALUES ('1005', 'PETERBOROUGH', '149');
INSERT INTO VILLE (ID_VILLE, VIL_LIBELLE, ID_PAYS) VALUES ('1006', 'ST ANDREWS', '149');
INSERT INTO VILLE (ID_VILLE, VIL_LIBELLE, ID_PAYS) VALUES ('1007', 'WREXHAM', '149');
INSERT INTO VILLE (ID_VILLE, VIL_LIBELLE, ID_PAYS) VALUES ('1008', 'WINCHESTER', '149');
INSERT INTO VILLE (ID_VILLE, VIL_LIBELLE, ID_PAYS) VALUES ('1009', 'EPPING', '149');
INSERT INTO VILLE (ID_VILLE, VIL_LIBELLE, ID_PAYS) VALUES ('1010', 'ILFORD', '149');
INSERT INTO VILLE (ID_VILLE, VIL_LIBELLE, ID_PAYS) VALUES ('1011', 'HAREWOOD', '149');
INSERT INTO VILLE (ID_VILLE, VIL_LIBELLE, ID_PAYS) VALUES ('1012', 'EGHAM', '149');
INSERT INTO VILLE (ID_VILLE, VIL_LIBELLE, ID_PAYS) VALUES ('1013', 'MORDEN (LONDRES)', '149');
INSERT INTO VILLE (ID_VILLE, VIL_LIBELLE, ID_PAYS) VALUES ('1014', 'STRABANE', '83');
INSERT INTO VILLE (ID_VILLE, VIL_LIBELLE, ID_PAYS) VALUES ('1015', 'READING', '149');
INSERT INTO VILLE (ID_VILLE, VIL_LIBELLE, ID_PAYS) VALUES ('1016', 'ARANCAJUA', '37');
INSERT INTO VILLE (ID_VILLE, VIL_LIBELLE, ID_PAYS) VALUES ('1017', 'MARIARA', '192');
INSERT INTO VILLE (ID_VILLE, VIL_LIBELLE, ID_PAYS) VALUES ('1018', 'BOONE (N. CAROLINE)', '58');
INSERT INTO VILLE (ID_VILLE, VIL_LIBELLE, ID_PAYS) VALUES ('1019', 'BEND (OREGON)', '58');
INSERT INTO VILLE (ID_VILLE, VIL_LIBELLE, ID_PAYS) VALUES ('1020', 'NEW HAMPSHIRE', '58');
INSERT INTO VILLE (ID_VILLE, VIL_LIBELLE, ID_PAYS) VALUES ('1021', 'ARLINGTON (MASSACHUCHETS)', '58');
INSERT INTO VILLE (ID_VILLE, VIL_LIBELLE, ID_PAYS) VALUES ('1022', 'CORONA (CALIFORNIE)', '58');
INSERT INTO VILLE (ID_VILLE, VIL_LIBELLE, ID_PAYS) VALUES ('1023', 'MOREHEAD (KENTUCKY)', '58');
INSERT INTO VILLE (ID_VILLE, VIL_LIBELLE, ID_PAYS) VALUES ('1024', 'SOUTH HADLEY (MASSACHUSETTS)', '58');
INSERT INTO VILLE (ID_VILLE, VIL_LIBELLE, ID_PAYS) VALUES ('1025', 'MARILAND (NEW YORK)', '58');
INSERT INTO VILLE (ID_VILLE, VIL_LIBELLE, ID_PAYS) VALUES ('1026', 'FLUSHING (NEW YORK)', '58');
INSERT INTO VILLE (ID_VILLE, VIL_LIBELLE, ID_PAYS) VALUES ('1027', 'ATHENS (GEORGIE)', '58');
INSERT INTO VILLE (ID_VILLE, VIL_LIBELLE, ID_PAYS) VALUES ('1028', 'CARNEGIE (PENSYLVANIE)', '58');
INSERT INTO VILLE (ID_VILLE, VIL_LIBELLE, ID_PAYS) VALUES ('1029', 'WESTMONT (ILLINOIS)', '58');
INSERT INTO VILLE (ID_VILLE, VIL_LIBELLE, ID_PAYS) VALUES ('1030', 'HAMPDEN (VIRGINIE)', '58');
INSERT INTO VILLE (ID_VILLE, VIL_LIBELLE, ID_PAYS) VALUES ('1031', 'MICHIGAN (DAKOTA)', '58');
INSERT INTO VILLE (ID_VILLE, VIL_LIBELLE, ID_PAYS) VALUES ('1032', 'SANTA CLARA (CALIFORNIE)', '58');
INSERT INTO VILLE (ID_VILLE, VIL_LIBELLE, ID_PAYS) VALUES ('1033', 'SHERMAN OAKS (CALIFORNIE)', '58');
INSERT INTO VILLE (ID_VILLE, VIL_LIBELLE, ID_PAYS) VALUES ('1034', 'LONG BAR HARBOR', '58');
INSERT INTO VILLE (ID_VILLE, VIL_LIBELLE, ID_PAYS) VALUES ('1035', 'WEST HARTFORD (CONNECTICUT)', '58');
INSERT INTO VILLE (ID_VILLE, VIL_LIBELLE, ID_PAYS) VALUES ('1036', 'BRUNSWICK (NEW JERSEY)', '58');
INSERT INTO VILLE (ID_VILLE, VIL_LIBELLE, ID_PAYS) VALUES ('1037', 'BARBELOTH', '5');
INSERT INTO VILLE (ID_VILLE, VIL_LIBELLE, ID_PAYS) VALUES ('1038', 'REGENSBURG', '5');
INSERT INTO VILLE (ID_VILLE, VIL_LIBELLE, ID_PAYS) VALUES ('1039', 'BEDFORD', '149');
INSERT INTO VILLE (ID_VILLE, VIL_LIBELLE, ID_PAYS) VALUES ('1040', 'ST-HYACINTHE (QUEBEC)', '35');
INSERT INTO VILLE (ID_VILLE, VIL_LIBELLE, ID_PAYS) VALUES ('1041', 'NAGAOKA', '88');
INSERT INTO VILLE (ID_VILLE, VIL_LIBELLE, ID_PAYS) VALUES ('1042', 'HARPENDEN', '149');
INSERT INTO VILLE (ID_VILLE, VIL_LIBELLE, ID_PAYS) VALUES ('1043', 'TWYFORD', '149');
INSERT INTO VILLE (ID_VILLE, VIL_LIBELLE, ID_PAYS) VALUES ('1044', 'SOCORO (NEW MEXIQUE)', '58');
INSERT INTO VILLE (ID_VILLE, VIL_LIBELLE, ID_PAYS) VALUES ('1045', 'NEWARK (NEW JERSEY)', '58');
INSERT INTO VILLE (ID_VILLE, VIL_LIBELLE, ID_PAYS) VALUES ('1046', 'LA JOLLA (CALIFORNIE)', '58');
INSERT INTO VILLE (ID_VILLE, VIL_LIBELLE, ID_PAYS) VALUES ('1047', 'WALTHAM (MS)', '58');
INSERT INTO VILLE (ID_VILLE, VIL_LIBELLE, ID_PAYS) VALUES ('1048', 'MAHWAH (NEW JERSEY)', '58');
INSERT INTO VILLE (ID_VILLE, VIL_LIBELLE, ID_PAYS) VALUES ('1049', 'BILLERICA', '58');
INSERT INTO VILLE (ID_VILLE, VIL_LIBELLE, ID_PAYS) VALUES ('1050', 'PARAMUS (N.J)', '58');
INSERT INTO VILLE (ID_VILLE, VIL_LIBELLE, ID_PAYS) VALUES ('1051', 'NORTHRID_VILLEGE (CALIFORNIE)', '58');
INSERT INTO VILLE (ID_VILLE, VIL_LIBELLE, ID_PAYS) VALUES ('1052', 'SCHIFFERSTADT', '5');
INSERT INTO VILLE (ID_VILLE, VIL_LIBELLE, ID_PAYS) VALUES ('1053', 'NURTINGEN', '5');
INSERT INTO VILLE (ID_VILLE, VIL_LIBELLE, ID_PAYS) VALUES ('1054', 'WALSRODE', '5');
INSERT INTO VILLE (ID_VILLE, VIL_LIBELLE, ID_PAYS) VALUES ('1055', 'SAINT-BLASIEN', '5');
INSERT INTO VILLE (ID_VILLE, VIL_LIBELLE, ID_PAYS) VALUES ('1056', 'BREISACH', '5');
INSERT INTO VILLE (ID_VILLE, VIL_LIBELLE, ID_PAYS) VALUES ('1057', 'GUIMARAES', '142');
INSERT INTO VILLE (ID_VILLE, VIL_LIBELLE, ID_PAYS) VALUES ('1058', 'RIVER FOREST (ILLINOIS)', '58');
INSERT INTO VILLE (ID_VILLE, VIL_LIBELLE, ID_PAYS) VALUES ('1059', 'SOUTHFIELD (MICHIGAN)', '58');
INSERT INTO VILLE (ID_VILLE, VIL_LIBELLE, ID_PAYS) VALUES ('1060', 'BIGHMATON', '58');
INSERT INTO VILLE (ID_VILLE, VIL_LIBELLE, ID_PAYS) VALUES ('1061', 'MID_VILLEDLEBURY (VERMONT)', '58');
INSERT INTO VILLE (ID_VILLE, VIL_LIBELLE, ID_PAYS) VALUES ('1062', 'COLLEGE-STATION (TEXAS)', '58');
INSERT INTO VILLE (ID_VILLE, VIL_LIBELLE, ID_PAYS) VALUES ('1063', 'RESEDA (CALIFORNIE)', '58');
INSERT INTO VILLE (ID_VILLE, VIL_LIBELLE, ID_PAYS) VALUES ('1064', 'TUNJA', '40');
INSERT INTO VILLE (ID_VILLE, VIL_LIBELLE, ID_PAYS) VALUES ('1065', 'CHOTT MERIEM', '185');
INSERT INTO VILLE (ID_VILLE, VIL_LIBELLE, ID_PAYS) VALUES ('1066', 'MOGHRANE', '185');
INSERT INTO VILLE (ID_VILLE, VIL_LIBELLE, ID_PAYS) VALUES ('1067', 'CHATEL SAINT-DENIS', '172');
INSERT INTO VILLE (ID_VILLE, VIL_LIBELLE, ID_PAYS) VALUES ('1068', 'VERSOIX', '172');
INSERT INTO VILLE (ID_VILLE, VIL_LIBELLE, ID_PAYS) VALUES ('1069', 'NYON', '172');
INSERT INTO VILLE (ID_VILLE, VIL_LIBELLE, ID_PAYS) VALUES ('1070', 'RENENS', '172');
INSERT INTO VILLE (ID_VILLE, VIL_LIBELLE, ID_PAYS) VALUES ('1071', 'VERDUN', '35');
INSERT INTO VILLE (ID_VILLE, VIL_LIBELLE, ID_PAYS) VALUES ('1072', 'ST JOVITE', '35');
INSERT INTO VILLE (ID_VILLE, VIL_LIBELLE, ID_PAYS) VALUES ('1073', 'WATERLOO (ONTARIO)', '35');
INSERT INTO VILLE (ID_VILLE, VIL_LIBELLE, ID_PAYS) VALUES ('1074', 'SAULT STE MARIE', '35');
INSERT INTO VILLE (ID_VILLE, VIL_LIBELLE, ID_PAYS) VALUES ('1075', 'SURIN', '180');
INSERT INTO VILLE (ID_VILLE, VIL_LIBELLE, ID_PAYS) VALUES ('1076', 'MANTOUE', '86');
INSERT INTO VILLE (ID_VILLE, VIL_LIBELLE, ID_PAYS) VALUES ('1077', 'LORETTEVILLE', '35');
INSERT INTO VILLE (ID_VILLE, VIL_LIBELLE, ID_PAYS) VALUES ('1078', 'PORTNEUF', '35');
INSERT INTO VILLE (ID_VILLE, VIL_LIBELLE, ID_PAYS) VALUES ('1079', 'AYLMER', '35');
INSERT INTO VILLE (ID_VILLE, VIL_LIBELLE, ID_PAYS) VALUES ('1080', 'ALBERTA', '35');
INSERT INTO VILLE (ID_VILLE, VIL_LIBELLE, ID_PAYS) VALUES ('1081', 'KABWE', '195');
INSERT INTO VILLE (ID_VILLE, VIL_LIBELLE, ID_PAYS) VALUES ('1082', 'BAD BERGZABERN', '5');
INSERT INTO VILLE (ID_VILLE, VIL_LIBELLE, ID_PAYS) VALUES ('1083', 'SCHWEINFURT', '5');
INSERT INTO VILLE (ID_VILLE, VIL_LIBELLE, ID_PAYS) VALUES ('1084', 'HAMM', '5');
INSERT INTO VILLE (ID_VILLE, VIL_LIBELLE, ID_PAYS) VALUES ('1085', 'PEDREGULHO', '28');
INSERT INTO VILLE (ID_VILLE, VIL_LIBELLE, ID_PAYS) VALUES ('1086', 'LA CELLE-SAINT-CLOUD', '62');
INSERT INTO VILLE (ID_VILLE, VIL_LIBELLE, ID_PAYS) VALUES ('1087', 'BAMBERG', '5');
INSERT INTO VILLE (ID_VILLE, VIL_LIBELLE, ID_PAYS) VALUES ('1088', 'VARENNE', '35');
INSERT INTO VILLE (ID_VILLE, VIL_LIBELLE, ID_PAYS) VALUES ('1089', 'XALAPA', '116');
INSERT INTO VILLE (ID_VILLE, VIL_LIBELLE, ID_PAYS) VALUES ('1090', 'MITCHELL''S PLAIN', '2');
INSERT INTO VILLE (ID_VILLE, VIL_LIBELLE, ID_PAYS) VALUES ('1091', 'HARRICANAW', '35');
INSERT INTO VILLE (ID_VILLE, VIL_LIBELLE, ID_PAYS) VALUES ('1092', 'TEMPE (ARIZONA)', '58');
INSERT INTO VILLE (ID_VILLE, VIL_LIBELLE, ID_PAYS) VALUES ('1093', 'CALIFORNIA (PA)', '58');
INSERT INTO VILLE (ID_VILLE, VIL_LIBELLE, ID_PAYS) VALUES ('1094', 'RICHARDSON (TX)', '58');
INSERT INTO VILLE (ID_VILLE, VIL_LIBELLE, ID_PAYS) VALUES ('1095', 'ARGONNE (ILLINOIS)', '58');
INSERT INTO VILLE (ID_VILLE, VIL_LIBELLE, ID_PAYS) VALUES ('1096', 'VELBERT', '5');
INSERT INTO VILLE (ID_VILLE, VIL_LIBELLE, ID_PAYS) VALUES ('1097', 'GIFHORN', '5');
INSERT INTO VILLE (ID_VILLE, VIL_LIBELLE, ID_PAYS) VALUES ('1098', 'TOWSON', '58');
INSERT INTO VILLE (ID_VILLE, VIL_LIBELLE, ID_PAYS) VALUES ('1099', 'SYLVANIA', '58');
INSERT INTO VILLE (ID_VILLE, VIL_LIBELLE, ID_PAYS) VALUES ('1100', 'SILVER SPRING', '58');
INSERT INTO VILLE (ID_VILLE, VIL_LIBELLE, ID_PAYS) VALUES ('1101', 'CHASKA', '58');
INSERT INTO VILLE (ID_VILLE, VIL_LIBELLE, ID_PAYS) VALUES ('1102', 'EDEN PRAIRIE', '58');
INSERT INTO VILLE (ID_VILLE, VIL_LIBELLE, ID_PAYS) VALUES ('1103', 'OTHA', '88');
INSERT INTO VILLE (ID_VILLE, VIL_LIBELLE, ID_PAYS) VALUES ('1104', 'TSUKUBA', '88');
INSERT INTO VILLE (ID_VILLE, VIL_LIBELLE, ID_PAYS) VALUES ('1105', 'DRAWER CH (MISSISSIPI)', '58');
INSERT INTO VILLE (ID_VILLE, VIL_LIBELLE, ID_PAYS) VALUES ('1106', 'YAVNE', '85');
INSERT INTO VILLE (ID_VILLE, VIL_LIBELLE, ID_PAYS) VALUES ('1107', 'AZIZAL', '112');
INSERT INTO VILLE (ID_VILLE, VIL_LIBELLE, ID_PAYS) VALUES ('1108', 'BEN SLIMANE', '112');
INSERT INTO VILLE (ID_VILLE, VIL_LIBELLE, ID_PAYS) VALUES ('1109', 'BENI MELLAL', '112');
INSERT INTO VILLE (ID_VILLE, VIL_LIBELLE, ID_PAYS) VALUES ('1110', 'ESSOUIRA', '112');
INSERT INTO VILLE (ID_VILLE, VIL_LIBELLE, ID_PAYS) VALUES ('1111', 'INEZGANE', '112');
INSERT INTO VILLE (ID_VILLE, VIL_LIBELLE, ID_PAYS) VALUES ('1112', 'KHEMISSET', '112');
INSERT INTO VILLE (ID_VILLE, VIL_LIBELLE, ID_PAYS) VALUES ('1113', 'Salé', '112');
INSERT INTO VILLE (ID_VILLE, VIL_LIBELLE, ID_PAYS) VALUES ('1114', 'SETTAT', '112');
INSERT INTO VILLE (ID_VILLE, VIL_LIBELLE, ID_PAYS) VALUES ('1115', 'TAZA', '112');
INSERT INTO VILLE (ID_VILLE, VIL_LIBELLE, ID_PAYS) VALUES ('1116', 'TIFLET', '112');
INSERT INTO VILLE (ID_VILLE, VIL_LIBELLE, ID_PAYS) VALUES ('1117', 'TAROUDANT', '112');
INSERT INTO VILLE (ID_VILLE, VIL_LIBELLE, ID_PAYS) VALUES ('1118', 'KHOURIBGA', '112');
INSERT INTO VILLE (ID_VILLE, VIL_LIBELLE, ID_PAYS) VALUES ('1119', 'TEMARA', '112');
INSERT INTO VILLE (ID_VILLE, VIL_LIBELLE, ID_PAYS) VALUES ('1120', 'PALISADES (NY)', '58');
INSERT INTO VILLE (ID_VILLE, VIL_LIBELLE, ID_PAYS) VALUES ('1121', 'MCLEAN (VIRGINIA)', '58');
INSERT INTO VILLE (ID_VILLE, VIL_LIBELLE, ID_PAYS) VALUES ('1122', 'TROY (NEW-YORK)', '58');
INSERT INTO VILLE (ID_VILLE, VIL_LIBELLE, ID_PAYS) VALUES ('1123', 'OAK RID_VILLEGE (S. ILLINOIS)', '58');
INSERT INTO VILLE (ID_VILLE, VIL_LIBELLE, ID_PAYS) VALUES ('1124', 'LA SILLA', '37');
INSERT INTO VILLE (ID_VILLE, VIL_LIBELLE, ID_PAYS) VALUES ('1125', 'KFAR SABA', '85');
INSERT INTO VILLE (ID_VILLE, VIL_LIBELLE, ID_PAYS) VALUES ('1126', 'POTSDAM', '5');
INSERT INTO VILLE (ID_VILLE, VIL_LIBELLE, ID_PAYS) VALUES ('1127', 'CIESZYN', '141');
INSERT INTO VILLE (ID_VILLE, VIL_LIBELLE, ID_PAYS) VALUES ('1128', 'KONIN', '141');
INSERT INTO VILLE (ID_VILLE, VIL_LIBELLE, ID_PAYS) VALUES ('1129', 'LEGNICA', '141');
INSERT INTO VILLE (ID_VILLE, VIL_LIBELLE, ID_PAYS) VALUES ('1130', 'LOWICZ', '141');
INSERT INTO VILLE (ID_VILLE, VIL_LIBELLE, ID_PAYS) VALUES ('1131', 'SOSNOWIEC', '141');
INSERT INTO VILLE (ID_VILLE, VIL_LIBELLE, ID_PAYS) VALUES ('1132', 'TARNOW', '141');
INSERT INTO VILLE (ID_VILLE, VIL_LIBELLE, ID_PAYS) VALUES ('1133', 'MASSE', '92');
INSERT INTO VILLE (ID_VILLE, VIL_LIBELLE, ID_PAYS) VALUES ('1134', 'SAITMA', '88');
INSERT INTO VILLE (ID_VILLE, VIL_LIBELLE, ID_PAYS) VALUES ('1135', 'PLZEN', '147');
INSERT INTO VILLE (ID_VILLE, VIL_LIBELLE, ID_PAYS) VALUES ('1136', 'MO''TAH', '90');
INSERT INTO VILLE (ID_VILLE, VIL_LIBELLE, ID_PAYS) VALUES ('1137', 'ASZOD', '77');
INSERT INTO VILLE (ID_VILLE, VIL_LIBELLE, ID_PAYS) VALUES ('1138', 'NYREGYHAZA', '77');
INSERT INTO VILLE (ID_VILLE, VIL_LIBELLE, ID_PAYS) VALUES ('1139', 'IVANOVO', '150');
INSERT INTO VILLE (ID_VILLE, VIL_LIBELLE, ID_PAYS) VALUES ('1140', 'SID_VILLEI BOUZID_VILLE', '185');
INSERT INTO VILLE (ID_VILLE, VIL_LIBELLE, ID_PAYS) VALUES ('1141', 'MEDENINE', '185');
INSERT INTO VILLE (ID_VILLE, VIL_LIBELLE, ID_PAYS) VALUES ('1142', 'MAIKOP', '150');
INSERT INTO VILLE (ID_VILLE, VIL_LIBELLE, ID_PAYS) VALUES ('1143', 'TAGAN-ROC', '150');
INSERT INTO VILLE (ID_VILLE, VIL_LIBELLE, ID_PAYS) VALUES ('1144', 'SID_VILLEI KACEM', '112');
INSERT INTO VILLE (ID_VILLE, VIL_LIBELLE, ID_PAYS) VALUES ('1145', 'ANTIOQUIA', '40');
INSERT INTO VILLE (ID_VILLE, VIL_LIBELLE, ID_PAYS) VALUES ('1146', 'PAMPLONA', '40');
INSERT INTO VILLE (ID_VILLE, VIL_LIBELLE, ID_PAYS) VALUES ('1147', 'Hébron', '89');
INSERT INTO VILLE (ID_VILLE, VIL_LIBELLE, ID_PAYS) VALUES ('1148', 'TENGA BATIN SULAN', '80');
INSERT INTO VILLE (ID_VILLE, VIL_LIBELLE, ID_PAYS) VALUES ('1149', 'BOGOR', '80');
INSERT INTO VILLE (ID_VILLE, VIL_LIBELLE, ID_PAYS) VALUES ('1150', 'FRASCATI', '86');
INSERT INTO VILLE (ID_VILLE, VIL_LIBELLE, ID_PAYS) VALUES ('1151', 'ISPRA', '86');
INSERT INTO VILLE (ID_VILLE, VIL_LIBELLE, ID_PAYS) VALUES ('1152', 'WAKO SAITAMA', '88');
INSERT INTO VILLE (ID_VILLE, VIL_LIBELLE, ID_PAYS) VALUES ('1153', 'GULMIKOT', '124');
INSERT INTO VILLE (ID_VILLE, VIL_LIBELLE, ID_PAYS) VALUES ('1154', 'León', '125');
INSERT INTO VILLE (ID_VILLE, VIL_LIBELLE, ID_PAYS) VALUES ('1155', 'LOS PAGNOS', '140');
INSERT INTO VILLE (ID_VILLE, VIL_LIBELLE, ID_PAYS) VALUES ('1156', 'KISTA', '171');
INSERT INTO VILLE (ID_VILLE, VIL_LIBELLE, ID_PAYS) VALUES ('1157', 'MOROGORO', '178');
INSERT INTO VILLE (ID_VILLE, VIL_LIBELLE, ID_PAYS) VALUES ('1158', 'MOSHI', '178');
INSERT INTO VILLE (ID_VILLE, VIL_LIBELLE, ID_PAYS) VALUES ('1159', 'TAGABE', '191');
INSERT INTO VILLE (ID_VILLE, VIL_LIBELLE, ID_PAYS) VALUES ('1160', 'MARACAY', '192');
INSERT INTO VILLE (ID_VILLE, VIL_LIBELLE, ID_PAYS) VALUES ('1161', 'MAGOYE', '195');
INSERT INTO VILLE (ID_VILLE, VIL_LIBELLE, ID_PAYS) VALUES ('1162', 'NORWICH', '149');
INSERT INTO VILLE (ID_VILLE, VIL_LIBELLE, ID_PAYS) VALUES ('1163', 'BANGOR', '149');
INSERT INTO VILLE (ID_VILLE, VIL_LIBELLE, ID_PAYS) VALUES ('1164', 'GUILDFORD', '149');
INSERT INTO VILLE (ID_VILLE, VIL_LIBELLE, ID_PAYS) VALUES ('1165', 'HARWELL', '149');
INSERT INTO VILLE (ID_VILLE, VIL_LIBELLE, ID_PAYS) VALUES ('1166', 'BATH', '149');
INSERT INTO VILLE (ID_VILLE, VIL_LIBELLE, ID_PAYS) VALUES ('1167', 'SHEFFIELD', '149');
INSERT INTO VILLE (ID_VILLE, VIL_LIBELLE, ID_PAYS) VALUES ('1168', 'DURHAM', '149');
INSERT INTO VILLE (ID_VILLE, VIL_LIBELLE, ID_PAYS) VALUES ('1169', 'EYE', '149');
INSERT INTO VILLE (ID_VILLE, VIL_LIBELLE, ID_PAYS) VALUES ('1170', 'OFFENBURG', '5');
INSERT INTO VILLE (ID_VILLE, VIL_LIBELLE, ID_PAYS) VALUES ('1171', 'LINKEBEEK', '19');
INSERT INTO VILLE (ID_VILLE, VIL_LIBELLE, ID_PAYS) VALUES ('1172', 'EAST LANSING (MICHIGAN)', '58');
INSERT INTO VILLE (ID_VILLE, VIL_LIBELLE, ID_PAYS) VALUES ('1173', 'DURHAM (CAROLINE DU NORD)', '58');
INSERT INTO VILLE (ID_VILLE, VIL_LIBELLE, ID_PAYS) VALUES ('1174', 'SILVANIA', '28');
INSERT INTO VILLE (ID_VILLE, VIL_LIBELLE, ID_PAYS) VALUES ('1175', 'TURRIALBA', '45');
INSERT INTO VILLE (ID_VILLE, VIL_LIBELLE, ID_PAYS) VALUES ('1176', 'TERREBONNE', '35');
INSERT INTO VILLE (ID_VILLE, VIL_LIBELLE, ID_PAYS) VALUES ('1177', 'SURREY', '35');
INSERT INTO VILLE (ID_VILLE, VIL_LIBELLE, ID_PAYS) VALUES ('1178', 'BRASOV', '148');
INSERT INTO VILLE (ID_VILLE, VIL_LIBELLE, ID_PAYS) VALUES ('1179', 'LEICESTER', '149');
INSERT INTO VILLE (ID_VILLE, VIL_LIBELLE, ID_PAYS) VALUES ('1180', 'MARBURG', '5');
INSERT INTO VILLE (ID_VILLE, VIL_LIBELLE, ID_PAYS) VALUES ('1181', 'BATAAN', '140');
INSERT INTO VILLE (ID_VILLE, VIL_LIBELLE, ID_PAYS) VALUES ('1182', 'SOUTH HILL (VIRGINIE)', '58');
INSERT INTO VILLE (ID_VILLE, VIL_LIBELLE, ID_PAYS) VALUES ('1183', 'GREENS FARMS (CONNECTICUT)', '58');
INSERT INTO VILLE (ID_VILLE, VIL_LIBELLE, ID_PAYS) VALUES ('1184', 'TREVISE', '86');
INSERT INTO VILLE (ID_VILLE, VIL_LIBELLE, ID_PAYS) VALUES ('1185', 'BERRECHID_VILLE', '112');
INSERT INTO VILLE (ID_VILLE, VIL_LIBELLE, ID_PAYS) VALUES ('1186', 'ANDERNACH', '5');
INSERT INTO VILLE (ID_VILLE, VIL_LIBELLE, ID_PAYS) VALUES ('1187', 'KAWAS (SURAT)', '79');
INSERT INTO VILLE (ID_VILLE, VIL_LIBELLE, ID_PAYS) VALUES ('1188', 'GRANOLLERS', '56');
INSERT INTO VILLE (ID_VILLE, VIL_LIBELLE, ID_PAYS) VALUES ('1189', 'BLUESTONE (VIRGINIE)', '58');
INSERT INTO VILLE (ID_VILLE, VIL_LIBELLE, ID_PAYS) VALUES ('1190', 'MONTCLAIR (NEW JERSEY)', '58');
INSERT INTO VILLE (ID_VILLE, VIL_LIBELLE, ID_PAYS) VALUES ('1191', 'SUNBURY (CAROLINE DU NORD)', '58');
INSERT INTO VILLE (ID_VILLE, VIL_LIBELLE, ID_PAYS) VALUES ('1192', 'BELTSY (MOLDAVIE)', '118');
INSERT INTO VILLE (ID_VILLE, VIL_LIBELLE, ID_PAYS) VALUES ('1193', 'FREISING', '5');
INSERT INTO VILLE (ID_VILLE, VIL_LIBELLE, ID_PAYS) VALUES ('1194', 'OLDENBURG', '5');
INSERT INTO VILLE (ID_VILLE, VIL_LIBELLE, ID_PAYS) VALUES ('1195', 'BURNABY', '35');
INSERT INTO VILLE (ID_VILLE, VIL_LIBELLE, ID_PAYS) VALUES ('1196', 'LYNGBY', '49');
INSERT INTO VILLE (ID_VILLE, VIL_LIBELLE, ID_PAYS) VALUES ('1197', 'VICTORIA', '56');
INSERT INTO VILLE (ID_VILLE, VIL_LIBELLE, ID_PAYS) VALUES ('1198', 'DUDENHOSEN (SPEYER)', '5');
INSERT INTO VILLE (ID_VILLE, VIL_LIBELLE, ID_PAYS) VALUES ('1199', 'NEW BRUNSWICK (NEW JERSEY)', '58');
INSERT INTO VILLE (ID_VILLE, VIL_LIBELLE, ID_PAYS) VALUES ('1200', 'DART FORD', '149');
INSERT INTO VILLE (ID_VILLE, VIL_LIBELLE, ID_PAYS) VALUES ('1201', 'LOUGHBOROUGH', '149');
INSERT INTO VILLE (ID_VILLE, VIL_LIBELLE, ID_PAYS) VALUES ('1202', 'NOTTINGHAM', '149');
INSERT INTO VILLE (ID_VILLE, VIL_LIBELLE, ID_PAYS) VALUES ('1203', 'BERGAME', '86');
INSERT INTO VILLE (ID_VILLE, VIL_LIBELLE, ID_PAYS) VALUES ('1204', 'OLMEDO', '86');
INSERT INTO VILLE (ID_VILLE, VIL_LIBELLE, ID_PAYS) VALUES ('1205', 'PAVIE', '86');
INSERT INTO VILLE (ID_VILLE, VIL_LIBELLE, ID_PAYS) VALUES ('1206', 'CHEMNITZ', '5');
INSERT INTO VILLE (ID_VILLE, VIL_LIBELLE, ID_PAYS) VALUES ('1207', 'Iéna', '5');
INSERT INTO VILLE (ID_VILLE, VIL_LIBELLE, ID_PAYS) VALUES ('1208', 'MAGDEBOURG', '5');
INSERT INTO VILLE (ID_VILLE, VIL_LIBELLE, ID_PAYS) VALUES ('1209', 'RATISBONNE', '5');
INSERT INTO VILLE (ID_VILLE, VIL_LIBELLE, ID_PAYS) VALUES ('1210', 'ZWICKAU', '5');
INSERT INTO VILLE (ID_VILLE, VIL_LIBELLE, ID_PAYS) VALUES ('1211', 'DALHOUSIE', '35');
INSERT INTO VILLE (ID_VILLE, VIL_LIBELLE, ID_PAYS) VALUES ('1212', 'TARTU', '57');
INSERT INTO VILLE (ID_VILLE, VIL_LIBELLE, ID_PAYS) VALUES ('1213', 'ILLINOIS', '58');
INSERT INTO VILLE (ID_VILLE, VIL_LIBELLE, ID_PAYS) VALUES ('1214', 'EGER', '77');
INSERT INTO VILLE (ID_VILLE, VIL_LIBELLE, ID_PAYS) VALUES ('1215', 'SZOMBATHELY', '77');
INSERT INTO VILLE (ID_VILLE, VIL_LIBELLE, ID_PAYS) VALUES ('1216', 'KIKUYU', '92');
INSERT INTO VILLE (ID_VILLE, VIL_LIBELLE, ID_PAYS) VALUES ('1217', 'MASENO', '92');
INSERT INTO VILLE (ID_VILLE, VIL_LIBELLE, ID_PAYS) VALUES ('1218', 'BADAGRY', '127');
INSERT INTO VILLE (ID_VILLE, VIL_LIBELLE, ID_PAYS) VALUES ('1219', 'IMO', '127');
INSERT INTO VILLE (ID_VILLE, VIL_LIBELLE, ID_PAYS) VALUES ('1220', 'AVARUA', '129');
INSERT INTO VILLE (ID_VILLE, VIL_LIBELLE, ID_PAYS) VALUES ('1221', 'WALBRZYCH', '141');
INSERT INTO VILLE (ID_VILLE, VIL_LIBELLE, ID_PAYS) VALUES ('1222', 'PORRENTRUY', '172');
INSERT INTO VILLE (ID_VILLE, VIL_LIBELLE, ID_PAYS) VALUES ('1223', 'SLOVAQUIE', '166');
INSERT INTO VILLE (ID_VILLE, VIL_LIBELLE, ID_PAYS) VALUES ('1224', 'TABOR', '147');
INSERT INTO VILLE (ID_VILLE, VIL_LIBELLE, ID_PAYS) VALUES ('1225', 'KEHL', '5');
INSERT INTO VILLE (ID_VILLE, VIL_LIBELLE, ID_PAYS) VALUES ('1226', 'CHASTWOOD', '12');
INSERT INTO VILLE (ID_VILLE, VIL_LIBELLE, ID_PAYS) VALUES ('1227', 'KORTENBERG', '19');
INSERT INTO VILLE (ID_VILLE, VIL_LIBELLE, ID_PAYS) VALUES ('1228', 'HAWAI', '58');
INSERT INTO VILLE (ID_VILLE, VIL_LIBELLE, ID_PAYS) VALUES ('1229', 'HOBOKEN (NJ)', '58');
INSERT INTO VILLE (ID_VILLE, VIL_LIBELLE, ID_PAYS) VALUES ('1230', 'LINCOLN (NEBRASKA)', '58');
INSERT INTO VILLE (ID_VILLE, VIL_LIBELLE, ID_PAYS) VALUES ('1231', 'UPTON', '58');
INSERT INTO VILLE (ID_VILLE, VIL_LIBELLE, ID_PAYS) VALUES ('1232', 'WILLIAMSBURG', '58');
INSERT INTO VILLE (ID_VILLE, VIL_LIBELLE, ID_PAYS) VALUES ('1233', 'KENT (CONNECTICUT)', '58');
INSERT INTO VILLE (ID_VILLE, VIL_LIBELLE, ID_PAYS) VALUES ('1234', 'TRIANGLE', '58');
INSERT INTO VILLE (ID_VILLE, VIL_LIBELLE, ID_PAYS) VALUES ('1235', 'ÉDIMBOURG', '149');
INSERT INTO VILLE (ID_VILLE, VIL_LIBELLE, ID_PAYS) VALUES ('1236', 'DOND-DOK', '96');
INSERT INTO VILLE (ID_VILLE, VIL_LIBELLE, ID_PAYS) VALUES ('1237', 'WILLIAMSTOWN (MA)', '58');
INSERT INTO VILLE (ID_VILLE, VIL_LIBELLE, ID_PAYS) VALUES ('1238', 'BUTHA-BUTHE', '97');
INSERT INTO VILLE (ID_VILLE, VIL_LIBELLE, ID_PAYS) VALUES ('1239', 'Moutsamoudou', '41');
INSERT INTO VILLE (ID_VILLE, VIL_LIBELLE, ID_PAYS) VALUES ('1240', 'BOCKORN', '5');
INSERT INTO VILLE (ID_VILLE, VIL_LIBELLE, ID_PAYS) VALUES ('1241', 'GARCHING-MUNICH', '5');
INSERT INTO VILLE (ID_VILLE, VIL_LIBELLE, ID_PAYS) VALUES ('1242', 'GARMISCH-PARTENKIRCHEN', '5');
INSERT INTO VILLE (ID_VILLE, VIL_LIBELLE, ID_PAYS) VALUES ('1243', 'HEVERLEE', '19');
INSERT INTO VILLE (ID_VILLE, VIL_LIBELLE, ID_PAYS) VALUES ('1244', 'RHODE-SAINT-GENESE', '19');
INSERT INTO VILLE (ID_VILLE, VIL_LIBELLE, ID_PAYS) VALUES ('1245', 'ANCASTER', '35');
INSERT INTO VILLE (ID_VILLE, VIL_LIBELLE, ID_PAYS) VALUES ('1246', 'CHALK RIVER', '35');
INSERT INTO VILLE (ID_VILLE, VIL_LIBELLE, ID_PAYS) VALUES ('1247', 'BROOKLYN', '58');
INSERT INTO VILLE (ID_VILLE, VIL_LIBELLE, ID_PAYS) VALUES ('1248', 'LA SPEZIA', '86');
INSERT INTO VILLE (ID_VILLE, VIL_LIBELLE, ID_PAYS) VALUES ('1249', 'SIENNE', '86');
INSERT INTO VILLE (ID_VILLE, VIL_LIBELLE, ID_PAYS) VALUES ('1250', 'OKAZAKI', '88');
INSERT INTO VILLE (ID_VILLE, VIL_LIBELLE, ID_PAYS) VALUES ('1251', 'CHATHAM', '149');
INSERT INTO VILLE (ID_VILLE, VIL_LIBELLE, ID_PAYS) VALUES ('1252', 'NOSY-BE', '106');
INSERT INTO VILLE (ID_VILLE, VIL_LIBELLE, ID_PAYS) VALUES ('1253', 'MANANJARY', '106');
INSERT INTO VILLE (ID_VILLE, VIL_LIBELLE, ID_PAYS) VALUES ('1254', 'GODOLLO', '77');
INSERT INTO VILLE (ID_VILLE, VIL_LIBELLE, ID_PAYS) VALUES ('1255', 'WEIMAR', '5');
INSERT INTO VILLE (ID_VILLE, VIL_LIBELLE, ID_PAYS) VALUES ('1256', 'SINGKARAK', '80');
INSERT INTO VILLE (ID_VILLE, VIL_LIBELLE, ID_PAYS) VALUES ('1257', 'ABU-DISS', '89');
INSERT INTO VILLE (ID_VILLE, VIL_LIBELLE, ID_PAYS) VALUES ('1258', 'WOODSTOCK', '2');
INSERT INTO VILLE (ID_VILLE, VIL_LIBELLE, ID_PAYS) VALUES ('1259', 'RIJSWIJK', '138');
INSERT INTO VILLE (ID_VILLE, VIL_LIBELLE, ID_PAYS) VALUES ('1260', 'ICHKEUL', '185');
INSERT INTO VILLE (ID_VILLE, VIL_LIBELLE, ID_PAYS) VALUES ('1261', 'RENFREW (ONT)', '35');
INSERT INTO VILLE (ID_VILLE, VIL_LIBELLE, ID_PAYS) VALUES ('1262', 'BORGOMANERO', '86');
INSERT INTO VILLE (ID_VILLE, VIL_LIBELLE, ID_PAYS) VALUES ('1263', 'BIALYSTOK', '141');
INSERT INTO VILLE (ID_VILLE, VIL_LIBELLE, ID_PAYS) VALUES ('1264', 'MONTECILLO-TEXCOCO', '116');
INSERT INTO VILLE (ID_VILLE, VIL_LIBELLE, ID_PAYS) VALUES ('1265', 'SUNDERLAND', '149');
INSERT INTO VILLE (ID_VILLE, VIL_LIBELLE, ID_PAYS) VALUES ('1266', 'CANTERBURY', '149');
INSERT INTO VILLE (ID_VILLE, VIL_LIBELLE, ID_PAYS) VALUES ('1267', 'HATFIELD (COMTE DE HERTFORD)', '149');
INSERT INTO VILLE (ID_VILLE, VIL_LIBELLE, ID_PAYS) VALUES ('1268', 'EICHSTATT', '5');
INSERT INTO VILLE (ID_VILLE, VIL_LIBELLE, ID_PAYS) VALUES ('1269', 'TAUA (CEARA)', '28');
INSERT INTO VILLE (ID_VILLE, VIL_LIBELLE, ID_PAYS) VALUES ('1270', 'PANZIHUA', '38');
INSERT INTO VILLE (ID_VILLE, VIL_LIBELLE, ID_PAYS) VALUES ('1271', 'GEESTHACHT', '5');
INSERT INTO VILLE (ID_VILLE, VIL_LIBELLE, ID_PAYS) VALUES ('1272', 'HALLO', '5');
INSERT INTO VILLE (ID_VILLE, VIL_LIBELLE, ID_PAYS) VALUES ('1273', 'MARSFIELD', '12');
INSERT INTO VILLE (ID_VILLE, VIL_LIBELLE, ID_PAYS) VALUES ('1274', 'LEOBEN', '13');
INSERT INTO VILLE (ID_VILLE, VIL_LIBELLE, ID_PAYS) VALUES ('1275', 'PIERREFONDS (QUEBEC)', '35');
INSERT INTO VILLE (ID_VILLE, VIL_LIBELLE, ID_PAYS) VALUES ('1276', 'PESCIA', '86');
INSERT INTO VILLE (ID_VILLE, VIL_LIBELLE, ID_PAYS) VALUES ('1277', 'TUXPAN', '116');
INSERT INTO VILLE (ID_VILLE, VIL_LIBELLE, ID_PAYS) VALUES ('1278', 'DELÉMONT', '172');
INSERT INTO VILLE (ID_VILLE, VIL_LIBELLE, ID_PAYS) VALUES ('1279', 'Douchanbé', '176');
INSERT INTO VILLE (ID_VILLE, VIL_LIBELLE, ID_PAYS) VALUES ('1280', 'EBERBACH', '5');
INSERT INTO VILLE (ID_VILLE, VIL_LIBELLE, ID_PAYS) VALUES ('1281', 'MINSTER', '149');
INSERT INTO VILLE (ID_VILLE, VIL_LIBELLE, ID_PAYS) VALUES ('1282', 'OTFORD', '149');
INSERT INTO VILLE (ID_VILLE, VIL_LIBELLE, ID_PAYS) VALUES ('1283', 'CECILIA', '58');
INSERT INTO VILLE (ID_VILLE, VIL_LIBELLE, ID_PAYS) VALUES ('1284', 'HORSHOLM', '49');
INSERT INTO VILLE (ID_VILLE, VIL_LIBELLE, ID_PAYS) VALUES ('1285', 'CADE', '58');
INSERT INTO VILLE (ID_VILLE, VIL_LIBELLE, ID_PAYS) VALUES ('1286', 'KILMACOLM', '149');
INSERT INTO VILLE (ID_VILLE, VIL_LIBELLE, ID_PAYS) VALUES ('1287', 'CONSETT', '149');
INSERT INTO VILLE (ID_VILLE, VIL_LIBELLE, ID_PAYS) VALUES ('1288', 'STELLENBOSH', '2');
INSERT INTO VILLE (ID_VILLE, VIL_LIBELLE, ID_PAYS) VALUES ('1289', 'HALLE-DESSAU', '5');
INSERT INTO VILLE (ID_VILLE, VIL_LIBELLE, ID_PAYS) VALUES ('1290', 'JULICH', '5');
INSERT INTO VILLE (ID_VILLE, VIL_LIBELLE, ID_PAYS) VALUES ('1291', 'NEUHERGER', '5');
INSERT INTO VILLE (ID_VILLE, VIL_LIBELLE, ID_PAYS) VALUES ('1292', 'SAINT-LEONARDS', '12');
INSERT INTO VILLE (ID_VILLE, VIL_LIBELLE, ID_PAYS) VALUES ('1293', 'HUBEI', '38');
INSERT INTO VILLE (ID_VILLE, VIL_LIBELLE, ID_PAYS) VALUES ('1294', 'BROENDBY', '49');
INSERT INTO VILLE (ID_VILLE, VIL_LIBELLE, ID_PAYS) VALUES ('1295', 'SBORG', '49');
INSERT INTO VILLE (ID_VILLE, VIL_LIBELLE, ID_PAYS) VALUES ('1296', 'HANOVER', '58');
INSERT INTO VILLE (ID_VILLE, VIL_LIBELLE, ID_PAYS) VALUES ('1297', 'KENNET SQUARE', '58');
INSERT INTO VILLE (ID_VILLE, VIL_LIBELLE, ID_PAYS) VALUES ('1298', 'MOFFET FIELD', '58');
INSERT INTO VILLE (ID_VILLE, VIL_LIBELLE, ID_PAYS) VALUES ('1299', 'DUARTE', '58');
INSERT INTO VILLE (ID_VILLE, VIL_LIBELLE, ID_PAYS) VALUES ('1300', 'CHILTON', '149');
INSERT INTO VILLE (ID_VILLE, VIL_LIBELLE, ID_PAYS) VALUES ('1301', 'SULAWESI', '80');
INSERT INTO VILLE (ID_VILLE, VIL_LIBELLE, ID_PAYS) VALUES ('1302', 'EMEK-HEFER', '85');
INSERT INTO VILLE (ID_VILLE, VIL_LIBELLE, ID_PAYS) VALUES ('1303', 'TRENTE', '86');
INSERT INTO VILLE (ID_VILLE, VIL_LIBELLE, ID_PAYS) VALUES ('1304', 'PANAUTI', '124');
INSERT INTO VILLE (ID_VILLE, VIL_LIBELLE, ID_PAYS) VALUES ('1305', 'LEYDE', '138');
INSERT INTO VILLE (ID_VILLE, VIL_LIBELLE, ID_PAYS) VALUES ('1306', 'MARTIGNY', '172');
INSERT INTO VILLE (ID_VILLE, VIL_LIBELLE, ID_PAYS) VALUES ('1307', 'SALFORD', '149');
INSERT INTO VILLE (ID_VILLE, VIL_LIBELLE, ID_PAYS) VALUES ('1308', 'ACHIM', '5');
INSERT INTO VILLE (ID_VILLE, VIL_LIBELLE, ID_PAYS) VALUES ('1309', 'MATSUE', '88');
INSERT INTO VILLE (ID_VILLE, VIL_LIBELLE, ID_PAYS) VALUES ('1310', 'SALISBURY', '149');
INSERT INTO VILLE (ID_VILLE, VIL_LIBELLE, ID_PAYS) VALUES ('1311', 'HAAN', '5');
INSERT INTO VILLE (ID_VILLE, VIL_LIBELLE, ID_PAYS) VALUES ('1312', 'STAFFORD', '149');
INSERT INTO VILLE (ID_VILLE, VIL_LIBELLE, ID_PAYS) VALUES ('1313', 'HAMPTON', '149');
INSERT INTO VILLE (ID_VILLE, VIL_LIBELLE, ID_PAYS) VALUES ('1314', 'SEAFORD', '149');
INSERT INTO VILLE (ID_VILLE, VIL_LIBELLE, ID_PAYS) VALUES ('1315', 'WIRRAL', '149');
INSERT INTO VILLE (ID_VILLE, VIL_LIBELLE, ID_PAYS) VALUES ('1316', 'COBHAM', '149');
INSERT INTO VILLE (ID_VILLE, VIL_LIBELLE, ID_PAYS) VALUES ('1317', 'DUDLEY', '149');
INSERT INTO VILLE (ID_VILLE, VIL_LIBELLE, ID_PAYS) VALUES ('1318', 'MATAGALPA', '125');
INSERT INTO VILLE (ID_VILLE, VIL_LIBELLE, ID_PAYS) VALUES ('1319', 'DORSTEN', '5');
INSERT INTO VILLE (ID_VILLE, VIL_LIBELLE, ID_PAYS) VALUES ('1320', 'HEILBRONN', '5');
INSERT INTO VILLE (ID_VILLE, VIL_LIBELLE, ID_PAYS) VALUES ('1321', 'BAD NAUHEIM', '5');
INSERT INTO VILLE (ID_VILLE, VIL_LIBELLE, ID_PAYS) VALUES ('1322', 'LLANELLI', '149');
INSERT INTO VILLE (ID_VILLE, VIL_LIBELLE, ID_PAYS) VALUES ('1323', 'WIGAN', '149');
INSERT INTO VILLE (ID_VILLE, VIL_LIBELLE, ID_PAYS) VALUES ('1324', 'WICKAM', '149');
INSERT INTO VILLE (ID_VILLE, VIL_LIBELLE, ID_PAYS) VALUES ('1325', 'SHEERNESS', '149');
INSERT INTO VILLE (ID_VILLE, VIL_LIBELLE, ID_PAYS) VALUES ('1326', 'SAINT AGAPIT', '35');
INSERT INTO VILLE (ID_VILLE, VIL_LIBELLE, ID_PAYS) VALUES ('1327', 'PETTEN', '138');
INSERT INTO VILLE (ID_VILLE, VIL_LIBELLE, ID_PAYS) VALUES ('1328', 'OLSZTYN', '141');
INSERT INTO VILLE (ID_VILLE, VIL_LIBELLE, ID_PAYS) VALUES ('1329', 'MATSUDO', '88');
INSERT INTO VILLE (ID_VILLE, VIL_LIBELLE, ID_PAYS) VALUES ('1330', 'MINDELHEIM', '5');
INSERT INTO VILLE (ID_VILLE, VIL_LIBELLE, ID_PAYS) VALUES ('1331', 'WAYNESVILLE', '58');
INSERT INTO VILLE (ID_VILLE, VIL_LIBELLE, ID_PAYS) VALUES ('1332', 'LEVANNE', '86');
INSERT INTO VILLE (ID_VILLE, VIL_LIBELLE, ID_PAYS) VALUES ('1333', 'SAN GIOVANNI', '86');
INSERT INTO VILLE (ID_VILLE, VIL_LIBELLE, ID_PAYS) VALUES ('1334', 'BAD REICHENHALL', '5');
INSERT INTO VILLE (ID_VILLE, VIL_LIBELLE, ID_PAYS) VALUES ('1335', 'ARANYAPRATHET', '180');
INSERT INTO VILLE (ID_VILLE, VIL_LIBELLE, ID_PAYS) VALUES ('1336', 'LANDAU', '5');
INSERT INTO VILLE (ID_VILLE, VIL_LIBELLE, ID_PAYS) VALUES ('1337', 'THURSO', '149');
INSERT INTO VILLE (ID_VILLE, VIL_LIBELLE, ID_PAYS) VALUES ('1338', 'ENFIELD', '149');
INSERT INTO VILLE (ID_VILLE, VIL_LIBELLE, ID_PAYS) VALUES ('1339', 'SOUTH FALLSDURG', '58');
INSERT INTO VILLE (ID_VILLE, VIL_LIBELLE, ID_PAYS) VALUES ('1340', 'TOMINTOUL', '149');
INSERT INTO VILLE (ID_VILLE, VIL_LIBELLE, ID_PAYS) VALUES ('1341', 'LARACHE', '112');
INSERT INTO VILLE (ID_VILLE, VIL_LIBELLE, ID_PAYS) VALUES ('1342', 'GREIFSWALD', '5');
INSERT INTO VILLE (ID_VILLE, VIL_LIBELLE, ID_PAYS) VALUES ('1343', 'STRATFORD', '149');
INSERT INTO VILLE (ID_VILLE, VIL_LIBELLE, ID_PAYS) VALUES ('1344', 'Soûr (Tyr)', '99');
INSERT INTO VILLE (ID_VILLE, VIL_LIBELLE, ID_PAYS) VALUES ('1345', 'CORAL GABLES (FLO)', '58');
INSERT INTO VILLE (ID_VILLE, VIL_LIBELLE, ID_PAYS) VALUES ('1346', 'HOUGHTON (MICH.)', '58');
INSERT INTO VILLE (ID_VILLE, VIL_LIBELLE, ID_PAYS) VALUES ('1347', 'LONG BEACH (CAL.)', '58');
INSERT INTO VILLE (ID_VILLE, VIL_LIBELLE, ID_PAYS) VALUES ('1348', 'MG-LO-PARK', '58');
INSERT INTO VILLE (ID_VILLE, VIL_LIBELLE, ID_PAYS) VALUES ('1349', 'UXBRID_VILLEGE', '149');
INSERT INTO VILLE (ID_VILLE, VIL_LIBELLE, ID_PAYS) VALUES ('1350', 'HUDDINGE', '171');
INSERT INTO VILLE (ID_VILLE, VIL_LIBELLE, ID_PAYS) VALUES ('1351', 'GONZALES (LOUISIANE)', '58');
INSERT INTO VILLE (ID_VILLE, VIL_LIBELLE, ID_PAYS) VALUES ('1352', 'SWABI', '133');
INSERT INTO VILLE (ID_VILLE, VIL_LIBELLE, ID_PAYS) VALUES ('1353', 'MANAWAN', '35');
INSERT INTO VILLE (ID_VILLE, VIL_LIBELLE, ID_PAYS) VALUES ('1354', 'OEGSTGEEST', '138');
INSERT INTO VILLE (ID_VILLE, VIL_LIBELLE, ID_PAYS) VALUES ('1355', 'LETCHWORTH', '149');
INSERT INTO VILLE (ID_VILLE, VIL_LIBELLE, ID_PAYS) VALUES ('1356', 'MONT LAURIER', '35');
INSERT INTO VILLE (ID_VILLE, VIL_LIBELLE, ID_PAYS) VALUES ('1357', 'IRVINE (ECOSSE)', '149');
INSERT INTO VILLE (ID_VILLE, VIL_LIBELLE, ID_PAYS) VALUES ('1358', 'WARWICK', '149');
INSERT INTO VILLE (ID_VILLE, VIL_LIBELLE, ID_PAYS) VALUES ('1359', 'SANTA MARGARITA (CALIFORNIE)', '58');
INSERT INTO VILLE (ID_VILLE, VIL_LIBELLE, ID_PAYS) VALUES ('1360', 'BILLIGHEIM', '5');
INSERT INTO VILLE (ID_VILLE, VIL_LIBELLE, ID_PAYS) VALUES ('1361', 'LEVICE', '166');
INSERT INTO VILLE (ID_VILLE, VIL_LIBELLE, ID_PAYS) VALUES ('1362', 'ADDLESTONE', '149');
INSERT INTO VILLE (ID_VILLE, VIL_LIBELLE, ID_PAYS) VALUES ('1363', 'STIRLING', '149');
INSERT INTO VILLE (ID_VILLE, VIL_LIBELLE, ID_PAYS) VALUES ('1364', 'MAID_VILLEENHEAD', '149');
INSERT INTO VILLE (ID_VILLE, VIL_LIBELLE, ID_PAYS) VALUES ('1365', 'HESTON', '149');
INSERT INTO VILLE (ID_VILLE, VIL_LIBELLE, ID_PAYS) VALUES ('1366', 'KINETON', '149');
INSERT INTO VILLE (ID_VILLE, VIL_LIBELLE, ID_PAYS) VALUES ('1367', 'CHERTSEY (SURREY)', '149');
INSERT INTO VILLE (ID_VILLE, VIL_LIBELLE, ID_PAYS) VALUES ('1368', 'ROYAL TUNBRID_VILLEGE WELLS', '149');
INSERT INTO VILLE (ID_VILLE, VIL_LIBELLE, ID_PAYS) VALUES ('1369', 'RAANANA', '85');
INSERT INTO VILLE (ID_VILLE, VIL_LIBELLE, ID_PAYS) VALUES ('1370', 'CAPENHURST', '149');
INSERT INTO VILLE (ID_VILLE, VIL_LIBELLE, ID_PAYS) VALUES ('1371', 'SANDHAUSEN', '5');
INSERT INTO VILLE (ID_VILLE, VIL_LIBELLE, ID_PAYS) VALUES ('1372', 'WAGENINGEN', '138');
INSERT INTO VILLE (ID_VILLE, VIL_LIBELLE, ID_PAYS) VALUES ('1373', 'HERTZEN', '150');
INSERT INTO VILLE (ID_VILLE, VIL_LIBELLE, ID_PAYS) VALUES ('1374', 'KROUPSKAIA', '150');
INSERT INTO VILLE (ID_VILLE, VIL_LIBELLE, ID_PAYS) VALUES ('1375', 'TIOUMEN', '150');
INSERT INTO VILLE (ID_VILLE, VIL_LIBELLE, ID_PAYS) VALUES ('1376', 'GOLDEN (COLORADO)', '58');
INSERT INTO VILLE (ID_VILLE, VIL_LIBELLE, ID_PAYS) VALUES ('1377', 'ESSLINGEN-AM-NECKAR', '5');
INSERT INTO VILLE (ID_VILLE, VIL_LIBELLE, ID_PAYS) VALUES ('1378', 'HADEJIA', '127');
INSERT INTO VILLE (ID_VILLE, VIL_LIBELLE, ID_PAYS) VALUES ('1379', 'COLCHESTER', '149');
INSERT INTO VILLE (ID_VILLE, VIL_LIBELLE, ID_PAYS) VALUES ('1380', 'GEISENHEIM', '5');
INSERT INTO VILLE (ID_VILLE, VIL_LIBELLE, ID_PAYS) VALUES ('1381', 'WALTHAM', '149');
INSERT INTO VILLE (ID_VILLE, VIL_LIBELLE, ID_PAYS) VALUES ('1382', 'BAB EZZOUAR', '4');
INSERT INTO VILLE (ID_VILLE, VIL_LIBELLE, ID_PAYS) VALUES ('1383', 'ESS-SENIA', '4');
INSERT INTO VILLE (ID_VILLE, VIL_LIBELLE, ID_PAYS) VALUES ('1384', 'CULGOOR', '12');
INSERT INTO VILLE (ID_VILLE, VIL_LIBELLE, ID_PAYS) VALUES ('1385', 'TJELE', '49');
INSERT INTO VILLE (ID_VILLE, VIL_LIBELLE, ID_PAYS) VALUES ('1386', 'CROWTHORNE', '149');
INSERT INTO VILLE (ID_VILLE, VIL_LIBELLE, ID_PAYS) VALUES ('1387', 'KJELLER', '128');
INSERT INTO VILLE (ID_VILLE, VIL_LIBELLE, ID_PAYS) VALUES ('1388', 'IJMUID_VILLEEN', '138');
INSERT INTO VILLE (ID_VILLE, VIL_LIBELLE, ID_PAYS) VALUES ('1389', 'BANSKA BYSTRICA', '166');
INSERT INTO VILLE (ID_VILLE, VIL_LIBELLE, ID_PAYS) VALUES ('1390', 'CHINHOYI', '196');
INSERT INTO VILLE (ID_VILLE, VIL_LIBELLE, ID_PAYS) VALUES ('1391', 'XIAOGAN', '38');
INSERT INTO VILLE (ID_VILLE, VIL_LIBELLE, ID_PAYS) VALUES ('1392', 'DELFZIJL', '138');
INSERT INTO VILLE (ID_VILLE, VIL_LIBELLE, ID_PAYS) VALUES ('1393', 'CHANDERNAGOR', '79');
INSERT INTO VILLE (ID_VILLE, VIL_LIBELLE, ID_PAYS) VALUES ('1394', 'LANGEN', '5');
INSERT INTO VILLE (ID_VILLE, VIL_LIBELLE, ID_PAYS) VALUES ('1395', 'ESCHWEILER', '5');
INSERT INTO VILLE (ID_VILLE, VIL_LIBELLE, ID_PAYS) VALUES ('1396', 'BARNAOUL', '150');
INSERT INTO VILLE (ID_VILLE, VIL_LIBELLE, ID_PAYS) VALUES ('1397', 'KAZAN', '150');
INSERT INTO VILLE (ID_VILLE, VIL_LIBELLE, ID_PAYS) VALUES ('1398', 'BENSHEIM', '5');
INSERT INTO VILLE (ID_VILLE, VIL_LIBELLE, ID_PAYS) VALUES ('1399', 'ROCKVILLE (MARYLAND)', '58');
INSERT INTO VILLE (ID_VILLE, VIL_LIBELLE, ID_PAYS) VALUES ('1400', 'ASHTEAD', '149');
INSERT INTO VILLE (ID_VILLE, VIL_LIBELLE, ID_PAYS) VALUES ('1401', 'BRENTWOOD', '149');
INSERT INTO VILLE (ID_VILLE, VIL_LIBELLE, ID_PAYS) VALUES ('1402', 'KINGSTON RHODE ISLAND', '58');
INSERT INTO VILLE (ID_VILLE, VIL_LIBELLE, ID_PAYS) VALUES ('1403', 'MENLO PARK (CALIFORNIE)', '58');
INSERT INTO VILLE (ID_VILLE, VIL_LIBELLE, ID_PAYS) VALUES ('1404', 'NEW ROCHELLE', '58');
INSERT INTO VILLE (ID_VILLE, VIL_LIBELLE, ID_PAYS) VALUES ('1405', 'AIRDRIE', '149');
INSERT INTO VILLE (ID_VILLE, VIL_LIBELLE, ID_PAYS) VALUES ('1406', 'MONTROSE', '149');
INSERT INTO VILLE (ID_VILLE, VIL_LIBELLE, ID_PAYS) VALUES ('1407', 'FARNBOROUGH', '149');
INSERT INTO VILLE (ID_VILLE, VIL_LIBELLE, ID_PAYS) VALUES ('1408', 'LAKE FOREST (ILLINOIS)', '58');
INSERT INTO VILLE (ID_VILLE, VIL_LIBELLE, ID_PAYS) VALUES ('1409', 'SOUTH BOROUGH (MASS.)', '58');
INSERT INTO VILLE (ID_VILLE, VIL_LIBELLE, ID_PAYS) VALUES ('1410', 'LERMA', '116');
INSERT INTO VILLE (ID_VILLE, VIL_LIBELLE, ID_PAYS) VALUES ('1411', 'VAIHINGEN', '5');
INSERT INTO VILLE (ID_VILLE, VIL_LIBELLE, ID_PAYS) VALUES ('1412', 'LAXENBOURG', '13');
INSERT INTO VILLE (ID_VILLE, VIL_LIBELLE, ID_PAYS) VALUES ('1413', 'NORDERSTEDT', '5');
INSERT INTO VILLE (ID_VILLE, VIL_LIBELLE, ID_PAYS) VALUES ('1414', 'Assouân', '52');
INSERT INTO VILLE (ID_VILLE, VIL_LIBELLE, ID_PAYS) VALUES ('1415', 'HAUSEN', '5');
INSERT INTO VILLE (ID_VILLE, VIL_LIBELLE, ID_PAYS) VALUES ('1416', 'GOMEZ PALACIO', '116');
INSERT INTO VILLE (ID_VILLE, VIL_LIBELLE, ID_PAYS) VALUES ('1417', 'RANGSDORF', '5');
INSERT INTO VILLE (ID_VILLE, VIL_LIBELLE, ID_PAYS) VALUES ('1418', 'MONT-ST-HILAIRE (QUEBEC)', '35');
INSERT INTO VILLE (ID_VILLE, VIL_LIBELLE, ID_PAYS) VALUES ('1419', 'YANGON', '24');
INSERT INTO VILLE (ID_VILLE, VIL_LIBELLE, ID_PAYS) VALUES ('1420', 'BIBERACH', '5');
INSERT INTO VILLE (ID_VILLE, VIL_LIBELLE, ID_PAYS) VALUES ('1421', 'NEWCASTLE UNDER LYME', '149');
INSERT INTO VILLE (ID_VILLE, VIL_LIBELLE, ID_PAYS) VALUES ('1422', 'CHORLEYWOOD', '149');
INSERT INTO VILLE (ID_VILLE, VIL_LIBELLE, ID_PAYS) VALUES ('1423', 'LUNEBOURG', '5');
INSERT INTO VILLE (ID_VILLE, VIL_LIBELLE, ID_PAYS) VALUES ('1425', 'SANTO DOMINGO DE LOS COLORADOS', '54');
INSERT INTO VILLE (ID_VILLE, VIL_LIBELLE, ID_PAYS) VALUES ('1426', 'YPSILANTI (MICHIGAN)', '58');
INSERT INTO VILLE (ID_VILLE, VIL_LIBELLE, ID_PAYS) VALUES ('1427', 'KEPONG', '107');
INSERT INTO VILLE (ID_VILLE, VIL_LIBELLE, ID_PAYS) VALUES ('1428', 'FORT WORTH (TEX)', '58');
INSERT INTO VILLE (ID_VILLE, VIL_LIBELLE, ID_PAYS) VALUES ('1429', 'COTTENHAM', '149');
INSERT INTO VILLE (ID_VILLE, VIL_LIBELLE, ID_PAYS) VALUES ('1430', 'Jbaïl (Byblos)', '99');
INSERT INTO VILLE (ID_VILLE, VIL_LIBELLE, ID_PAYS) VALUES ('1431', 'GREENOCK', '149');
INSERT INTO VILLE (ID_VILLE, VIL_LIBELLE, ID_PAYS) VALUES ('1432', 'KYLE (DAKOTA)', '58');
INSERT INTO VILLE (ID_VILLE, VIL_LIBELLE, ID_PAYS) VALUES ('1433', 'PUGET SD', '58');
INSERT INTO VILLE (ID_VILLE, VIL_LIBELLE, ID_PAYS) VALUES ('1434', 'XIAOLANGDI', '38');
INSERT INTO VILLE (ID_VILLE, VIL_LIBELLE, ID_PAYS) VALUES ('1435', 'SHAWINIGAN', '35');
INSERT INTO VILLE (ID_VILLE, VIL_LIBELLE, ID_PAYS) VALUES ('1436', 'BEAUPORT', '35');
INSERT INTO VILLE (ID_VILLE, VIL_LIBELLE, ID_PAYS) VALUES ('1437', 'REHOVOT', '85');
INSERT INTO VILLE (ID_VILLE, VIL_LIBELLE, ID_PAYS) VALUES ('1438', 'BET DAGAN', '85');
INSERT INTO VILLE (ID_VILLE, VIL_LIBELLE, ID_PAYS) VALUES ('1439', 'FAIRFAX', '58');
INSERT INTO VILLE (ID_VILLE, VIL_LIBELLE, ID_PAYS) VALUES ('1440', 'REPENTIGNY', '35');
INSERT INTO VILLE (ID_VILLE, VIL_LIBELLE, ID_PAYS) VALUES ('1441', 'ACORES', '142');
INSERT INTO VILLE (ID_VILLE, VIL_LIBELLE, ID_PAYS) VALUES ('1442', 'ARGOSTOLIE', '67');
INSERT INTO VILLE (ID_VILLE, VIL_LIBELLE, ID_PAYS) VALUES ('1443', 'Antigua Guatemala', '69');
INSERT INTO VILLE (ID_VILLE, VIL_LIBELLE, ID_PAYS) VALUES ('1444', 'AIN-CHANS', '52');
INSERT INTO VILLE (ID_VILLE, VIL_LIBELLE, ID_PAYS) VALUES ('1445', 'AKUSE', '66');
INSERT INTO VILLE (ID_VILLE, VIL_LIBELLE, ID_PAYS) VALUES ('1446', 'MOUNT-ALLYSON', '35');
INSERT INTO VILLE (ID_VILLE, VIL_LIBELLE, ID_PAYS) VALUES ('1447', 'AMHERST', '58');
INSERT INTO VILLE (ID_VILLE, VIL_LIBELLE, ID_PAYS) VALUES ('1448', 'ANTOURA', '99');
INSERT INTO VILLE (ID_VILLE, VIL_LIBELLE, ID_PAYS) VALUES ('1449', 'ASHDOD', '85');
INSERT INTO VILLE (ID_VILLE, VIL_LIBELLE, ID_PAYS) VALUES ('1450', 'EL-ASNAM', '4');
INSERT INTO VILLE (ID_VILLE, VIL_LIBELLE, ID_PAYS) VALUES ('1451', 'AIN-TURCK', '4');
INSERT INTO VILLE (ID_VILLE, VIL_LIBELLE, ID_PAYS) VALUES ('1452', 'AVEIRO', '142');
INSERT INTO VILLE (ID_VILLE, VIL_LIBELLE, ID_PAYS) VALUES ('1453', 'BADEN-BADEN', '5');
INSERT INTO VILLE (ID_VILLE, VIL_LIBELLE, ID_PAYS) VALUES ('1454', 'BAD GODESBERG', '5');
INSERT INTO VILLE (ID_VILLE, VIL_LIBELLE, ID_PAYS) VALUES ('1455', 'BEJA', '185');
INSERT INTO VILLE (ID_VILLE, VIL_LIBELLE, ID_PAYS) VALUES ('1456', 'LO BARNECHEA', '37');
INSERT INTO VILLE (ID_VILLE, VIL_LIBELLE, ID_PAYS) VALUES ('1457', 'BAN-NAPHO', '180');
INSERT INTO VILLE (ID_VILLE, VIL_LIBELLE, ID_PAYS) VALUES ('1458', 'EL-BAHRI', '4');
INSERT INTO VILLE (ID_VILLE, VIL_LIBELLE, ID_PAYS) VALUES ('1459', 'BASKINTA', '99');
INSERT INTO VILLE (ID_VILLE, VIL_LIBELLE, ID_PAYS) VALUES ('1460', 'BENID_VILLEORM', '56');
INSERT INTO VILLE (ID_VILLE, VIL_LIBELLE, ID_PAYS) VALUES ('1461', 'Bedford', '35');
INSERT INTO VILLE (ID_VILLE, VIL_LIBELLE, ID_PAYS) VALUES ('1462', 'BEAUHARNOIS', '35');
INSERT INTO VILLE (ID_VILLE, VIL_LIBELLE, ID_PAYS) VALUES ('1463', 'Bethléem', '89');
INSERT INTO VILLE (ID_VILLE, VIL_LIBELLE, ID_PAYS) VALUES ('1464', 'EL-BIAR', '4');
INSERT INTO VILLE (ID_VILLE, VIL_LIBELLE, ID_PAYS) VALUES ('1465', 'BIKFAYA', '99');
INSERT INTO VILLE (ID_VILLE, VIL_LIBELLE, ID_PAYS) VALUES ('1466', 'BIRMANDREI', '4');
INSERT INTO VILLE (ID_VILLE, VIL_LIBELLE, ID_PAYS) VALUES ('1467', 'BRITISH COLUMBIA', '35');
INSERT INTO VILLE (ID_VILLE, VIL_LIBELLE, ID_PAYS) VALUES ('1468', 'BIZERTE', '185');
INSERT INTO VILLE (ID_VILLE, VIL_LIBELLE, ID_PAYS) VALUES ('1469', 'BLACK', '12');
INSERT INTO VILLE (ID_VILLE, VIL_LIBELLE, ID_PAYS) VALUES ('1470', 'BELGOROD', '150');
INSERT INTO VILLE (ID_VILLE, VIL_LIBELLE, ID_PAYS) VALUES ('1471', 'BELLATERA', '56');
INSERT INTO VILLE (ID_VILLE, VIL_LIBELLE, ID_PAYS) VALUES ('1472', 'ST-BONIFACE', '35');
INSERT INTO VILLE (ID_VILLE, VIL_LIBELLE, ID_PAYS) VALUES ('1473', 'BONSECOURS', '19');
INSERT INTO VILLE (ID_VILLE, VIL_LIBELLE, ID_PAYS) VALUES ('1474', 'BOUMERDES', '4');
INSERT INTO VILLE (ID_VILLE, VIL_LIBELLE, ID_PAYS) VALUES ('1475', 'BOTAFOGO', '28');
INSERT INTO VILLE (ID_VILLE, VIL_LIBELLE, ID_PAYS) VALUES ('1476', 'BOU-ISMAIL', '4');
INSERT INTO VILLE (ID_VILLE, VIL_LIBELLE, ID_PAYS) VALUES ('1477', 'BOUCHERVILLE', '35');
INSERT INTO VILLE (ID_VILLE, VIL_LIBELLE, ID_PAYS) VALUES ('1478', 'BREGENZ', '13');
INSERT INTO VILLE (ID_VILLE, VIL_LIBELLE, ID_PAYS) VALUES ('1479', 'BROSSARD', '35');
INSERT INTO VILLE (ID_VILLE, VIL_LIBELLE, ID_PAYS) VALUES ('1480', 'BRIANSK', '150');
INSERT INTO VILLE (ID_VILLE, VIL_LIBELLE, ID_PAYS) VALUES ('1481', 'BUNDARA', '12');
INSERT INTO VILLE (ID_VILLE, VIL_LIBELLE, ID_PAYS) VALUES ('1482', 'BUEA', '34');
INSERT INTO VILLE (ID_VILLE, VIL_LIBELLE, ID_PAYS) VALUES ('1483', 'BELLEVILLE', '35');
INSERT INTO VILLE (ID_VILLE, VIL_LIBELLE, ID_PAYS) VALUES ('1484', 'BYSTRICE', '147');
INSERT INTO VILLE (ID_VILLE, VIL_LIBELLE, ID_PAYS) VALUES ('1485', 'CACCIA', '142');
INSERT INTO VILLE (ID_VILLE, VIL_LIBELLE, ID_PAYS) VALUES ('1486', 'CARTHAGE', '185');
INSERT INTO VILLE (ID_VILLE, VIL_LIBELLE, ID_PAYS) VALUES ('1487', 'CHANCHAMAYO', '139');
INSERT INTO VILLE (ID_VILLE, VIL_LIBELLE, ID_PAYS) VALUES ('1488', 'CAPE COAST', '66');
INSERT INTO VILLE (ID_VILLE, VIL_LIBELLE, ID_PAYS) VALUES ('1489', 'Carthagène (ESPAGNE)', '56');
INSERT INTO VILLE (ID_VILLE, VIL_LIBELLE, ID_PAYS) VALUES ('1490', 'CHIPPING-CAMPDEN', '149');
INSERT INTO VILLE (ID_VILLE, VIL_LIBELLE, ID_PAYS) VALUES ('1491', 'CACERES', '56');
INSERT INTO VILLE (ID_VILLE, VIL_LIBELLE, ID_PAYS) VALUES ('1492', 'CHALCIS', '67');
INSERT INTO VILLE (ID_VILLE, VIL_LIBELLE, ID_PAYS) VALUES ('1493', 'CHONGQING', '38');
INSERT INTO VILLE (ID_VILLE, VIL_LIBELLE, ID_PAYS) VALUES ('1494', 'CHIMAY', '19');
INSERT INTO VILLE (ID_VILLE, VIL_LIBELLE, ID_PAYS) VALUES ('1495', 'Changwon', '44');
INSERT INTO VILLE (ID_VILLE, VIL_LIBELLE, ID_PAYS) VALUES ('1496', 'CHICOUTIMI', '35');
INSERT INTO VILLE (ID_VILLE, VIL_LIBELLE, ID_PAYS) VALUES ('1497', 'LA CHUTE', '35');
INSERT INTO VILLE (ID_VILLE, VIL_LIBELLE, ID_PAYS) VALUES ('1498', 'POINTE-CLAIRE', '35');
INSERT INTO VILLE (ID_VILLE, VIL_LIBELLE, ID_PAYS) VALUES ('1499', 'CLAUSTHAL', '5');
INSERT INTO VILLE (ID_VILLE, VIL_LIBELLE, ID_PAYS) VALUES ('1500', 'COBLENCE', '5');
INSERT INTO VILLE (ID_VILLE, VIL_LIBELLE, ID_PAYS) VALUES ('1501', 'CORDOBA', '192');
INSERT INTO VILLE (ID_VILLE, VIL_LIBELLE, ID_PAYS) VALUES ('1502', 'Comodoro Rivadavia', '10');
INSERT INTO VILLE (ID_VILLE, VIL_LIBELLE, ID_PAYS) VALUES ('1503', 'Concepcíon', '137');
INSERT INTO VILLE (ID_VILLE, VIL_LIBELLE, ID_PAYS) VALUES ('1504', 'COLBUN', '37');
INSERT INTO VILLE (ID_VILLE, VIL_LIBELLE, ID_PAYS) VALUES ('1505', 'CURICO', '37');
INSERT INTO VILLE (ID_VILLE, VIL_LIBELLE, ID_PAYS) VALUES ('1506', 'DAYA-BAY', '38');
INSERT INTO VILLE (ID_VILLE, VIL_LIBELLE, ID_PAYS) VALUES ('1507', 'DELFT', '138');
INSERT INTO VILLE (ID_VILLE, VIL_LIBELLE, ID_PAYS) VALUES ('1508', 'DELLYS', '4');
INSERT INTO VILLE (ID_VILLE, VIL_LIBELLE, ID_PAYS) VALUES ('1509', 'POINTE DE L''EGLISE', '35');
INSERT INTO VILLE (ID_VILLE, VIL_LIBELLE, ID_PAYS) VALUES ('1510', 'DILLIGEN', '5');
INSERT INTO VILLE (ID_VILLE, VIL_LIBELLE, ID_PAYS) VALUES ('1511', 'DONNACONA', '35');
INSERT INTO VILLE (ID_VILLE, VIL_LIBELLE, ID_PAYS) VALUES ('1512', 'DAMANDJODI', '79');
INSERT INTO VILLE (ID_VILLE, VIL_LIBELLE, ID_PAYS) VALUES ('1513', 'DORVAL', '35');
INSERT INTO VILLE (ID_VILLE, VIL_LIBELLE, ID_PAYS) VALUES ('1514', 'Durrës', '3');
INSERT INTO VILLE (ID_VILLE, VIL_LIBELLE, ID_PAYS) VALUES ('1515', 'ELISA', '2');
INSERT INTO VILLE (ID_VILLE, VIL_LIBELLE, ID_PAYS) VALUES ('1516', 'ESPINHO', '142');
INSERT INTO VILLE (ID_VILLE, VIL_LIBELLE, ID_PAYS) VALUES ('1517', 'ESTAIMPUIS', '19');
INSERT INTO VILLE (ID_VILLE, VIL_LIBELLE, ID_PAYS) VALUES ('1518', 'EVORA', '142');
INSERT INTO VILLE (ID_VILLE, VIL_LIBELLE, ID_PAYS) VALUES ('1519', 'FAFE', '142');
INSERT INTO VILLE (ID_VILLE, VIL_LIBELLE, ID_PAYS) VALUES ('1520', 'FANAR', '99');
INSERT INTO VILLE (ID_VILLE, VIL_LIBELLE, ID_PAYS) VALUES ('1521', 'KFAR-MAIMON', '85');
INSERT INTO VILLE (ID_VILLE, VIL_LIBELLE, ID_PAYS) VALUES ('1522', 'FARNHAM', '35');
INSERT INTO VILLE (ID_VILLE, VIL_LIBELLE, ID_PAYS) VALUES ('1523', 'FERRARE', '86');
INSERT INTO VILLE (ID_VILLE, VIL_LIBELLE, ID_PAYS) VALUES ('1524', 'FLORIAN', '127');
INSERT INTO VILLE (ID_VILLE, VIL_LIBELLE, ID_PAYS) VALUES ('1525', 'FOURAH-BAY', '164');
INSERT INTO VILLE (ID_VILLE, VIL_LIBELLE, ID_PAYS) VALUES ('1526', 'STE-FOY', '35');
INSERT INTO VILLE (ID_VILLE, VIL_LIBELLE, ID_PAYS) VALUES ('1527', 'FRIBOURG', '172');
INSERT INTO VILLE (ID_VILLE, VIL_LIBELLE, ID_PAYS) VALUES ('1528', 'FUKUYAMA', '88');
INSERT INTO VILLE (ID_VILLE, VIL_LIBELLE, ID_PAYS) VALUES ('1529', 'GAKUSHUIN', '88');
INSERT INTO VILLE (ID_VILLE, VIL_LIBELLE, ID_PAYS) VALUES ('1530', 'GIESSEN', '5');
INSERT INTO VILLE (ID_VILLE, VIL_LIBELLE, ID_PAYS) VALUES ('1531', 'GORLOVSKA', '150');
INSERT INTO VILLE (ID_VILLE, VIL_LIBELLE, ID_PAYS) VALUES ('1532', 'GRANNAR', '12');
INSERT INTO VILLE (ID_VILLE, VIL_LIBELLE, ID_PAYS) VALUES ('1533', 'GREENBELT', '58');
INSERT INTO VILLE (ID_VILLE, VIL_LIBELLE, ID_PAYS) VALUES ('1534', 'GRANDFIELD', '149');
INSERT INTO VILLE (ID_VILLE, VIL_LIBELLE, ID_PAYS) VALUES ('1535', 'GUERNAVALA', '116');
INSERT INTO VILLE (ID_VILLE, VIL_LIBELLE, ID_PAYS) VALUES ('1536', 'GUELPH', '35');
INSERT INTO VILLE (ID_VILLE, VIL_LIBELLE, ID_PAYS) VALUES ('1537', 'GUMARE', '27');
INSERT INTO VILLE (ID_VILLE, VIL_LIBELLE, ID_PAYS) VALUES ('1538', 'GUAVID_VILLE', '40');
INSERT INTO VILLE (ID_VILLE, VIL_LIBELLE, ID_PAYS) VALUES ('1539', 'HALLE', '5');
INSERT INTO VILLE (ID_VILLE, VIL_LIBELLE, ID_PAYS) VALUES ('1540', 'EL-HARRACH', '4');
INSERT INTO VILLE (ID_VILLE, VIL_LIBELLE, ID_PAYS) VALUES ('1541', 'HELIOPOLIS', '52');
INSERT INTO VILLE (ID_VILLE, VIL_LIBELLE, ID_PAYS) VALUES ('1542', 'HOUMTSOUK', '185');
INSERT INTO VILLE (ID_VILLE, VIL_LIBELLE, ID_PAYS) VALUES ('1543', 'HOKKAID_VILLEO', '88');
INSERT INTO VILLE (ID_VILLE, VIL_LIBELLE, ID_PAYS) VALUES ('1544', 'HONSTAN', '81');
INSERT INTO VILLE (ID_VILLE, VIL_LIBELLE, ID_PAYS) VALUES ('1545', 'ST-HUBERT', '35');
INSERT INTO VILLE (ID_VILLE, VIL_LIBELLE, ID_PAYS) VALUES ('1546', 'HULL', '149');
INSERT INTO VILLE (ID_VILLE, VIL_LIBELLE, ID_PAYS) VALUES ('1547', 'CHOMA', '195');
INSERT INTO VILLE (ID_VILLE, VIL_LIBELLE, ID_PAYS) VALUES ('1548', 'IAROSLAV', '150');
INSERT INTO VILLE (ID_VILLE, VIL_LIBELLE, ID_PAYS) VALUES ('1549', 'IBEIL', '99');
INSERT INTO VILLE (ID_VILLE, VIL_LIBELLE, ID_PAYS) VALUES ('1550', 'ILE D''IFE', '127');
INSERT INTO VILLE (ID_VILLE, VIL_LIBELLE, ID_PAYS) VALUES ('1551', 'Île de Mallicolo', '191');
INSERT INTO VILLE (ID_VILLE, VIL_LIBELLE, ID_PAYS) VALUES ('1552', 'SAINT-IMIER', '172');
INSERT INTO VILLE (ID_VILLE, VIL_LIBELLE, ID_PAYS) VALUES ('1553', 'ILE DE PENTECOTE', '191');
INSERT INTO VILLE (ID_VILLE, VIL_LIBELLE, ID_PAYS) VALUES ('1554', 'INA-SAITANA', '88');
INSERT INTO VILLE (ID_VILLE, VIL_LIBELLE, ID_PAYS) VALUES ('1555', 'IZATNAGAR', '79');
INSERT INTO VILLE (ID_VILLE, VIL_LIBELLE, ID_PAYS) VALUES ('1556', 'Tel-Aviv-Jaffa', '85');
INSERT INTO VILLE (ID_VILLE, VIL_LIBELLE, ID_PAYS) VALUES ('1557', 'JINJU', '44');
INSERT INTO VILLE (ID_VILLE, VIL_LIBELLE, ID_PAYS) VALUES ('1558', 'ST-JEROME', '35');
INSERT INTO VILLE (ID_VILLE, VIL_LIBELLE, ID_PAYS) VALUES ('1559', 'JOSKAR-OLA', '150');
INSERT INTO VILLE (ID_VILLE, VIL_LIBELLE, ID_PAYS) VALUES ('1560', 'KASLIK', '99');
INSERT INTO VILLE (ID_VILLE, VIL_LIBELLE, ID_PAYS) VALUES ('1561', 'KARNAK', '52');
INSERT INTO VILLE (ID_VILLE, VIL_LIBELLE, ID_PAYS) VALUES ('1562', 'KALOUGA', '150');
INSERT INTO VILLE (ID_VILLE, VIL_LIBELLE, ID_PAYS) VALUES ('1563', 'KFARHBAB', '99');
INSERT INTO VILLE (ID_VILLE, VIL_LIBELLE, ID_PAYS) VALUES ('1564', 'EL-KHATER', '9');
INSERT INTO VILLE (ID_VILLE, VIL_LIBELLE, ID_PAYS) VALUES ('1565', 'CHIANG-KHAM', '180');
INSERT INTO VILLE (ID_VILLE, VIL_LIBELLE, ID_PAYS) VALUES ('1566', 'Al Khoubar', '9');
INSERT INTO VILLE (ID_VILLE, VIL_LIBELLE, ID_PAYS) VALUES ('1567', 'EL-KIFFAN', '4');
INSERT INTO VILLE (ID_VILLE, VIL_LIBELLE, ID_PAYS) VALUES ('1568', 'KISARAZU', '88');
INSERT INTO VILLE (ID_VILLE, VIL_LIBELLE, ID_PAYS) VALUES ('1569', 'KARIKAL', '79');
INSERT INTO VILLE (ID_VILLE, VIL_LIBELLE, ID_PAYS) VALUES ('1570', 'KORIYAMA', '88');
INSERT INTO VILLE (ID_VILLE, VIL_LIBELLE, ID_PAYS) VALUES ('1571', 'KOURSK', '150');
INSERT INTO VILLE (ID_VILLE, VIL_LIBELLE, ID_PAYS) VALUES ('1572', 'KOUSTANAI', '150');
INSERT INTO VILLE (ID_VILLE, VIL_LIBELLE, ID_PAYS) VALUES ('1573', 'KOUSSERI', '34');
INSERT INTO VILLE (ID_VILLE, VIL_LIBELLE, ID_PAYS) VALUES ('1574', 'KUOKA', '88');
INSERT INTO VILLE (ID_VILLE, VIL_LIBELLE, ID_PAYS) VALUES ('1575', 'MANKAPUR', '79');
INSERT INTO VILLE (ID_VILLE, VIL_LIBELLE, ID_PAYS) VALUES ('1576', 'KYRIATONO', '85');
INSERT INTO VILLE (ID_VILLE, VIL_LIBELLE, ID_PAYS) VALUES ('1577', 'ST-LAMBERT', '35');
INSERT INTO VILLE (ID_VILLE, VIL_LIBELLE, ID_PAYS) VALUES ('1578', 'LAMIA', '67');
INSERT INTO VILLE (ID_VILLE, VIL_LIBELLE, ID_PAYS) VALUES ('1579', 'LE BARDO', '185');
INSERT INTO VILLE (ID_VILLE, VIL_LIBELLE, ID_PAYS) VALUES ('1580', 'LA MARSA', '185');
INSERT INTO VILLE (ID_VILLE, VIL_LIBELLE, ID_PAYS) VALUES ('1581', 'LAVAL', '35');
INSERT INTO VILLE (ID_VILLE, VIL_LIBELLE, ID_PAYS) VALUES ('1582', 'LAUZON', '35');
INSERT INTO VILLE (ID_VILLE, VIL_LIBELLE, ID_PAYS) VALUES ('1583', 'LEGON', '66');
INSERT INTO VILLE (ID_VILLE, VIL_LIBELLE, ID_PAYS) VALUES ('1584', 'LE VIGEANT', '62');
INSERT INTO VILLE (ID_VILLE, VIL_LIBELLE, ID_PAYS) VALUES ('1585', 'Richon-LeZiyyon', '85');
INSERT INTO VILLE (ID_VILLE, VIL_LIBELLE, ID_PAYS) VALUES ('1586', 'LIPETSK', '150');
INSERT INTO VILLE (ID_VILLE, VIL_LIBELLE, ID_PAYS) VALUES ('1587', 'LONGUEUIL (QU)', '35');
INSERT INTO VILLE (ID_VILLE, VIL_LIBELLE, ID_PAYS) VALUES ('1588', 'LOUVAIN', '19');
INSERT INTO VILLE (ID_VILLE, VIL_LIBELLE, ID_PAYS) VALUES ('1589', 'LOVETCH', '30');
INSERT INTO VILLE (ID_VILLE, VIL_LIBELLE, ID_PAYS) VALUES ('1590', 'LUAPLATA', '49');
INSERT INTO VILLE (ID_VILLE, VIL_LIBELLE, ID_PAYS) VALUES ('1591', 'LUND', '171');
INSERT INTO VILLE (ID_VILLE, VIL_LIBELLE, ID_PAYS) VALUES ('1592', 'MAKERERE', '131');
INSERT INTO VILLE (ID_VILLE, VIL_LIBELLE, ID_PAYS) VALUES ('1593', 'MALDONADO', '190');
INSERT INTO VILLE (ID_VILLE, VIL_LIBELLE, ID_PAYS) VALUES ('1594', 'MANITOBA', '35');
INSERT INTO VILLE (ID_VILLE, VIL_LIBELLE, ID_PAYS) VALUES ('1595', 'MARTINEZ', '10');
INSERT INTO VILLE (ID_VILLE, VIL_LIBELLE, ID_PAYS) VALUES ('1596', 'MERCEDES', '190');
INSERT INTO VILLE (ID_VILLE, VIL_LIBELLE, ID_PAYS) VALUES ('1597', 'MEGRINE', '185');
INSERT INTO VILLE (ID_VILLE, VIL_LIBELLE, ID_PAYS) VALUES ('1598', 'MENZEL-BOURGUIBA', '185');
INSERT INTO VILLE (ID_VILLE, VIL_LIBELLE, ID_PAYS) VALUES ('1599', 'MID_VILLEELT', '112');
INSERT INTO VILLE (ID_VILLE, VIL_LIBELLE, ID_PAYS) VALUES ('1600', 'MOHAMMEDIA', '112');
INSERT INTO VILLE (ID_VILLE, VIL_LIBELLE, ID_PAYS) VALUES ('1601', 'MOHACS', '77');
INSERT INTO VILLE (ID_VILLE, VIL_LIBELLE, ID_PAYS) VALUES ('1602', 'MELOCHVILLE', '35');
INSERT INTO VILLE (ID_VILLE, VIL_LIBELLE, ID_PAYS) VALUES ('1603', 'MOUSTANSSI-RIYAH', '81');
INSERT INTO VILLE (ID_VILLE, VIL_LIBELLE, ID_PAYS) VALUES ('1604', 'MATARA', '170');
INSERT INTO VILLE (ID_VILLE, VIL_LIBELLE, ID_PAYS) VALUES ('1605', 'MULHEIM', '5');
INSERT INTO VILLE (ID_VILLE, VIL_LIBELLE, ID_PAYS) VALUES ('1606', 'MUTUELLEV.', '185');
INSERT INTO VILLE (ID_VILLE, VIL_LIBELLE, ID_PAYS) VALUES ('1607', 'NABEUL', '185');
INSERT INTO VILLE (ID_VILLE, VIL_LIBELLE, ID_PAYS) VALUES ('1608', 'NEA-SMYRNI', '67');
INSERT INTO VILLE (ID_VILLE, VIL_LIBELLE, ID_PAYS) VALUES ('1609', 'NEW GLASGOW', '35');
INSERT INTO VILLE (ID_VILLE, VIL_LIBELLE, ID_PAYS) VALUES ('1610', 'NID_VILLEDRIE', '12');
INSERT INTO VILLE (ID_VILLE, VIL_LIBELLE, ID_PAYS) VALUES ('1611', 'NIMEGUE', '138');
INSERT INTO VILLE (ID_VILLE, VIL_LIBELLE, ID_PAYS) VALUES ('1612', 'NOVI SAD', '162');
INSERT INTO VILLE (ID_VILLE, VIL_LIBELLE, ID_PAYS) VALUES ('1613', 'NIJNI-NOVGOROD', '150');
INSERT INTO VILLE (ID_VILLE, VIL_LIBELLE, ID_PAYS) VALUES ('1614', 'NORTH YORK', '35');
INSERT INTO VILLE (ID_VILLE, VIL_LIBELLE, ID_PAYS) VALUES ('1615', 'NYARKPALA', '66');
INSERT INTO VILLE (ID_VILLE, VIL_LIBELLE, ID_PAYS) VALUES ('1616', 'OCHANOMIZU', '88');
INSERT INTO VILLE (ID_VILLE, VIL_LIBELLE, ID_PAYS) VALUES ('1617', 'EL-OMRANE', '185');
INSERT INTO VILLE (ID_VILLE, VIL_LIBELLE, ID_PAYS) VALUES ('1618', 'Omdoûrman', '169');
INSERT INTO VILLE (ID_VILLE, VIL_LIBELLE, ID_PAYS) VALUES ('1619', 'ONTARIO', '35');
INSERT INTO VILLE (ID_VILLE, VIL_LIBELLE, ID_PAYS) VALUES ('1620', 'OREL', '150');
INSERT INTO VILLE (ID_VILLE, VIL_LIBELLE, ID_PAYS) VALUES ('1621', 'LA PRAIRIE', '35');
INSERT INTO VILLE (ID_VILLE, VIL_LIBELLE, ID_PAYS) VALUES ('1622', 'PAOLINIA', '28');
INSERT INTO VILLE (ID_VILLE, VIL_LIBELLE, ID_PAYS) VALUES ('1623', 'PASZTO', '77');
INSERT INTO VILLE (ID_VILLE, VIL_LIBELLE, ID_PAYS) VALUES ('1624', 'PIETRASANTA', '86');
INSERT INTO VILLE (ID_VILLE, VIL_LIBELLE, ID_PAYS) VALUES ('1625', 'PETRO-ORDAZ', '192');
INSERT INTO VILLE (ID_VILLE, VIL_LIBELLE, ID_PAYS) VALUES ('1626', 'PETAWAWA', '35');
INSERT INTO VILLE (ID_VILLE, VIL_LIBELLE, ID_PAYS) VALUES ('1627', 'PHANAT-NIRHON', '180');
INSERT INTO VILLE (ID_VILLE, VIL_LIBELLE, ID_PAYS) VALUES ('1628', 'PIATIGORSK', '150');
INSERT INTO VILLE (ID_VILLE, VIL_LIBELLE, ID_PAYS) VALUES ('1629', 'PINCOURT', '35');
INSERT INTO VILLE (ID_VILLE, VIL_LIBELLE, ID_PAYS) VALUES ('1630', 'LAS PIEDRAS', '190');
INSERT INTO VILLE (ID_VILLE, VIL_LIBELLE, ID_PAYS) VALUES ('1631', 'PISCATAWAY', '58');
INSERT INTO VILLE (ID_VILLE, VIL_LIBELLE, ID_PAYS) VALUES ('1632', 'PONTARLIER', '62');
INSERT INTO VILLE (ID_VILLE, VIL_LIBELLE, ID_PAYS) VALUES ('1633', 'PSKOV', '150');
INSERT INTO VILLE (ID_VILLE, VIL_LIBELLE, ID_PAYS) VALUES ('1634', 'PRAVETZ', '30');
INSERT INTO VILLE (ID_VILLE, VIL_LIBELLE, ID_PAYS) VALUES ('1635', 'PREVESSIN', '62');
INSERT INTO VILLE (ID_VILLE, VIL_LIBELLE, ID_PAYS) VALUES ('1636', 'PULAU-BID_VILLEONG', '107');
INSERT INTO VILLE (ID_VILLE, VIL_LIBELLE, ID_PAYS) VALUES ('1637', 'PUERTO-LA-CRUZ', '192');
INSERT INTO VILLE (ID_VILLE, VIL_LIBELLE, ID_PAYS) VALUES ('1638', 'QUEZON-CITY', '140');
INSERT INTO VILLE (ID_VILLE, VIL_LIBELLE, ID_PAYS) VALUES ('1639', 'RAMAT-GAN', '85');
INSERT INTO VILLE (ID_VILLE, VIL_LIBELLE, ID_PAYS) VALUES ('1640', 'SAMARRA', '81');
INSERT INTO VILLE (ID_VILLE, VIL_LIBELLE, ID_PAYS) VALUES ('1641', 'RIAZAN', '150');
INSERT INTO VILLE (ID_VILLE, VIL_LIBELLE, ID_PAYS) VALUES ('1642', 'ROMA', '97');
INSERT INTO VILLE (ID_VILLE, VIL_LIBELLE, ID_PAYS) VALUES ('1643', 'MAR-ROUKOS', '99');
INSERT INTO VILLE (ID_VILLE, VIL_LIBELLE, ID_PAYS) VALUES ('1644', 'RONUGU', '127');
INSERT INTO VILLE (ID_VILLE, VIL_LIBELLE, ID_PAYS) VALUES ('1645', 'STE-ROX', '35');
INSERT INTO VILLE (ID_VILLE, VIL_LIBELLE, ID_PAYS) VALUES ('1646', 'RUHUNA', '170');
INSERT INTO VILLE (ID_VILLE, VIL_LIBELLE, ID_PAYS) VALUES ('1647', 'SAASBACH', '5');
INSERT INTO VILLE (ID_VILLE, VIL_LIBELLE, ID_PAYS) VALUES ('1648', 'SAMOREAU', '62');
INSERT INTO VILLE (ID_VILLE, VIL_LIBELLE, ID_PAYS) VALUES ('1649', 'Santarém', '142');
INSERT INTO VILLE (ID_VILLE, VIL_LIBELLE, ID_PAYS) VALUES ('1650', 'SASKATCHEWAN', '35');
INSERT INTO VILLE (ID_VILLE, VIL_LIBELLE, ID_PAYS) VALUES ('1651', 'SERDANG', '107');
INSERT INTO VILLE (ID_VILLE, VIL_LIBELLE, ID_PAYS) VALUES ('1652', 'ROSEMONT', '35');
INSERT INTO VILLE (ID_VILLE, VIL_LIBELLE, ID_PAYS) VALUES ('1653', 'SHONRING', '38');
INSERT INTO VILLE (ID_VILLE, VIL_LIBELLE, ID_PAYS) VALUES ('1654', 'SAN DOMINGO', '135');
INSERT INTO VILLE (ID_VILLE, VIL_LIBELLE, ID_PAYS) VALUES ('1655', 'SANTIOGOLO', '146');
INSERT INTO VILLE (ID_VILLE, VIL_LIBELLE, ID_PAYS) VALUES ('1656', 'SIOUTI', '99');
INSERT INTO VILLE (ID_VILLE, VIL_LIBELLE, ID_PAYS) VALUES ('1657', 'ST-JULIEN-EN-GENEVOIS', '62');
INSERT INTO VILLE (ID_VILLE, VIL_LIBELLE, ID_PAYS) VALUES ('1658', 'SLIVEN', '30');
INSERT INTO VILLE (ID_VILLE, VIL_LIBELLE, ID_PAYS) VALUES ('1659', 'SLIEMA', '111');
INSERT INTO VILLE (ID_VILLE, VIL_LIBELLE, ID_PAYS) VALUES ('1660', 'ST-LOUIS-FRANCE', '62');
INSERT INTO VILLE (ID_VILLE, VIL_LIBELLE, ID_PAYS) VALUES ('1661', 'SMOLENSK', '150');
INSERT INTO VILLE (ID_VILLE, VIL_LIBELLE, ID_PAYS) VALUES ('1662', 'SANTO', '191');
INSERT INTO VILLE (ID_VILLE, VIL_LIBELLE, ID_PAYS) VALUES ('1663', 'SOMANYA', '66');
INSERT INTO VILLE (ID_VILLE, VIL_LIBELLE, ID_PAYS) VALUES ('1664', 'STANFORD', '58');
INSERT INTO VILLE (ID_VILLE, VIL_LIBELLE, ID_PAYS) VALUES ('1665', 'STAOUELI', '4');
INSERT INTO VILLE (ID_VILLE, VIL_LIBELLE, ID_PAYS) VALUES ('1666', 'STONY-BROOK', '58');
INSERT INTO VILLE (ID_VILLE, VIL_LIBELLE, ID_PAYS) VALUES ('1667', 'SUEZ', '52');
INSERT INTO VILLE (ID_VILLE, VIL_LIBELLE, ID_PAYS) VALUES ('1668', 'TAMBOV', '150');
INSERT INTO VILLE (ID_VILLE, VIL_LIBELLE, ID_PAYS) VALUES ('1669', 'TEMPLUNE', '19');
INSERT INTO VILLE (ID_VILLE, VIL_LIBELLE, ID_PAYS) VALUES ('1670', 'THERAPIA', '187');
INSERT INTO VILLE (ID_VILLE, VIL_LIBELLE, ID_PAYS) VALUES ('1671', 'THETFORD-MINES', '35');
INSERT INTO VILLE (ID_VILLE, VIL_LIBELLE, ID_PAYS) VALUES ('1672', 'TRIPOLIS', '67');
INSERT INTO VILLE (ID_VILLE, VIL_LIBELLE, ID_PAYS) VALUES ('1673', 'TOULA', '150');
INSERT INTO VILLE (ID_VILLE, VIL_LIBELLE, ID_PAYS) VALUES ('1674', 'TOUMIEN', '150');
INSERT INTO VILLE (ID_VILLE, VIL_LIBELLE, ID_PAYS) VALUES ('1675', 'TOKAI-MURA', '88');
INSERT INTO VILLE (ID_VILLE, VIL_LIBELLE, ID_PAYS) VALUES ('1676', 'TORUN', '141');
INSERT INTO VILLE (ID_VILLE, VIL_LIBELLE, ID_PAYS) VALUES ('1677', 'TOURNAI', '19');
INSERT INTO VILLE (ID_VILLE, VIL_LIBELLE, ID_PAYS) VALUES ('1678', 'TRAIGUEN', '37');
INSERT INTO VILLE (ID_VILLE, VIL_LIBELLE, ID_PAYS) VALUES ('1679', 'Trèves (Trier)', '5');
INSERT INTO VILLE (ID_VILLE, VIL_LIBELLE, ID_PAYS) VALUES ('1680', 'ULJIN', '44');
INSERT INTO VILLE (ID_VILLE, VIL_LIBELLE, ID_PAYS) VALUES ('1681', 'HULL', '35');
INSERT INTO VILLE (ID_VILLE, VIL_LIBELLE, ID_PAYS) VALUES ('1682', 'UNIVERSITY-PARK', '58');
INSERT INTO VILLE (ID_VILLE, VIL_LIBELLE, ID_PAYS) VALUES ('1683', 'UPPSALA', '171');
INSERT INTO VILLE (ID_VILLE, VIL_LIBELLE, ID_PAYS) VALUES ('1684', 'M.VALLEY', '58');
INSERT INTO VILLE (ID_VILLE, VIL_LIBELLE, ID_PAYS) VALUES ('1685', 'VAUDREUIL', '35');
INSERT INTO VILLE (ID_VILLE, VIL_LIBELLE, ID_PAYS) VALUES ('1686', 'VILLACH', '13');
INSERT INTO VILLE (ID_VILLE, VIL_LIBELLE, ID_PAYS) VALUES ('1687', 'BAN-VINAI', '180');
INSERT INTO VILLE (ID_VILLE, VIL_LIBELLE, ID_PAYS) VALUES ('1688', 'VITERBE', '86');
INSERT INTO VILLE (ID_VILLE, VIL_LIBELLE, ID_PAYS) VALUES ('1689', 'VLADIMIR', '150');
INSERT INTO VILLE (ID_VILLE, VIL_LIBELLE, ID_PAYS) VALUES ('1690', 'VRATZA', '30');
INSERT INTO VILLE (ID_VILLE, VIL_LIBELLE, ID_PAYS) VALUES ('1691', 'LA VUELTOSA', '192');
INSERT INTO VILLE (ID_VILLE, VIL_LIBELLE, ID_PAYS) VALUES ('1692', 'WAGOYA', '88');
INSERT INTO VILLE (ID_VILLE, VIL_LIBELLE, ID_PAYS) VALUES ('1693', 'WARA', '88');
INSERT INTO VILLE (ID_VILLE, VIL_LIBELLE, ID_PAYS) VALUES ('1694', 'WATSUYAMA', '88');
INSERT INTO VILLE (ID_VILLE, VIL_LIBELLE, ID_PAYS) VALUES ('1695', 'WEISSENTHURM', '5');
INSERT INTO VILLE (ID_VILLE, VIL_LIBELLE, ID_PAYS) VALUES ('1696', 'WESTWILLE', '2');
INSERT INTO VILLE (ID_VILLE, VIL_LIBELLE, ID_PAYS) VALUES ('1697', 'WEST LAFAYETTE (INDIANA)', '58');
INSERT INTO VILLE (ID_VILLE, VIL_LIBELLE, ID_PAYS) VALUES ('1698', 'WORTH', '5');
INSERT INTO VILLE (ID_VILLE, VIL_LIBELLE, ID_PAYS) VALUES ('1699', 'YACYRETA', '10');
INSERT INTO VILLE (ID_VILLE, VIL_LIBELLE, ID_PAYS) VALUES ('1700', 'EZ ZAHRA', '185');
INSERT INTO VILLE (ID_VILLE, VIL_LIBELLE, ID_PAYS) VALUES ('1701', 'Zell am See', '13');
INSERT INTO VILLE (ID_VILLE, VIL_LIBELLE, ID_PAYS) VALUES ('1702', 'ZOMBA', '108');
INSERT INTO VILLE (ID_VILLE, VIL_LIBELLE, ID_PAYS) VALUES ('1703', 'KAMUZU', '108');
INSERT INTO VILLE (ID_VILLE, VIL_LIBELLE, ID_PAYS) VALUES ('1704', 'BLAGOEVGRAD', '30');
INSERT INTO VILLE (ID_VILLE, VIL_LIBELLE, ID_PAYS) VALUES ('1705', 'HENGELO', '138');
INSERT INTO VILLE (ID_VILLE, VIL_LIBELLE, ID_PAYS) VALUES ('1706', 'SUN GEI-BESI', '107');
INSERT INTO VILLE (ID_VILLE, VIL_LIBELLE, ID_PAYS) VALUES ('1707', 'PULAU-GALANG', '80');
INSERT INTO VILLE (ID_VILLE, VIL_LIBELLE, ID_PAYS) VALUES ('1708', 'MINHO', '142');
INSERT INTO VILLE (ID_VILLE, VIL_LIBELLE, ID_PAYS) VALUES ('1709', 'STELLARTON', '35');
INSERT INTO VILLE (ID_VILLE, VIL_LIBELLE, ID_PAYS) VALUES ('1710', 'NOVO MESTO', '167');
INSERT INTO VILLE (ID_VILLE, VIL_LIBELLE, ID_PAYS) VALUES ('1711', 'PALAWAN', '140');
INSERT INTO VILLE (ID_VILLE, VIL_LIBELLE, ID_PAYS) VALUES ('1712', 'DENTON (TEXAS)', '58');
INSERT INTO VILLE (ID_VILLE, VIL_LIBELLE, ID_PAYS) VALUES ('1713', 'STORRS (CONNECTICUT)', '58');
INSERT INTO VILLE (ID_VILLE, VIL_LIBELLE, ID_PAYS) VALUES ('1714', 'BENNINGTON (VERMONT)', '58');
INSERT INTO VILLE (ID_VILLE, VIL_LIBELLE, ID_PAYS) VALUES ('1715', 'EAST YORK', '35');
INSERT INTO VILLE (ID_VILLE, VIL_LIBELLE, ID_PAYS) VALUES ('1716', 'IBERVILLE', '35');
INSERT INTO VILLE (ID_VILLE, VIL_LIBELLE, ID_PAYS) VALUES ('1717', 'ZUWARAH', '101');
INSERT INTO VILLE (ID_VILLE, VIL_LIBELLE, ID_PAYS) VALUES ('1718', 'CONGHUA', '38');
INSERT INTO VILLE (ID_VILLE, VIL_LIBELLE, ID_PAYS) VALUES ('1719', 'HARVEY (LOUISIANE)', '58');
INSERT INTO VILLE (ID_VILLE, VIL_LIBELLE, ID_PAYS) VALUES ('1720', 'MCCREARY', '35');
INSERT INTO VILLE (ID_VILLE, VIL_LIBELLE, ID_PAYS) VALUES ('1721', 'Thiès', '161');
INSERT INTO VILLE (ID_VILLE, VIL_LIBELLE, ID_PAYS) VALUES ('1722', 'LIKASI', '145');
INSERT INTO VILLE (ID_VILLE, VIL_LIBELLE, ID_PAYS) VALUES ('1723', 'MBANZA-NGUNGU', '145');
INSERT INTO VILLE (ID_VILLE, VIL_LIBELLE, ID_PAYS) VALUES ('1724', 'CUREPIPE', '114');
INSERT INTO VILLE (ID_VILLE, VIL_LIBELLE, ID_PAYS) VALUES ('1725', 'MAPOU', '114');
INSERT INTO VILLE (ID_VILLE, VIL_LIBELLE, ID_PAYS) VALUES ('1726', 'ADIOPODOUME', '46');
INSERT INTO VILLE (ID_VILLE, VIL_LIBELLE, ID_PAYS) VALUES ('1727', 'KERPEN', '5');
INSERT INTO VILLE (ID_VILLE, VIL_LIBELLE, ID_PAYS) VALUES ('1728', 'BREMERVORDE', '5');
INSERT INTO VILLE (ID_VILLE, VIL_LIBELLE, ID_PAYS) VALUES ('1729', 'WILDECK', '5');
INSERT INTO VILLE (ID_VILLE, VIL_LIBELLE, ID_PAYS) VALUES ('1730', 'SWARTHMORE (PEN)', '58');
INSERT INTO VILLE (ID_VILLE, VIL_LIBELLE, ID_PAYS) VALUES ('1731', 'MISSISSAUGA (ONTARIO)', '35');
INSERT INTO VILLE (ID_VILLE, VIL_LIBELLE, ID_PAYS) VALUES ('1732', 'OSTERHOLZ-SCHARMBECK', '5');
INSERT INTO VILLE (ID_VILLE, VIL_LIBELLE, ID_PAYS) VALUES ('1733', 'GRIFFTHVILLE', '58');
INSERT INTO VILLE (ID_VILLE, VIL_LIBELLE, ID_PAYS) VALUES ('1734', 'STOUGHTON (WIS)', '58');
INSERT INTO VILLE (ID_VILLE, VIL_LIBELLE, ID_PAYS) VALUES ('1735', 'Kénitra', '112');
INSERT INTO VILLE (ID_VILLE, VIL_LIBELLE, ID_PAYS) VALUES ('1736', 'EL KELAA', '112');
INSERT INTO VILLE (ID_VILLE, VIL_LIBELLE, ID_PAYS) VALUES ('1737', 'MALABON', '140');
INSERT INTO VILLE (ID_VILLE, VIL_LIBELLE, ID_PAYS) VALUES ('1738', 'TLAXCALA', '116');
INSERT INTO VILLE (ID_VILLE, VIL_LIBELLE, ID_PAYS) VALUES ('1739', 'PINNEBERG', '5');
INSERT INTO VILLE (ID_VILLE, VIL_LIBELLE, ID_PAYS) VALUES ('1740', 'MARKET (LEICS)', '149');
INSERT INTO VILLE (ID_VILLE, VIL_LIBELLE, ID_PAYS) VALUES ('1741', 'Nabatîyé', '99');
INSERT INTO VILLE (ID_VILLE, VIL_LIBELLE, ID_PAYS) VALUES ('1742', 'GLAUCHAU', '5');
INSERT INTO VILLE (ID_VILLE, VIL_LIBELLE, ID_PAYS) VALUES ('1743', 'LUDINGHAUSEN', '5');
INSERT INTO VILLE (ID_VILLE, VIL_LIBELLE, ID_PAYS) VALUES ('1744', 'MC DONOUGH (GEORGIE)', '58');
INSERT INTO VILLE (ID_VILLE, VIL_LIBELLE, ID_PAYS) VALUES ('1745', 'TANJUNG KARANG', '80');
INSERT INTO VILLE (ID_VILLE, VIL_LIBELLE, ID_PAYS) VALUES ('1746', 'FUNZA', '40');
INSERT INTO VILLE (ID_VILLE, VIL_LIBELLE, ID_PAYS) VALUES ('1747', 'TAKASAKI', '88');
INSERT INTO VILLE (ID_VILLE, VIL_LIBELLE, ID_PAYS) VALUES ('1748', 'Târgu Jiu', '148');
INSERT INTO VILLE (ID_VILLE, VIL_LIBELLE, ID_PAYS) VALUES ('1749', 'PARKSVILLE-BC', '35');
INSERT INTO VILLE (ID_VILLE, VIL_LIBELLE, ID_PAYS) VALUES ('1750', 'WHITE ROCK', '35');
INSERT INTO VILLE (ID_VILLE, VIL_LIBELLE, ID_PAYS) VALUES ('1751', 'WINNEBA', '66');
INSERT INTO VILLE (ID_VILLE, VIL_LIBELLE, ID_PAYS) VALUES ('1752', 'OFFENBACH-AM-MAIN', '5');
INSERT INTO VILLE (ID_VILLE, VIL_LIBELLE, ID_PAYS) VALUES ('1753', 'SHANTI NIKETAN', '79');
INSERT INTO VILLE (ID_VILLE, VIL_LIBELLE, ID_PAYS) VALUES ('1754', 'FALMOUTH', '149');
INSERT INTO VILLE (ID_VILLE, VIL_LIBELLE, ID_PAYS) VALUES ('1755', 'BAAKLINE', '99');
INSERT INTO VILLE (ID_VILLE, VIL_LIBELLE, ID_PAYS) VALUES ('1756', 'SAHEL ALMA', '99');
INSERT INTO VILLE (ID_VILLE, VIL_LIBELLE, ID_PAYS) VALUES ('1757', 'LOUAIZE', '99');
INSERT INTO VILLE (ID_VILLE, VIL_LIBELLE, ID_PAYS) VALUES ('1758', 'KENNEWICK', '58');
INSERT INTO VILLE (ID_VILLE, VIL_LIBELLE, ID_PAYS) VALUES ('1760', 'GAVA', '56');
INSERT INTO VILLE (ID_VILLE, VIL_LIBELLE, ID_PAYS) VALUES ('1761', 'Baalbek (Héliopolis)', '99');
INSERT INTO VILLE (ID_VILLE, VIL_LIBELLE, ID_PAYS) VALUES ('1762', 'MC DONOGH (MARYLAND)', '58');
INSERT INTO VILLE (ID_VILLE, VIL_LIBELLE, ID_PAYS) VALUES ('1763', 'CASSINO', '86');
INSERT INTO VILLE (ID_VILLE, VIL_LIBELLE, ID_PAYS) VALUES ('1764', 'ESSEX', '149');
INSERT INTO VILLE (ID_VILLE, VIL_LIBELLE, ID_PAYS) VALUES ('1765', 'Baabda', '99');
INSERT INTO VILLE (ID_VILLE, VIL_LIBELLE, ID_PAYS) VALUES ('1766', 'CELAYA', '116');
INSERT INTO VILLE (ID_VILLE, VIL_LIBELLE, ID_PAYS) VALUES ('1767', 'SUAL', '140');
INSERT INTO VILLE (ID_VILLE, VIL_LIBELLE, ID_PAYS) VALUES ('1768', 'NEGOTINO', '105');
INSERT INTO VILLE (ID_VILLE, VIL_LIBELLE, ID_PAYS) VALUES ('1769', 'SITGES', '56');
INSERT INTO VILLE (ID_VILLE, VIL_LIBELLE, ID_PAYS) VALUES ('1770', 'OELSNITZ', '5');
INSERT INTO VILLE (ID_VILLE, VIL_LIBELLE, ID_PAYS) VALUES ('1771', 'RUNCORN', '149');
INSERT INTO VILLE (ID_VILLE, VIL_LIBELLE, ID_PAYS) VALUES ('1772', 'VERMONT', '58');
INSERT INTO VILLE (ID_VILLE, VIL_LIBELLE, ID_PAYS) VALUES ('1773', 'GENSHAGEN', '5');
INSERT INTO VILLE (ID_VILLE, VIL_LIBELLE, ID_PAYS) VALUES ('1774', 'Naplouse', '89');
INSERT INTO VILLE (ID_VILLE, VIL_LIBELLE, ID_PAYS) VALUES ('1775', 'RAMALLAH', '89');
INSERT INTO VILLE (ID_VILLE, VIL_LIBELLE, ID_PAYS) VALUES ('1776', 'HALBA', '99');
INSERT INTO VILLE (ID_VILLE, VIL_LIBELLE, ID_PAYS) VALUES ('1777', 'KORCE', '3');
INSERT INTO VILLE (ID_VILLE, VIL_LIBELLE, ID_PAYS) VALUES ('1778', 'GROSSRUCKERSWALDE', '5');
INSERT INTO VILLE (ID_VILLE, VIL_LIBELLE, ID_PAYS) VALUES ('1779', 'Francfort-sur-l''Oder', '5');
INSERT INTO VILLE (ID_VILLE, VIL_LIBELLE, ID_PAYS) VALUES ('1780', 'SARAWAK', '107');
INSERT INTO VILLE (ID_VILLE, VIL_LIBELLE, ID_PAYS) VALUES ('1781', 'ARLINGTON (VIRGINIE)', '58');
INSERT INTO VILLE (ID_VILLE, VIL_LIBELLE, ID_PAYS) VALUES ('1782', 'IHIALA', '127');
INSERT INTO VILLE (ID_VILLE, VIL_LIBELLE, ID_PAYS) VALUES ('1783', 'Zgharta', '99');
INSERT INTO VILLE (ID_VILLE, VIL_LIBELLE, ID_PAYS) VALUES ('1784', 'NEWARK (DE)', '58');
INSERT INTO VILLE (ID_VILLE, VIL_LIBELLE, ID_PAYS) VALUES ('1785', 'HARDTHAUSEN', '5');
INSERT INTO VILLE (ID_VILLE, VIL_LIBELLE, ID_PAYS) VALUES ('1786', 'RHODE-SAINT-GENESE', '19');
INSERT INTO VILLE (ID_VILLE, VIL_LIBELLE, ID_PAYS) VALUES ('1787', 'ESPOO', '61');
INSERT INTO VILLE (ID_VILLE, VIL_LIBELLE, ID_PAYS) VALUES ('1788', 'LOMAS DE ZAMORA', '10');
INSERT INTO VILLE (ID_VILLE, VIL_LIBELLE, ID_PAYS) VALUES ('1789', 'BONNY', '127');
INSERT INTO VILLE (ID_VILLE, VIL_LIBELLE, ID_PAYS) VALUES ('1790', 'Le Callao', '139');
INSERT INTO VILLE (ID_VILLE, VIL_LIBELLE, ID_PAYS) VALUES ('1791', 'SITIO NOVO DE TOCANTINS', '28');
INSERT INTO VILLE (ID_VILLE, VIL_LIBELLE, ID_PAYS) VALUES ('1792', 'TLMACE', '166');
INSERT INTO VILLE (ID_VILLE, VIL_LIBELLE, ID_PAYS) VALUES ('1793', 'SEABROOK (MARYLAND)', '58');
INSERT INTO VILLE (ID_VILLE, VIL_LIBELLE, ID_PAYS) VALUES ('1794', 'CRANFIELD', '149');
INSERT INTO VILLE (ID_VILLE, VIL_LIBELLE, ID_PAYS) VALUES ('1795', 'ALMUNECAR', '56');
INSERT INTO VILLE (ID_VILLE, VIL_LIBELLE, ID_PAYS) VALUES ('1796', 'ARNHEM', '138');
INSERT INTO VILLE (ID_VILLE, VIL_LIBELLE, ID_PAYS) VALUES ('1797', 'VIANA DO CASTELO', '142');
INSERT INTO VILLE (ID_VILLE, VIL_LIBELLE, ID_PAYS) VALUES ('1798', 'ORBE', '172');
INSERT INTO VILLE (ID_VILLE, VIL_LIBELLE, ID_PAYS) VALUES ('1799', 'WATERTOWN (CT)', '58');
INSERT INTO VILLE (ID_VILLE, VIL_LIBELLE, ID_PAYS) VALUES ('1800', 'ARTA', '67');
INSERT INTO VILLE (ID_VILLE, VIL_LIBELLE, ID_PAYS) VALUES ('1801', 'BANBURY', '149');
INSERT INTO VILLE (ID_VILLE, VIL_LIBELLE, ID_PAYS) VALUES ('1802', 'METROMANILA', '140');
INSERT INTO VILLE (ID_VILLE, VIL_LIBELLE, ID_PAYS) VALUES ('1803', 'CHARLESBOURG (QUEBEC)', '35');
INSERT INTO VILLE (ID_VILLE, VIL_LIBELLE, ID_PAYS) VALUES ('1804', 'MITAKA', '88');
INSERT INTO VILLE (ID_VILLE, VIL_LIBELLE, ID_PAYS) VALUES ('1805', 'JYVASKYLA', '61');
INSERT INTO VILLE (ID_VILLE, VIL_LIBELLE, ID_PAYS) VALUES ('1806', 'SLIGO', '83');
INSERT INTO VILLE (ID_VILLE, VIL_LIBELLE, ID_PAYS) VALUES ('1807', 'UMEA', '171');
INSERT INTO VILLE (ID_VILLE, VIL_LIBELLE, ID_PAYS) VALUES ('1808', 'WURZEN', '5');
INSERT INTO VILLE (ID_VILLE, VIL_LIBELLE, ID_PAYS) VALUES ('1809', 'GADEBUSCH', '5');
INSERT INTO VILLE (ID_VILLE, VIL_LIBELLE, ID_PAYS) VALUES ('1810', 'DIK EL MEHDI', '99');
INSERT INTO VILLE (ID_VILLE, VIL_LIBELLE, ID_PAYS) VALUES ('1811', 'CHAMPAIGN (ILLINOIS)', '58');
INSERT INTO VILLE (ID_VILLE, VIL_LIBELLE, ID_PAYS) VALUES ('1812', 'NORRKOPING', '171');
INSERT INTO VILLE (ID_VILLE, VIL_LIBELLE, ID_PAYS) VALUES ('1813', 'FARO', '142');
INSERT INTO VILLE (ID_VILLE, VIL_LIBELLE, ID_PAYS) VALUES ('1814', 'UNTERHACHING', '5');
INSERT INTO VILLE (ID_VILLE, VIL_LIBELLE, ID_PAYS) VALUES ('1815', 'WATERLOO', '19');
INSERT INTO VILLE (ID_VILLE, VIL_LIBELLE, ID_PAYS) VALUES ('1816', 'EL JEM', '185');
INSERT INTO VILLE (ID_VILLE, VIL_LIBELLE, ID_PAYS) VALUES ('1817', 'WALLINGFORD', '149');
INSERT INTO VILLE (ID_VILLE, VIL_LIBELLE, ID_PAYS) VALUES ('1818', 'ESTORIL', '142');
INSERT INTO VILLE (ID_VILLE, VIL_LIBELLE, ID_PAYS) VALUES ('1819', 'SIMOES FILHO', '28');
INSERT INTO VILLE (ID_VILLE, VIL_LIBELLE, ID_PAYS) VALUES ('1820', 'CORDOBA', '116');
INSERT INTO VILLE (ID_VILLE, VIL_LIBELLE, ID_PAYS) VALUES ('1821', 'WELLESLEY (MA)', '58');
INSERT INTO VILLE (ID_VILLE, VIL_LIBELLE, ID_PAYS) VALUES ('1822', 'WOODS HOLE (MA)', '58');
INSERT INTO VILLE (ID_VILLE, VIL_LIBELLE, ID_PAYS) VALUES ('1823', 'DAVOS', '172');
INSERT INTO VILLE (ID_VILLE, VIL_LIBELLE, ID_PAYS) VALUES ('1824', 'BRONKHORSTSPRUIT', '2');
INSERT INTO VILLE (ID_VILLE, VIL_LIBELLE, ID_PAYS) VALUES ('1825', 'JALPAIGURI', '79');
INSERT INTO VILLE (ID_VILLE, VIL_LIBELLE, ID_PAYS) VALUES ('1826', 'DUITAMA', '40');
INSERT INTO VILLE (ID_VILLE, VIL_LIBELLE, ID_PAYS) VALUES ('1827', 'AUROVILLE', '79');
INSERT INTO VILLE (ID_VILLE, VIL_LIBELLE, ID_PAYS) VALUES ('1828', 'LAIBIN', '38');
INSERT INTO VILLE (ID_VILLE, VIL_LIBELLE, ID_PAYS) VALUES ('1829', 'LOBITO', '7');
INSERT INTO VILLE (ID_VILLE, VIL_LIBELLE, ID_PAYS) VALUES ('1830', 'PRENZLAU', '5');
INSERT INTO VILLE (ID_VILLE, VIL_LIBELLE, ID_PAYS) VALUES ('1831', 'ROVINJ', '47');
INSERT INTO VILLE (ID_VILLE, VIL_LIBELLE, ID_PAYS) VALUES ('1832', 'MURAVERA', '86');
INSERT INTO VILLE (ID_VILLE, VIL_LIBELLE, ID_PAYS) VALUES ('1833', 'GREENFORD', '149');
INSERT INTO VILLE (ID_VILLE, VIL_LIBELLE, ID_PAYS) VALUES ('1834', 'DEIR EL KAMAR', '99');
INSERT INTO VILLE (ID_VILLE, VIL_LIBELLE, ID_PAYS) VALUES ('1835', 'HUDDERSFIELD', '149');
INSERT INTO VILLE (ID_VILLE, VIL_LIBELLE, ID_PAYS) VALUES ('1836', 'VAAKSY', '61');
INSERT INTO VILLE (ID_VILLE, VIL_LIBELLE, ID_PAYS) VALUES ('1837', 'ESTIPAC', '116');
INSERT INTO VILLE (ID_VILLE, VIL_LIBELLE, ID_PAYS) VALUES ('1838', 'ELETA-IBADAN', '127');
INSERT INTO VILLE (ID_VILLE, VIL_LIBELLE, ID_PAYS) VALUES ('1839', 'OYO', '127');
INSERT INTO VILLE (ID_VILLE, VIL_LIBELLE, ID_PAYS) VALUES ('1840', 'BOUKHARA', '132');
INSERT INTO VILLE (ID_VILLE, VIL_LIBELLE, ID_PAYS) VALUES ('1841', 'MINIARA', '99');
INSERT INTO VILLE (ID_VILLE, VIL_LIBELLE, ID_PAYS) VALUES ('1842', 'RANOMAFANA', '106');
INSERT INTO VILLE (ID_VILLE, VIL_LIBELLE, ID_PAYS) VALUES ('1843', 'KAVRE', '124');
INSERT INTO VILLE (ID_VILLE, VIL_LIBELLE, ID_PAYS) VALUES ('1844', 'SANT PERE DE RIBES', '56');
INSERT INTO VILLE (ID_VILLE, VIL_LIBELLE, ID_PAYS) VALUES ('1845', 'CHESEAUX-NOREAZ', '172');
INSERT INTO VILLE (ID_VILLE, VIL_LIBELLE, ID_PAYS) VALUES ('1846', 'LIMBIATE', '86');
INSERT INTO VILLE (ID_VILLE, VIL_LIBELLE, ID_PAYS) VALUES ('1847', 'HUAINAN', '38');
INSERT INTO VILLE (ID_VILLE, VIL_LIBELLE, ID_PAYS) VALUES ('1848', 'SLID_VILLEELL (LOUISIANE)', '58');
INSERT INTO VILLE (ID_VILLE, VIL_LIBELLE, ID_PAYS) VALUES ('1849', 'BERGEN', '138');
INSERT INTO VILLE (ID_VILLE, VIL_LIBELLE, ID_PAYS) VALUES ('1850', 'RAMAT HASHARON', '85');
INSERT INTO VILLE (ID_VILLE, VIL_LIBELLE, ID_PAYS) VALUES ('1851', 'ASHBY-DE-LA-ZOUCH', '149');
INSERT INTO VILLE (ID_VILLE, VIL_LIBELLE, ID_PAYS) VALUES ('1852', 'FORFAR', '149');
INSERT INTO VILLE (ID_VILLE, VIL_LIBELLE, ID_PAYS) VALUES ('1853', 'BAUTZEN', '5');
INSERT INTO VILLE (ID_VILLE, VIL_LIBELLE, ID_PAYS) VALUES ('1854', 'DOUALA-AKWA', '34');
INSERT INTO VILLE (ID_VILLE, VIL_LIBELLE, ID_PAYS) VALUES ('1855', 'MAKAK', '34');
INSERT INTO VILLE (ID_VILLE, VIL_LIBELLE, ID_PAYS) VALUES ('1856', 'EZEKA', '34');
INSERT INTO VILLE (ID_VILLE, VIL_LIBELLE, ID_PAYS) VALUES ('1857', 'Sarh', '179');
INSERT INTO VILLE (ID_VILLE, VIL_LIBELLE, ID_PAYS) VALUES ('1858', 'DOBA', '179');
INSERT INTO VILLE (ID_VILLE, VIL_LIBELLE, ID_PAYS) VALUES ('1859', 'Popinguine', '161');
INSERT INTO VILLE (ID_VILLE, VIL_LIBELLE, ID_PAYS) VALUES ('1860', 'FENERIVE EST', '106');
INSERT INTO VILLE (ID_VILLE, VIL_LIBELLE, ID_PAYS) VALUES ('1861', 'MARINARIVO ITASY', '106');
INSERT INTO VILLE (ID_VILLE, VIL_LIBELLE, ID_PAYS) VALUES ('1862', 'SOLENZO', '31');
INSERT INTO VILLE (ID_VILLE, VIL_LIBELLE, ID_PAYS) VALUES ('1863', 'MAMOU', '70');
INSERT INTO VILLE (ID_VILLE, VIL_LIBELLE, ID_PAYS) VALUES ('1864', 'MINDELO', '36');
INSERT INTO VILLE (ID_VILLE, VIL_LIBELLE, ID_PAYS) VALUES ('1865', 'Korhogo', '46');
INSERT INTO VILLE (ID_VILLE, VIL_LIBELLE, ID_PAYS) VALUES ('1866', 'BAD LAUSIK', '5');
INSERT INTO VILLE (ID_VILLE, VIL_LIBELLE, ID_PAYS) VALUES ('1867', 'NEW BRITAIN (CONNECTICUT)', '58');
INSERT INTO VILLE (ID_VILLE, VIL_LIBELLE, ID_PAYS) VALUES ('1868', 'KOUPELA', '31');
INSERT INTO VILLE (ID_VILLE, VIL_LIBELLE, ID_PAYS) VALUES ('1869', 'PRESTON', '149');
INSERT INTO VILLE (ID_VILLE, VIL_LIBELLE, ID_PAYS) VALUES ('1870', 'ISSIA', '46');
INSERT INTO VILLE (ID_VILLE, VIL_LIBELLE, ID_PAYS) VALUES ('1871', 'VAVATENINA', '106');
INSERT INTO VILLE (ID_VILLE, VIL_LIBELLE, ID_PAYS) VALUES ('1872', 'KAZO', '88');
INSERT INTO VILLE (ID_VILLE, VIL_LIBELLE, ID_PAYS) VALUES ('1873', 'MASUKU', '63');
INSERT INTO VILLE (ID_VILLE, VIL_LIBELLE, ID_PAYS) VALUES ('1874', 'MEIGANGA', '34');
INSERT INTO VILLE (ID_VILLE, VIL_LIBELLE, ID_PAYS) VALUES ('1875', 'Goiás', '28');
INSERT INTO VILLE (ID_VILLE, VIL_LIBELLE, ID_PAYS) VALUES ('1876', 'FRANKLIN (MASSACHUSSETT)', '58');
INSERT INTO VILLE (ID_VILLE, VIL_LIBELLE, ID_PAYS) VALUES ('1878', 'KIRCHHEIM', '5');
INSERT INTO VILLE (ID_VILLE, VIL_LIBELLE, ID_PAYS) VALUES ('1879', 'UPPLANDS VASBY', '171');
INSERT INTO VILLE (ID_VILLE, VIL_LIBELLE, ID_PAYS) VALUES ('1880', 'BOFFA', '70');
INSERT INTO VILLE (ID_VILLE, VIL_LIBELLE, ID_PAYS) VALUES ('1881', 'KOUDOUGOU', '31');
INSERT INTO VILLE (ID_VILLE, VIL_LIBELLE, ID_PAYS) VALUES ('1882', 'POUMA', '34');
INSERT INTO VILLE (ID_VILLE, VIL_LIBELLE, ID_PAYS) VALUES ('1883', 'ARIVONIMAMO', '106');
INSERT INTO VILLE (ID_VILLE, VIL_LIBELLE, ID_PAYS) VALUES ('1884', 'SOKODE', '182');
INSERT INTO VILLE (ID_VILLE, VIL_LIBELLE, ID_PAYS) VALUES ('1885', 'KOSOVO', '162');
INSERT INTO VILLE (ID_VILLE, VIL_LIBELLE, ID_PAYS) VALUES ('1886', 'TOKOMBERE', '34');
INSERT INTO VILLE (ID_VILLE, VIL_LIBELLE, ID_PAYS) VALUES ('1887', 'KOUTO', '46');
INSERT INTO VILLE (ID_VILLE, VIL_LIBELLE, ID_PAYS) VALUES ('1889', 'OSHAKATI', '122');
INSERT INTO VILLE (ID_VILLE, VIL_LIBELLE, ID_PAYS) VALUES ('1890', 'PITESTI', '148');
INSERT INTO VILLE (ID_VILLE, VIL_LIBELLE, ID_PAYS) VALUES ('1891', 'MADANG', '136');
INSERT INTO VILLE (ID_VILLE, VIL_LIBELLE, ID_PAYS) VALUES ('1892', 'Gonaïves', '74');
INSERT INTO VILLE (ID_VILLE, VIL_LIBELLE, ID_PAYS) VALUES ('1893', 'MACKAY (QUEENSLAND)', '12');
INSERT INTO VILLE (ID_VILLE, VIL_LIBELLE, ID_PAYS) VALUES ('1894', 'LA LAGUNA (TENERIFE)', '56');
INSERT INTO VILLE (ID_VILLE, VIL_LIBELLE, ID_PAYS) VALUES ('1895', 'SUNNYVALE (CALIFORNIE)', '58');
INSERT INTO VILLE (ID_VILLE, VIL_LIBELLE, ID_PAYS) VALUES ('1896', 'VOHIPENO', '106');
INSERT INTO VILLE (ID_VILLE, VIL_LIBELLE, ID_PAYS) VALUES ('1897', 'Saïda (SID_VILLEon)', '99');
INSERT INTO VILLE (ID_VILLE, VIL_LIBELLE, ID_PAYS) VALUES ('1898', 'BELLEVUE (WASHINGTON)', '58');
INSERT INTO VILLE (ID_VILLE, VIL_LIBELLE, ID_PAYS) VALUES ('1899', 'UNTERSCHLEISSHEIM', '5');
INSERT INTO VILLE (ID_VILLE, VIL_LIBELLE, ID_PAYS) VALUES ('1900', 'MALVERN', '149');
INSERT INTO VILLE (ID_VILLE, VIL_LIBELLE, ID_PAYS) VALUES ('1901', 'EVERGREEN (COLORADO)', '58');
INSERT INTO VILLE (ID_VILLE, VIL_LIBELLE, ID_PAYS) VALUES ('1902', 'BETHESDA (MARYLAND)', '58');
INSERT INTO VILLE (ID_VILLE, VIL_LIBELLE, ID_PAYS) VALUES ('1903', 'ZSAMBEK', '77');
INSERT INTO VILLE (ID_VILLE, VIL_LIBELLE, ID_PAYS) VALUES ('1904', 'LIAONING', '38');
INSERT INTO VILLE (ID_VILLE, VIL_LIBELLE, ID_PAYS) VALUES ('1905', 'ROSRATH', '5');
INSERT INTO VILLE (ID_VILLE, VIL_LIBELLE, ID_PAYS) VALUES ('1906', 'AMBOSITRA', '106');
INSERT INTO VILLE (ID_VILLE, VIL_LIBELLE, ID_PAYS) VALUES ('1907', 'HINCHE', '74');
INSERT INTO VILLE (ID_VILLE, VIL_LIBELLE, ID_PAYS) VALUES ('1908', 'STRALSUND', '5');
INSERT INTO VILLE (ID_VILLE, VIL_LIBELLE, ID_PAYS) VALUES ('1909', 'NAKHON PATHOM', '180');
INSERT INTO VILLE (ID_VILLE, VIL_LIBELLE, ID_PAYS) VALUES ('1910', 'Madras (Chennai)', '79');
INSERT INTO VILLE (ID_VILLE, VIL_LIBELLE, ID_PAYS) VALUES ('1911', 'KUTZTOWN (PENNSYLVANIE)', '58');
INSERT INTO VILLE (ID_VILLE, VIL_LIBELLE, ID_PAYS) VALUES ('1912', 'COSTA MESA (CALIFORNIE)', '58');
INSERT INTO VILLE (ID_VILLE, VIL_LIBELLE, ID_PAYS) VALUES ('1913', 'BRANDIS', '5');
INSERT INTO VILLE (ID_VILLE, VIL_LIBELLE, ID_PAYS) VALUES ('1914', 'HASLETT (MICHIGAN)', '58');
INSERT INTO VILLE (ID_VILLE, VIL_LIBELLE, ID_PAYS) VALUES ('1915', 'FANDRIANA', '106');
INSERT INTO VILLE (ID_VILLE, VIL_LIBELLE, ID_PAYS) VALUES ('1916', 'MANJALANDRIANA', '106');
INSERT INTO VILLE (ID_VILLE, VIL_LIBELLE, ID_PAYS) VALUES ('1917', 'ANEHO', '182');
INSERT INTO VILLE (ID_VILLE, VIL_LIBELLE, ID_PAYS) VALUES ('1918', 'OUST-KAMENOGORSK', '91');
INSERT INTO VILLE (ID_VILLE, VIL_LIBELLE, ID_PAYS) VALUES ('1919', 'BINGEN', '5');
INSERT INTO VILLE (ID_VILLE, VIL_LIBELLE, ID_PAYS) VALUES ('1920', 'YAKO', '31');
INSERT INTO VILLE (ID_VILLE, VIL_LIBELLE, ID_PAYS) VALUES ('1921', 'PETION VILLE', '74');
INSERT INTO VILLE (ID_VILLE, VIL_LIBELLE, ID_PAYS) VALUES ('1922', 'DELMAS', '74');
INSERT INTO VILLE (ID_VILLE, VIL_LIBELLE, ID_PAYS) VALUES ('1923', 'CHENE-BOUGERIES', '172');
INSERT INTO VILLE (ID_VILLE, VIL_LIBELLE, ID_PAYS) VALUES ('1924', 'HOWRAH', '79');
INSERT INTO VILLE (ID_VILLE, VIL_LIBELLE, ID_PAYS) VALUES ('1925', 'TOLIARA (Tuléar)', '106');
INSERT INTO VILLE (ID_VILLE, VIL_LIBELLE, ID_PAYS) VALUES ('1926', 'RAWANG SELANGOR', '107');
INSERT INTO VILLE (ID_VILLE, VIL_LIBELLE, ID_PAYS) VALUES ('1927', 'KOYANG', '44');
INSERT INTO VILLE (ID_VILLE, VIL_LIBELLE, ID_PAYS) VALUES ('1928', 'ISMAILIA', '52');
INSERT INTO VILLE (ID_VILLE, VIL_LIBELLE, ID_PAYS) VALUES ('1929', 'SHAH ALAM', '107');
INSERT INTO VILLE (ID_VILLE, VIL_LIBELLE, ID_PAYS) VALUES ('1930', 'KIERSPE', '5');
INSERT INTO VILLE (ID_VILLE, VIL_LIBELLE, ID_PAYS) VALUES ('1931', 'KILLARNEY HEIGHTS', '12');
INSERT INTO VILLE (ID_VILLE, VIL_LIBELLE, ID_PAYS) VALUES ('1932', 'LAWRENCEVILLE (NEW JERSEY)', '58');
INSERT INTO VILLE (ID_VILLE, VIL_LIBELLE, ID_PAYS) VALUES ('1933', 'Byblos (Jbaïl)', '99');
INSERT INTO VILLE (ID_VILLE, VIL_LIBELLE, ID_PAYS) VALUES ('1934', 'DANIA (FLORID_VILLEE)', '58');
INSERT INTO VILLE (ID_VILLE, VIL_LIBELLE, ID_PAYS) VALUES ('1935', 'MANSFIELD (PA)', '58');
INSERT INTO VILLE (ID_VILLE, VIL_LIBELLE, ID_PAYS) VALUES ('1936', 'WATERTOWN (MA)', '58');
INSERT INTO VILLE (ID_VILLE, VIL_LIBELLE, ID_PAYS) VALUES ('1937', 'ALGRANGE', '62');
INSERT INTO VILLE (ID_VILLE, VIL_LIBELLE, ID_PAYS) VALUES ('1938', 'AMBOISE', '62');
INSERT INTO VILLE (ID_VILLE, VIL_LIBELLE, ID_PAYS) VALUES ('1939', 'ANCENIS', '62');
INSERT INTO VILLE (ID_VILLE, VIL_LIBELLE, ID_PAYS) VALUES ('1940', 'ANNOEULLIN', '62');
INSERT INTO VILLE (ID_VILLE, VIL_LIBELLE, ID_PAYS) VALUES ('1941', 'ARCACHON', '62');
INSERT INTO VILLE (ID_VILLE, VIL_LIBELLE, ID_PAYS) VALUES ('1942', 'ARLES', '62');
INSERT INTO VILLE (ID_VILLE, VIL_LIBELLE, ID_PAYS) VALUES ('1943', 'ARONA', '86');
INSERT INTO VILLE (ID_VILLE, VIL_LIBELLE, ID_PAYS) VALUES ('1944', 'ARRAS', '62');
INSERT INTO VILLE (ID_VILLE, VIL_LIBELLE, ID_PAYS) VALUES ('1945', 'ASTANA', '91');
INSERT INTO VILLE (ID_VILLE, VIL_LIBELLE, ID_PAYS) VALUES ('1946', 'AUBUSSON', '62');
INSERT INTO VILLE (ID_VILLE, VIL_LIBELLE, ID_PAYS) VALUES ('1947', 'BEAUMONT', '62');
INSERT INTO VILLE (ID_VILLE, VIL_LIBELLE, ID_PAYS) VALUES ('1948', 'BLENEAU', '62');
INSERT INTO VILLE (ID_VILLE, VIL_LIBELLE, ID_PAYS) VALUES ('1949', 'BLOIS', '62');
INSERT INTO VILLE (ID_VILLE, VIL_LIBELLE, ID_PAYS) VALUES ('1950', 'BOULOGNE-SUR-MER', '62');
INSERT INTO VILLE (ID_VILLE, VIL_LIBELLE, ID_PAYS) VALUES ('1951', 'BRUGES', '19');
INSERT INTO VILLE (ID_VILLE, VIL_LIBELLE, ID_PAYS) VALUES ('1952', 'CERISY-LA-FORET', '62');
INSERT INTO VILLE (ID_VILLE, VIL_LIBELLE, ID_PAYS) VALUES ('1953', 'CHANTILLY', '62');
INSERT INTO VILLE (ID_VILLE, VIL_LIBELLE, ID_PAYS) VALUES ('1954', 'CHATEAU-D''OEX', '172');
INSERT INTO VILLE (ID_VILLE, VIL_LIBELLE, ID_PAYS) VALUES ('1955', 'CHEVENING', '149');
INSERT INTO VILLE (ID_VILLE, VIL_LIBELLE, ID_PAYS) VALUES ('1956', 'COETQUID_VILLEAN', '62');
INSERT INTO VILLE (ID_VILLE, VIL_LIBELLE, ID_PAYS) VALUES ('1957', 'COIRE', '172');
INSERT INTO VILLE (ID_VILLE, VIL_LIBELLE, ID_PAYS) VALUES ('1958', 'COMBLEUX', '62');
INSERT INTO VILLE (ID_VILLE, VIL_LIBELLE, ID_PAYS) VALUES ('1959', 'DARTMOUTH', '35');
INSERT INTO VILLE (ID_VILLE, VIL_LIBELLE, ID_PAYS) VALUES ('1960', 'DAX', '62');
INSERT INTO VILLE (ID_VILLE, VIL_LIBELLE, ID_PAYS) VALUES ('1961', 'DINAN', '62');
INSERT INTO VILLE (ID_VILLE, VIL_LIBELLE, ID_PAYS) VALUES ('1962', 'DIVONNE-LES-BAINS', '62');
INSERT INTO VILLE (ID_VILLE, VIL_LIBELLE, ID_PAYS) VALUES ('1963', 'DJAKOVA', '162');
INSERT INTO VILLE (ID_VILLE, VIL_LIBELLE, ID_PAYS) VALUES ('1964', 'DULLES', '58');
INSERT INTO VILLE (ID_VILLE, VIL_LIBELLE, ID_PAYS) VALUES ('1965', 'DUNKERQUE', '62');
INSERT INTO VILLE (ID_VILLE, VIL_LIBELLE, ID_PAYS) VALUES ('1966', 'EBENHAUSEN', '5');
INSERT INTO VILLE (ID_VILLE, VIL_LIBELLE, ID_PAYS) VALUES ('1967', 'ECKERNFORDE', '5');
INSERT INTO VILLE (ID_VILLE, VIL_LIBELLE, ID_PAYS) VALUES ('1968', 'ESCHBORN', '5');
INSERT INTO VILLE (ID_VILLE, VIL_LIBELLE, ID_PAYS) VALUES ('1969', 'EVIAN-LES-BAINS', '62');
INSERT INTO VILLE (ID_VILLE, VIL_LIBELLE, ID_PAYS) VALUES ('1970', 'FEIRA', '142');
INSERT INTO VILLE (ID_VILLE, VIL_LIBELLE, ID_PAYS) VALUES ('1971', 'FONTAINEBLEAU', '62');
INSERT INTO VILLE (ID_VILLE, VIL_LIBELLE, ID_PAYS) VALUES ('1972', 'FUNCHAL (Madère)', '142');
INSERT INTO VILLE (ID_VILLE, VIL_LIBELLE, ID_PAYS) VALUES ('1973', 'HOURTIN', '62');
INSERT INTO VILLE (ID_VILLE, VIL_LIBELLE, ID_PAYS) VALUES ('1974', 'ILLHAEUSERN', '62');
INSERT INTO VILLE (ID_VILLE, VIL_LIBELLE, ID_PAYS) VALUES ('1975', 'KAESONG', '43');
INSERT INTO VILLE (ID_VILLE, VIL_LIBELLE, ID_PAYS) VALUES ('1976', 'KARUIZAWA', '88');
INSERT INTO VILLE (ID_VILLE, VIL_LIBELLE, ID_PAYS) VALUES ('1977', 'LAGUIOLE', '62');
INSERT INTO VILLE (ID_VILLE, VIL_LIBELLE, ID_PAYS) VALUES ('1978', 'LES AUBRAIS', '62');
INSERT INTO VILLE (ID_VILLE, VIL_LIBELLE, ID_PAYS) VALUES ('1979', 'LOCTUDY', '62');
INSERT INTO VILLE (ID_VILLE, VIL_LIBELLE, ID_PAYS) VALUES ('1980', 'LOGNES', '62');
INSERT INTO VILLE (ID_VILLE, VIL_LIBELLE, ID_PAYS) VALUES ('1981', 'MACON', '62');
INSERT INTO VILLE (ID_VILLE, VIL_LIBELLE, ID_PAYS) VALUES ('1982', 'MAIQUETIA', '192');
INSERT INTO VILLE (ID_VILLE, VIL_LIBELLE, ID_PAYS) VALUES ('1983', 'MASSY', '62');
INSERT INTO VILLE (ID_VILLE, VIL_LIBELLE, ID_PAYS) VALUES ('1984', 'MITROVICA', '198');
INSERT INTO VILLE (ID_VILLE, VIL_LIBELLE, ID_PAYS) VALUES ('1985', 'MONTBELIARD', '62');
INSERT INTO VILLE (ID_VILLE, VIL_LIBELLE, ID_PAYS) VALUES ('1986', 'MONTELIMAR', '62');
INSERT INTO VILLE (ID_VILLE, VIL_LIBELLE, ID_PAYS) VALUES ('1987', 'MONTEREAU-FAULT-YONNE', '62');
INSERT INTO VILLE (ID_VILLE, VIL_LIBELLE, ID_PAYS) VALUES ('1988', 'MONTREUX', '62');
INSERT INTO VILLE (ID_VILLE, VIL_LIBELLE, ID_PAYS) VALUES ('1989', 'MOULINS', '62');
INSERT INTO VILLE (ID_VILLE, VIL_LIBELLE, ID_PAYS) VALUES ('1990', 'NANCY', '62');
INSERT INTO VILLE (ID_VILLE, VIL_LIBELLE, ID_PAYS) VALUES ('1991', 'PFAFFENHOFFEN', '62');
INSERT INTO VILLE (ID_VILLE, VIL_LIBELLE, ID_PAYS) VALUES ('1992', 'PLAISANCE (ILE MAURICE)', '114');
INSERT INTO VILLE (ID_VILLE, VIL_LIBELLE, ID_PAYS) VALUES ('1993', 'PONT-A-MOUSSON', '62');
INSERT INTO VILLE (ID_VILLE, VIL_LIBELLE, ID_PAYS) VALUES ('1994', 'POUY-SUR-VANNES', '62');
INSERT INTO VILLE (ID_VILLE, VIL_LIBELLE, ID_PAYS) VALUES ('1995', 'PROVINS', '62');
INSERT INTO VILLE (ID_VILLE, VIL_LIBELLE, ID_PAYS) VALUES ('1996', 'RASTATT', '5');
INSERT INTO VILLE (ID_VILLE, VIL_LIBELLE, ID_PAYS) VALUES ('1997', 'ROISSY', '62');
INSERT INTO VILLE (ID_VILLE, VIL_LIBELLE, ID_PAYS) VALUES ('1998', 'RUST', '5');
INSERT INTO VILLE (ID_VILLE, VIL_LIBELLE, ID_PAYS) VALUES ('1999', 'SAINTES', '62');
INSERT INTO VILLE (ID_VILLE, VIL_LIBELLE, ID_PAYS) VALUES ('2000', 'SAO MIGUEL', '142');
INSERT INTO VILLE (ID_VILLE, VIL_LIBELLE, ID_PAYS) VALUES ('2001', 'SAUMUR', '62');
INSERT INTO VILLE (ID_VILLE, VIL_LIBELLE, ID_PAYS) VALUES ('2002', 'SIERRE', '172');
INSERT INTO VILLE (ID_VILLE, VIL_LIBELLE, ID_PAYS) VALUES ('2003', 'SOUTHEND ON SEA', '149');
INSERT INTO VILLE (ID_VILLE, VIL_LIBELLE, ID_PAYS) VALUES ('2004', 'ST-EMILION', '62');
INSERT INTO VILLE (ID_VILLE, VIL_LIBELLE, ID_PAYS) VALUES ('2005', 'ST-ETIENNE-DU-ROUVRAY', '62');
INSERT INTO VILLE (ID_VILLE, VIL_LIBELLE, ID_PAYS) VALUES ('2006', 'ST-GERVAIS-D''AUVERGNE', '62');
INSERT INTO VILLE (ID_VILLE, VIL_LIBELLE, ID_PAYS) VALUES ('2007', 'ST-MALO', '62');
INSERT INTO VILLE (ID_VILLE, VIL_LIBELLE, ID_PAYS) VALUES ('2008', 'ST-OUEN', '62');
INSERT INTO VILLE (ID_VILLE, VIL_LIBELLE, ID_PAYS) VALUES ('2009', 'ST-PIERRE-DES-CORPS', '62');
INSERT INTO VILLE (ID_VILLE, VIL_LIBELLE, ID_PAYS) VALUES ('2010', 'TRAPPES', '62');
INSERT INTO VILLE (ID_VILLE, VIL_LIBELLE, ID_PAYS) VALUES ('2011', 'TRIESENBERG', '102');
INSERT INTO VILLE (ID_VILLE, VIL_LIBELLE, ID_PAYS) VALUES ('2012', 'VAGAR', '84');
INSERT INTO VILLE (ID_VILLE, VIL_LIBELLE, ID_PAYS) VALUES ('2013', 'VALKENBURG', '138');
INSERT INTO VILLE (ID_VILLE, VIL_LIBELLE, ID_PAYS) VALUES ('2014', 'VASA', '171');
INSERT INTO VILLE (ID_VILLE, VIL_LIBELLE, ID_PAYS) VALUES ('2015', 'VERSAILLES', '62');
INSERT INTO VILLE (ID_VILLE, VIL_LIBELLE, ID_PAYS) VALUES ('2016', 'VILLAMOURA', '142');
INSERT INTO VILLE (ID_VILLE, VIL_LIBELLE, ID_PAYS) VALUES ('2017', 'VILLEPINTE', '62');
INSERT INTO VILLE (ID_VILLE, VIL_LIBELLE, ID_PAYS) VALUES ('2018', 'WINDLOCH', '122');
INSERT INTO VILLE (ID_VILLE, VIL_LIBELLE, ID_PAYS) VALUES ('2019', 'STE LUCIE', '153');
INSERT INTO VILLE (ID_VILLE, VIL_LIBELLE, ID_PAYS) VALUES ('2020', 'ANTIBES', '62');
INSERT INTO VILLE (ID_VILLE, VIL_LIBELLE, ID_PAYS) VALUES ('2021', 'VELIZY-VILLACOUBLAY', '62');
INSERT INTO VILLE (ID_VILLE, VIL_LIBELLE, ID_PAYS) VALUES ('2022', 'SVERDLOVSK', '150');
INSERT INTO VILLE (ID_VILLE, VIL_LIBELLE, ID_PAYS) VALUES ('2023', 'KAMENZ', '5');
INSERT INTO VILLE (ID_VILLE, VIL_LIBELLE, ID_PAYS) VALUES ('2024', 'RAMATUELLE', '62');
INSERT INTO VILLE (ID_VILLE, VIL_LIBELLE, ID_PAYS) VALUES ('2025', 'KANGERLUSSUAQ', '49');
INSERT INTO VILLE (ID_VILLE, VIL_LIBELLE, ID_PAYS) VALUES ('2026', 'DOURDAN', '62');
INSERT INTO VILLE (ID_VILLE, VIL_LIBELLE, ID_PAYS) VALUES ('2027', 'SARREGUEMINES', '62');
INSERT INTO VILLE (ID_VILLE, VIL_LIBELLE, ID_PAYS) VALUES ('2028', 'OISSEL', '62');
INSERT INTO VILLE (ID_VILLE, VIL_LIBELLE, ID_PAYS) VALUES ('2029', 'FORBACH', '62');
INSERT INTO VILLE (ID_VILLE, VIL_LIBELLE, ID_PAYS) VALUES ('2030', 'TARBES', '62');
INSERT INTO VILLE (ID_VILLE, VIL_LIBELLE, ID_PAYS) VALUES ('2031', 'RIOM', '62');
INSERT INTO VILLE (ID_VILLE, VIL_LIBELLE, ID_PAYS) VALUES ('2032', 'CHATEAUNEUF-LES-BAINS', '62');
INSERT INTO VILLE (ID_VILLE, VIL_LIBELLE, ID_PAYS) VALUES ('2033', 'PORTO-NOVO', '21');
INSERT INTO VILLE (ID_VILLE, VIL_LIBELLE, ID_PAYS) VALUES ('2034', 'FRANGY', '62');
INSERT INTO VILLE (ID_VILLE, VIL_LIBELLE, ID_PAYS) VALUES ('2035', 'CHALON-SUR-SAONE', '62');
INSERT INTO VILLE (ID_VILLE, VIL_LIBELLE, ID_PAYS) VALUES ('2036', 'BELGIRATE', '86');
INSERT INTO VILLE (ID_VILLE, VIL_LIBELLE, ID_PAYS) VALUES ('2037', 'VILLIGEN', '172');
INSERT INTO VILLE (ID_VILLE, VIL_LIBELLE, ID_PAYS) VALUES ('2038', 'BOURG-EN-BRESSE', '62');
INSERT INTO VILLE (ID_VILLE, VIL_LIBELLE, ID_PAYS) VALUES ('2039', 'SCAER', '62');
INSERT INTO VILLE (ID_VILLE, VIL_LIBELLE, ID_PAYS) VALUES ('2040', 'LOCARNO', '172');
INSERT INTO VILLE (ID_VILLE, VIL_LIBELLE, ID_PAYS) VALUES ('2041', 'STRAUSBERG', '5');
INSERT INTO VILLE (ID_VILLE, VIL_LIBELLE, ID_PAYS) VALUES ('2042', 'REDON', '62');
INSERT INTO VILLE (ID_VILLE, VIL_LIBELLE, ID_PAYS) VALUES ('2043', 'CHALONS-EN-CHAMPAGNE', '62');
INSERT INTO VILLE (ID_VILLE, VIL_LIBELLE, ID_PAYS) VALUES ('2044', 'LE CROISIC', '62');
INSERT INTO VILLE (ID_VILLE, VIL_LIBELLE, ID_PAYS) VALUES ('2045', 'GOURDON', '62');
INSERT INTO VILLE (ID_VILLE, VIL_LIBELLE, ID_PAYS) VALUES ('2046', 'TELTOW', '5');
INSERT INTO VILLE (ID_VILLE, VIL_LIBELLE, ID_PAYS) VALUES ('2047', 'PANSHIR', '1');
INSERT INTO VILLE (ID_VILLE, VIL_LIBELLE, ID_PAYS) VALUES ('2048', 'KHOUDJANT', '176');
INSERT INTO VILLE (ID_VILLE, VIL_LIBELLE, ID_PAYS) VALUES ('2049', 'WEST WICKHAM (KENT)', '149');
INSERT INTO VILLE (ID_VILLE, VIL_LIBELLE, ID_PAYS) VALUES ('2050', 'RIBNITZ-DAMGARTEN', '5');
INSERT INTO VILLE (ID_VILLE, VIL_LIBELLE, ID_PAYS) VALUES ('2051', 'ZEITOUN', '52');
INSERT INTO VILLE (ID_VILLE, VIL_LIBELLE, ID_PAYS) VALUES ('2052', 'BORAS', '171');
INSERT INTO VILLE (ID_VILLE, VIL_LIBELLE, ID_PAYS) VALUES ('2053', 'COMPIEGNE', '62');
INSERT INTO VILLE (ID_VILLE, VIL_LIBELLE, ID_PAYS) VALUES ('2054', 'SAINT-ASTIER', '62');
INSERT INTO VILLE (ID_VILLE, VIL_LIBELLE, ID_PAYS) VALUES ('2055', 'LE POULIGUEN', '62');
INSERT INTO VILLE (ID_VILLE, VIL_LIBELLE, ID_PAYS) VALUES ('2056', 'LUDWIGSBURG', '5');
INSERT INTO VILLE (ID_VILLE, VIL_LIBELLE, ID_PAYS) VALUES ('2057', 'SARREBOURG', '62');
INSERT INTO VILLE (ID_VILLE, VIL_LIBELLE, ID_PAYS) VALUES ('2058', 'SOCHAUX', '62');
INSERT INTO VILLE (ID_VILLE, VIL_LIBELLE, ID_PAYS) VALUES ('2059', 'TREBES', '62');
INSERT INTO VILLE (ID_VILLE, VIL_LIBELLE, ID_PAYS) VALUES ('2060', 'GENTIOUX-PIGEROLLES', '62');
INSERT INTO VILLE (ID_VILLE, VIL_LIBELLE, ID_PAYS) VALUES ('2061', 'BOURAY-SUR-JUINE', '62');
INSERT INTO VILLE (ID_VILLE, VIL_LIBELLE, ID_PAYS) VALUES ('2062', 'AALEN', '5');
INSERT INTO VILLE (ID_VILLE, VIL_LIBELLE, ID_PAYS) VALUES ('2063', 'CAP-D''AGDE', '62');
INSERT INTO VILLE (ID_VILLE, VIL_LIBELLE, ID_PAYS) VALUES ('2064', 'SAINT-DIE-DES-VOSGES', '62');
INSERT INTO VILLE (ID_VILLE, VIL_LIBELLE, ID_PAYS) VALUES ('2065', 'ST-GEORGES-DE-DID_VILLEONNE', '62');
INSERT INTO VILLE (ID_VILLE, VIL_LIBELLE, ID_PAYS) VALUES ('2066', 'CONNELLSVILLE', '58');
INSERT INTO VILLE (ID_VILLE, VIL_LIBELLE, ID_PAYS) VALUES ('2067', 'DOL-DE-BRETAGNE', '62');
INSERT INTO VILLE (ID_VILLE, VIL_LIBELLE, ID_PAYS) VALUES ('2068', 'KLINGENTHAL', '5');
INSERT INTO VILLE (ID_VILLE, VIL_LIBELLE, ID_PAYS) VALUES ('2069', 'BROU', '62');
INSERT INTO VILLE (ID_VILLE, VIL_LIBELLE, ID_PAYS) VALUES ('2070', 'TROYES', '62');
INSERT INTO VILLE (ID_VILLE, VIL_LIBELLE, ID_PAYS) VALUES ('2071', 'HAMHERST (MASSACHUSETTS)', '58');
INSERT INTO VILLE (ID_VILLE, VIL_LIBELLE, ID_PAYS) VALUES ('2072', 'TILBURY', '149');
INSERT INTO VILLE (ID_VILLE, VIL_LIBELLE, ID_PAYS) VALUES ('2073', 'HOD HASHARON', '85');
INSERT INTO VILLE (ID_VILLE, VIL_LIBELLE, ID_PAYS) VALUES ('2074', 'SAVENAY', '62');
INSERT INTO VILLE (ID_VILLE, VIL_LIBELLE, ID_PAYS) VALUES ('2075', 'VIRGINIA BEACH (VIRGINIE)', '58');
INSERT INTO VILLE (ID_VILLE, VIL_LIBELLE, ID_PAYS) VALUES ('2076', 'BEAUNE', '62');
INSERT INTO VILLE (ID_VILLE, VIL_LIBELLE, ID_PAYS) VALUES ('2077', 'MEYMAC', '62');
INSERT INTO VILLE (ID_VILLE, VIL_LIBELLE, ID_PAYS) VALUES ('2078', 'ORLY', '62');
INSERT INTO VILLE (ID_VILLE, VIL_LIBELLE, ID_PAYS) VALUES ('2079', 'CHAMPS-SUR-MARNE', '62');
INSERT INTO VILLE (ID_VILLE, VIL_LIBELLE, ID_PAYS) VALUES ('2080', 'VEVEY', '172');
INSERT INTO VILLE (ID_VILLE, VIL_LIBELLE, ID_PAYS) VALUES ('2081', 'GERARDMER', '62');
INSERT INTO VILLE (ID_VILLE, VIL_LIBELLE, ID_PAYS) VALUES ('2082', 'REMIREMONT', '62');
INSERT INTO VILLE (ID_VILLE, VIL_LIBELLE, ID_PAYS) VALUES ('2083', 'OULLINS', '62');
INSERT INTO VILLE (ID_VILLE, VIL_LIBELLE, ID_PAYS) VALUES ('2084', 'RAMONCHAMP', '62');
INSERT INTO VILLE (ID_VILLE, VIL_LIBELLE, ID_PAYS) VALUES ('2085', 'MONTROUGE', '62');
INSERT INTO VILLE (ID_VILLE, VIL_LIBELLE, ID_PAYS) VALUES ('2086', 'RIESA', '5');
INSERT INTO VILLE (ID_VILLE, VIL_LIBELLE, ID_PAYS) VALUES ('2087', 'AMBATOMANGA', '106');
INSERT INTO VILLE (ID_VILLE, VIL_LIBELLE, ID_PAYS) VALUES ('2088', 'TEL MOND', '85');
INSERT INTO VILLE (ID_VILLE, VIL_LIBELLE, ID_PAYS) VALUES ('2089', 'NIEUWERSLUIS', '138');
INSERT INTO VILLE (ID_VILLE, VIL_LIBELLE, ID_PAYS) VALUES ('2090', 'MOUCHARD', '62');
INSERT INTO VILLE (ID_VILLE, VIL_LIBELLE, ID_PAYS) VALUES ('2091', 'CRAPONNE', '62');
INSERT INTO VILLE (ID_VILLE, VIL_LIBELLE, ID_PAYS) VALUES ('2092', 'MAKATI CITY', '140');
INSERT INTO VILLE (ID_VILLE, VIL_LIBELLE, ID_PAYS) VALUES ('2093', 'EGYETEM', '77');
INSERT INTO VILLE (ID_VILLE, VIL_LIBELLE, ID_PAYS) VALUES ('2094', 'SURGERES', '62');
INSERT INTO VILLE (ID_VILLE, VIL_LIBELLE, ID_PAYS) VALUES ('2095', 'MONTSOULT', '62');
INSERT INTO VILLE (ID_VILLE, VIL_LIBELLE, ID_PAYS) VALUES ('2096', 'VIARMES', '62');
INSERT INTO VILLE (ID_VILLE, VIL_LIBELLE, ID_PAYS) VALUES ('2097', 'MSID_VILLEA', '111');
INSERT INTO VILLE (ID_VILLE, VIL_LIBELLE, ID_PAYS) VALUES ('2098', 'UBON RATCHATHANI', '180');
INSERT INTO VILLE (ID_VILLE, VIL_LIBELLE, ID_PAYS) VALUES ('2099', 'REINBEK', '5');
INSERT INTO VILLE (ID_VILLE, VIL_LIBELLE, ID_PAYS) VALUES ('2100', 'CLAREMONT (CALIFORNIE)', '58');
INSERT INTO VILLE (ID_VILLE, VIL_LIBELLE, ID_PAYS) VALUES ('2101', 'SAINT-GERMAIN-EN-LAYE', '62');
INSERT INTO VILLE (ID_VILLE, VIL_LIBELLE, ID_PAYS) VALUES ('2102', 'DOUAI', '62');
INSERT INTO VILLE (ID_VILLE, VIL_LIBELLE, ID_PAYS) VALUES ('2103', 'CROYDON', '149');
INSERT INTO VILLE (ID_VILLE, VIL_LIBELLE, ID_PAYS) VALUES ('2104', 'OUTREMONT (QUEBEC)', '35');
INSERT INTO VILLE (ID_VILLE, VIL_LIBELLE, ID_PAYS) VALUES ('2105', 'ETAPLES', '62');
INSERT INTO VILLE (ID_VILLE, VIL_LIBELLE, ID_PAYS) VALUES ('2106', 'SEDGEFIELD', '149');
INSERT INTO VILLE (ID_VILLE, VIL_LIBELLE, ID_PAYS) VALUES ('2107', 'LA TOUR-DE-SALVAGNY', '62');
INSERT INTO VILLE (ID_VILLE, VIL_LIBELLE, ID_PAYS) VALUES ('2108', 'ST-ETIENNE-DE-MONTLUC', '62');
INSERT INTO VILLE (ID_VILLE, VIL_LIBELLE, ID_PAYS) VALUES ('2109', 'BETHUNE', '62');
INSERT INTO VILLE (ID_VILLE, VIL_LIBELLE, ID_PAYS) VALUES ('2110', 'MEYLAN', '62');
INSERT INTO VILLE (ID_VILLE, VIL_LIBELLE, ID_PAYS) VALUES ('2111', 'PRUNAY', '62');
INSERT INTO VILLE (ID_VILLE, VIL_LIBELLE, ID_PAYS) VALUES ('2112', 'ST-DENIS', '62');
INSERT INTO VILLE (ID_VILLE, VIL_LIBELLE, ID_PAYS) VALUES ('2113', 'SUCY-EN-BRIE', '62');
INSERT INTO VILLE (ID_VILLE, VIL_LIBELLE, ID_PAYS) VALUES ('2114', 'ASNIERES-SUR-OISE', '62');
INSERT INTO VILLE (ID_VILLE, VIL_LIBELLE, ID_PAYS) VALUES ('2115', 'MORCENX', '62');
INSERT INTO VILLE (ID_VILLE, VIL_LIBELLE, ID_PAYS) VALUES ('2116', 'LE PLESSIS-MACE', '62');
INSERT INTO VILLE (ID_VILLE, VIL_LIBELLE, ID_PAYS) VALUES ('2117', 'VERNON', '62');
INSERT INTO VILLE (ID_VILLE, VIL_LIBELLE, ID_PAYS) VALUES ('2118', 'LAMBALLE', '62');
INSERT INTO VILLE (ID_VILLE, VIL_LIBELLE, ID_PAYS) VALUES ('2119', 'OBERNAI', '62');
INSERT INTO VILLE (ID_VILLE, VIL_LIBELLE, ID_PAYS) VALUES ('2120', 'BATAVIA (ILLINOIS)', '58');
INSERT INTO VILLE (ID_VILLE, VIL_LIBELLE, ID_PAYS) VALUES ('2121', 'CANISY', '62');
INSERT INTO VILLE (ID_VILLE, VIL_LIBELLE, ID_PAYS) VALUES ('2122', 'AUXERRE', '62');
INSERT INTO VILLE (ID_VILLE, VIL_LIBELLE, ID_PAYS) VALUES ('2123', 'BAHREIN', '16');
INSERT INTO VILLE (ID_VILLE, VIL_LIBELLE, ID_PAYS) VALUES ('2124', 'MEYRARGUES', '62');
INSERT INTO VILLE (ID_VILLE, VIL_LIBELLE, ID_PAYS) VALUES ('2125', 'CHAMONIX-MONT-BLANC', '62');
INSERT INTO VILLE (ID_VILLE, VIL_LIBELLE, ID_PAYS) VALUES ('2126', 'SETE', '62');
INSERT INTO VILLE (ID_VILLE, VIL_LIBELLE, ID_PAYS) VALUES ('2127', 'SALTSJOBADEN', '171');
INSERT INTO VILLE (ID_VILLE, VIL_LIBELLE, ID_PAYS) VALUES ('2128', 'VEYRIER-DU-LAC', '62');
INSERT INTO VILLE (ID_VILLE, VIL_LIBELLE, ID_PAYS) VALUES ('2129', 'GENGENBACH', '5');
INSERT INTO VILLE (ID_VILLE, VIL_LIBELLE, ID_PAYS) VALUES ('2130', 'TAVERNY', '62');
INSERT INTO VILLE (ID_VILLE, VIL_LIBELLE, ID_PAYS) VALUES ('2131', 'LIMOURS', '62');
INSERT INTO VILLE (ID_VILLE, VIL_LIBELLE, ID_PAYS) VALUES ('2132', 'LES MUREAUX', '62');
INSERT INTO VILLE (ID_VILLE, VIL_LIBELLE, ID_PAYS) VALUES ('2133', 'BAREGES', '62');
INSERT INTO VILLE (ID_VILLE, VIL_LIBELLE, ID_PAYS) VALUES ('2134', 'MONTIGNY-LES-CORMEILLES', '62');
INSERT INTO VILLE (ID_VILLE, VIL_LIBELLE, ID_PAYS) VALUES ('2135', 'MARNE-LA-VALLEE', '62');
INSERT INTO VILLE (ID_VILLE, VIL_LIBELLE, ID_PAYS) VALUES ('2136', 'Mahé', '163');
INSERT INTO VILLE (ID_VILLE, VIL_LIBELLE, ID_PAYS) VALUES ('2137', 'ANTSIRANANA (Diégo-Suarez)', '106');
INSERT INTO VILLE (ID_VILLE, VIL_LIBELLE, ID_PAYS) VALUES ('2138', 'Charm ech Cheikh', '52');
INSERT INTO VILLE (ID_VILLE, VIL_LIBELLE, ID_PAYS) VALUES ('2139', 'SANGATTE', '62');
INSERT INTO VILLE (ID_VILLE, VIL_LIBELLE, ID_PAYS) VALUES ('2140', 'WANGCHUTABA', '22');
INSERT INTO VILLE (ID_VILLE, VIL_LIBELLE, ID_PAYS) VALUES ('2141', 'NEUSTADT', '5');
INSERT INTO VILLE (ID_VILLE, VIL_LIBELLE, ID_PAYS) VALUES ('2143', 'SANTA ANA (CALIFORNIE)', '58');
INSERT INTO VILLE (ID_VILLE, VIL_LIBELLE, ID_PAYS) VALUES ('2144', 'RICHMOND', '12');
INSERT INTO VILLE (ID_VILLE, VIL_LIBELLE, ID_PAYS) VALUES ('2145', 'HERXHEIM', '5');
INSERT INTO VILLE (ID_VILLE, VIL_LIBELLE, ID_PAYS) VALUES ('2146', 'HAYNA', '5');
INSERT INTO VILLE (ID_VILLE, VIL_LIBELLE, ID_PAYS) VALUES ('2147', 'MOULSFORD ON THAMES', '149');
INSERT INTO VILLE (ID_VILLE, VIL_LIBELLE, ID_PAYS) VALUES ('2148', 'BRIANCON', '62');
INSERT INTO VILLE (ID_VILLE, VIL_LIBELLE, ID_PAYS) VALUES ('2149', 'QUETZALTENANGO', '69');
INSERT INTO VILLE (ID_VILLE, VIL_LIBELLE, ID_PAYS) VALUES ('2150', 'GRANGES-PACCOT', '172');
INSERT INTO VILLE (ID_VILLE, VIL_LIBELLE, ID_PAYS) VALUES ('2151', 'ERAGNY', '62');
INSERT INTO VILLE (ID_VILLE, VIL_LIBELLE, ID_PAYS) VALUES ('2152', 'CRUIS', '62');
INSERT INTO VILLE (ID_VILLE, VIL_LIBELLE, ID_PAYS) VALUES ('2153', 'EMBRUN', '62');
INSERT INTO VILLE (ID_VILLE, VIL_LIBELLE, ID_PAYS) VALUES ('2154', 'ST-ANDEOL-DE-VALS', '62');
INSERT INTO VILLE (ID_VILLE, VIL_LIBELLE, ID_PAYS) VALUES ('2155', 'YSSINGEAUX', '62');
INSERT INTO VILLE (ID_VILLE, VIL_LIBELLE, ID_PAYS) VALUES ('2156', 'RHEINE', '5');
INSERT INTO VILLE (ID_VILLE, VIL_LIBELLE, ID_PAYS) VALUES ('2157', 'KOBLENZ', '5');
INSERT INTO VILLE (ID_VILLE, VIL_LIBELLE, ID_PAYS) VALUES ('2158', 'MONTHOU-SUR-CHER', '62');
INSERT INTO VILLE (ID_VILLE, VIL_LIBELLE, ID_PAYS) VALUES ('2159', 'BAYONNE', '62');
INSERT INTO VILLE (ID_VILLE, VIL_LIBELLE, ID_PAYS) VALUES ('2160', 'ISTRES', '62');
INSERT INTO VILLE (ID_VILLE, VIL_LIBELLE, ID_PAYS) VALUES ('2161', 'MARIGNANE', '62');
INSERT INTO VILLE (ID_VILLE, VIL_LIBELLE, ID_PAYS) VALUES ('2162', 'VIC-EN-BIGORRE', '62');
INSERT INTO VILLE (ID_VILLE, VIL_LIBELLE, ID_PAYS) VALUES ('2163', 'SAARLOUIS', '5');
INSERT INTO VILLE (ID_VILLE, VIL_LIBELLE, ID_PAYS) VALUES ('2164', 'DOMPIERRE-SUR-BESBRE', '62');
INSERT INTO VILLE (ID_VILLE, VIL_LIBELLE, ID_PAYS) VALUES ('2165', 'PLESLIN', '62');
INSERT INTO VILLE (ID_VILLE, VIL_LIBELLE, ID_PAYS) VALUES ('2166', 'SEVRES', '62');
INSERT INTO VILLE (ID_VILLE, VIL_LIBELLE, ID_PAYS) VALUES ('2167', 'AROLSEN', '5');
INSERT INTO VILLE (ID_VILLE, VIL_LIBELLE, ID_PAYS) VALUES ('2168', 'MALPENSA', '86');
INSERT INTO VILLE (ID_VILLE, VIL_LIBELLE, ID_PAYS) VALUES ('2169', 'CHELTENHAM', '149');
INSERT INTO VILLE (ID_VILLE, VIL_LIBELLE, ID_PAYS) VALUES ('2170', 'GUANAJUATO', '116');
INSERT INTO VILLE (ID_VILLE, VIL_LIBELLE, ID_PAYS) VALUES ('2171', 'QUIXERAMOBIM', '28');
INSERT INTO VILLE (ID_VILLE, VIL_LIBELLE, ID_PAYS) VALUES ('2172', 'BAABDA', '99');
INSERT INTO VILLE (ID_VILLE, VIL_LIBELLE, ID_PAYS) VALUES ('2174', 'CARLISLE (PENNSYLVANIE)', '58');
INSERT INTO VILLE (ID_VILLE, VIL_LIBELLE, ID_PAYS) VALUES ('2175', 'DAPHNE (ALABAMA)', '58');
INSERT INTO VILLE (ID_VILLE, VIL_LIBELLE, ID_PAYS) VALUES ('2176', 'PARKER (COLORADO)', '58');
INSERT INTO VILLE (ID_VILLE, VIL_LIBELLE, ID_PAYS) VALUES ('2177', 'BASILDON (ESSEX)', '149');
INSERT INTO VILLE (ID_VILLE, VIL_LIBELLE, ID_PAYS) VALUES ('2178', 'EDEA', '34');
INSERT INTO VILLE (ID_VILLE, VIL_LIBELLE, ID_PAYS) VALUES ('2179', 'CHATSWORTH (CALIFORNIE)', '58');
INSERT INTO VILLE (ID_VILLE, VIL_LIBELLE, ID_PAYS) VALUES ('2180', 'SAINT PIERRE', '114');
INSERT INTO VILLE (ID_VILLE, VIL_LIBELLE, ID_PAYS) VALUES ('2181', 'BOU SALEM', '185');
INSERT INTO VILLE (ID_VILLE, VIL_LIBELLE, ID_PAYS) VALUES ('2182', 'OREGON HOUSE (CALIFORNIE)', '58');
INSERT INTO VILLE (ID_VILLE, VIL_LIBELLE, ID_PAYS) VALUES ('2183', 'TETOVO', '105');
INSERT INTO VILLE (ID_VILLE, VIL_LIBELLE, ID_PAYS) VALUES ('2184', 'PRILEP', '105');
INSERT INTO VILLE (ID_VILLE, VIL_LIBELLE, ID_PAYS) VALUES ('2185', 'HATTEN', '5');
INSERT INTO VILLE (ID_VILLE, VIL_LIBELLE, ID_PAYS) VALUES ('2186', 'ESCH BACH', '5');
INSERT INTO VILLE (ID_VILLE, VIL_LIBELLE, ID_PAYS) VALUES ('2187', 'BEACONSFIELD (BUCKINGHAMSHIRE)', '149');
INSERT INTO VILLE (ID_VILLE, VIL_LIBELLE, ID_PAYS) VALUES ('2188', 'VAL-BELAIR (QUEBEC)', '35');
INSERT INTO VILLE (ID_VILLE, VIL_LIBELLE, ID_PAYS) VALUES ('2189', 'San Miguel de Tucumán', '10');
INSERT INTO VILLE (ID_VILLE, VIL_LIBELLE, ID_PAYS) VALUES ('2190', 'COURTRAI', '19');
INSERT INTO VILLE (ID_VILLE, VIL_LIBELLE, ID_PAYS) VALUES ('2191', 'MOUSCRON', '19');
INSERT INTO VILLE (ID_VILLE, VIL_LIBELLE, ID_PAYS) VALUES ('2192', 'Foz do Iguaçu (PARANA)', '28');
INSERT INTO VILLE (ID_VILLE, VIL_LIBELLE, ID_PAYS) VALUES ('2193', 'NORTH SYDNEY (NOUVELLE-ECOSSE)', '35');
INSERT INTO VILLE (ID_VILLE, VIL_LIBELLE, ID_PAYS) VALUES ('2194', 'HANGA ROA (ILE DE PAQUES)', '37');
INSERT INTO VILLE (ID_VILLE, VIL_LIBELLE, ID_PAYS) VALUES ('2195', 'FREDERICIA', '49');
INSERT INTO VILLE (ID_VILLE, VIL_LIBELLE, ID_PAYS) VALUES ('2196', 'FREDERIKSHAVN', '49');
INSERT INTO VILLE (ID_VILLE, VIL_LIBELLE, ID_PAYS) VALUES ('2197', 'HADERSLEV', '49');
INSERT INTO VILLE (ID_VILLE, VIL_LIBELLE, ID_PAYS) VALUES ('2198', 'HERNING', '49');
INSERT INTO VILLE (ID_VILLE, VIL_LIBELLE, ID_PAYS) VALUES ('2199', 'RANDERS', '49');
INSERT INTO VILLE (ID_VILLE, VIL_LIBELLE, ID_PAYS) VALUES ('2200', 'THORSHAVN (ILES FEROE)', '49');
INSERT INTO VILLE (ID_VILLE, VIL_LIBELLE, ID_PAYS) VALUES ('2201', 'LAS GALERAS', '146');
INSERT INTO VILLE (ID_VILLE, VIL_LIBELLE, ID_PAYS) VALUES ('2202', 'BURGOS', '56');
INSERT INTO VILLE (ID_VILLE, VIL_LIBELLE, ID_PAYS) VALUES ('2203', 'LAS PALMAS', '56');
INSERT INTO VILLE (ID_VILLE, VIL_LIBELLE, ID_PAYS) VALUES ('2204', 'ALBACETE', '56');
INSERT INTO VILLE (ID_VILLE, VIL_LIBELLE, ID_PAYS) VALUES ('2205', 'CASTELLON DE LA PLANA', '56');
INSERT INTO VILLE (ID_VILLE, VIL_LIBELLE, ID_PAYS) VALUES ('2206', 'FIGUERAS', '56');
INSERT INTO VILLE (ID_VILLE, VIL_LIBELLE, ID_PAYS) VALUES ('2207', 'HUESCA', '56');
INSERT INTO VILLE (ID_VILLE, VIL_LIBELLE, ID_PAYS) VALUES ('2208', 'LérID_VILLEa', '56');
INSERT INTO VILLE (ID_VILLE, VIL_LIBELLE, ID_PAYS) VALUES ('2209', 'MAHON (MINORQUE)', '56');
INSERT INTO VILLE (ID_VILLE, VIL_LIBELLE, ID_PAYS) VALUES ('2210', 'TARRAGONE', '56');
INSERT INTO VILLE (ID_VILLE, VIL_LIBELLE, ID_PAYS) VALUES ('2211', 'FERROL', '56');
INSERT INTO VILLE (ID_VILLE, VIL_LIBELLE, ID_PAYS) VALUES ('2212', 'Logroño', '56');
INSERT INTO VILLE (ID_VILLE, VIL_LIBELLE, ID_PAYS) VALUES ('2213', 'ALGESIRAS', '56');
INSERT INTO VILLE (ID_VILLE, VIL_LIBELLE, ID_PAYS) VALUES ('2214', 'CADIX', '56');
INSERT INTO VILLE (ID_VILLE, VIL_LIBELLE, ID_PAYS) VALUES ('2215', 'CEUTA', '56');
INSERT INTO VILLE (ID_VILLE, VIL_LIBELLE, ID_PAYS) VALUES ('2216', 'HUELVA', '56');
INSERT INTO VILLE (ID_VILLE, VIL_LIBELLE, ID_PAYS) VALUES ('2217', 'HAMILTON (BERMUDES)', '58');
INSERT INTO VILLE (ID_VILLE, VIL_LIBELLE, ID_PAYS) VALUES ('2218', 'HAMEENLINNA', '61');
INSERT INTO VILLE (ID_VILLE, VIL_LIBELLE, ID_PAYS) VALUES ('2219', 'KOTKA', '61');
INSERT INTO VILLE (ID_VILLE, VIL_LIBELLE, ID_PAYS) VALUES ('2220', 'DOUVRES', '149');
INSERT INTO VILLE (ID_VILLE, VIL_LIBELLE, ID_PAYS) VALUES ('2221', 'GOOLE', '149');
INSERT INTO VILLE (ID_VILLE, VIL_LIBELLE, ID_PAYS) VALUES ('2222', 'NEWCASTLE UPON TYNE', '149');
INSERT INTO VILLE (ID_VILLE, VIL_LIBELLE, ID_PAYS) VALUES ('2223', 'LERWICK (ILES SHETLAND)', '149');
INSERT INTO VILLE (ID_VILLE, VIL_LIBELLE, ID_PAYS) VALUES ('2224', 'TOBERMORY (ILES HEBRID_VILLEES)', '149');
INSERT INTO VILLE (ID_VILLE, VIL_LIBELLE, ID_PAYS) VALUES ('2225', 'MISSOLONGHI', '67');
INSERT INTO VILLE (ID_VILLE, VIL_LIBELLE, ID_PAYS) VALUES ('2226', 'NAUPLIE', '67');
INSERT INTO VILLE (ID_VILLE, VIL_LIBELLE, ID_PAYS) VALUES ('2227', 'ISKENDERUN (ALEXANDRETTE)', '187');
INSERT INTO VILLE (ID_VILLE, VIL_LIBELLE, ID_PAYS) VALUES ('2228', 'QUETZALTENANGO', '69');
INSERT INTO VILLE (ID_VILLE, VIL_LIBELLE, ID_PAYS) VALUES ('2229', 'KAMSAR', '70');
INSERT INTO VILLE (ID_VILLE, VIL_LIBELLE, ID_PAYS) VALUES ('2230', 'DUNMORE EAST', '83');
INSERT INTO VILLE (ID_VILLE, VIL_LIBELLE, ID_PAYS) VALUES ('2231', 'LIMBE', '34');
INSERT INTO VILLE (ID_VILLE, VIL_LIBELLE, ID_PAYS) VALUES ('2232', 'CIVITAVECCHIA', '86');
INSERT INTO VILLE (ID_VILLE, VIL_LIBELLE, ID_PAYS) VALUES ('2233', 'LIVOURNE', '86');
INSERT INTO VILLE (ID_VILLE, VIL_LIBELLE, ID_PAYS) VALUES ('2234', 'TARENTE', '86');
INSERT INTO VILLE (ID_VILLE, VIL_LIBELLE, ID_PAYS) VALUES ('2235', 'BIELLA', '86');
INSERT INTO VILLE (ID_VILLE, VIL_LIBELLE, ID_PAYS) VALUES ('2236', 'CONI', '86');
INSERT INTO VILLE (ID_VILLE, VIL_LIBELLE, ID_PAYS) VALUES ('2237', 'VINTIMILLE', '86');
INSERT INTO VILLE (ID_VILLE, VIL_LIBELLE, ID_PAYS) VALUES ('2238', 'KOFU', '88');
INSERT INTO VILLE (ID_VILLE, VIL_LIBELLE, ID_PAYS) VALUES ('2239', 'ESCH-SUR-ALZETTE', '104');
INSERT INTO VILLE (ID_VILLE, VIL_LIBELLE, ID_PAYS) VALUES ('2240', 'ACAPULCO', '116');
INSERT INTO VILLE (ID_VILLE, VIL_LIBELLE, ID_PAYS) VALUES ('2241', 'POHNPEI', '117');
INSERT INTO VILLE (ID_VILLE, VIL_LIBELLE, ID_PAYS) VALUES ('2242', 'WALVIS BAY', '122');
INSERT INTO VILLE (ID_VILLE, VIL_LIBELLE, ID_PAYS) VALUES ('2243', 'HAARLEM', '138');
INSERT INTO VILLE (ID_VILLE, VIL_LIBELLE, ID_PAYS) VALUES ('2244', 'SINT-MAARTEN', '138');
INSERT INTO VILLE (ID_VILLE, VIL_LIBELLE, ID_PAYS) VALUES ('2245', 'TERNEUZEN', '138');
INSERT INTO VILLE (ID_VILLE, VIL_LIBELLE, ID_PAYS) VALUES ('2246', 'SETUBAL', '142');
INSERT INTO VILLE (ID_VILLE, VIL_LIBELLE, ID_PAYS) VALUES ('2247', 'FIGUEIRA DA FOZ', '142');
INSERT INTO VILLE (ID_VILLE, VIL_LIBELLE, ID_PAYS) VALUES ('2248', 'SLOUGH (BERKSHIRE)', '149');
INSERT INTO VILLE (ID_VILLE, VIL_LIBELLE, ID_PAYS) VALUES ('2249', 'KOUMRA', '179');
INSERT INTO VILLE (ID_VILLE, VIL_LIBELLE, ID_PAYS) VALUES ('2250', 'KUMANOVO', '105');
INSERT INTO VILLE (ID_VILLE, VIL_LIBELLE, ID_PAYS) VALUES ('2251', 'OMAGH', '149');
INSERT INTO VILLE (ID_VILLE, VIL_LIBELLE, ID_PAYS) VALUES ('2252', 'GURUVE', '196');
INSERT INTO VILLE (ID_VILLE, VIL_LIBELLE, ID_PAYS) VALUES ('2253', 'LUGANVILLE', '191');
INSERT INTO VILLE (ID_VILLE, VIL_LIBELLE, ID_PAYS) VALUES ('2254', 'AGBOVILLE', '46');
INSERT INTO VILLE (ID_VILLE, VIL_LIBELLE, ID_PAYS) VALUES ('2255', 'ALI SABIEH', '50');
INSERT INTO VILLE (ID_VILLE, VIL_LIBELLE, ID_PAYS) VALUES ('2256', 'ATAKPAME', '182');
INSERT INTO VILLE (ID_VILLE, VIL_LIBELLE, ID_PAYS) VALUES ('2257', 'BAMBEY', '161');
INSERT INTO VILLE (ID_VILLE, VIL_LIBELLE, ID_PAYS) VALUES ('2258', 'BINGERVILLE', '46');
INSERT INTO VILLE (ID_VILLE, VIL_LIBELLE, ID_PAYS) VALUES ('2259', 'BOHICON', '21');
INSERT INTO VILLE (ID_VILLE, VIL_LIBELLE, ID_PAYS) VALUES ('2260', 'CABO DELGADO', '121');
INSERT INTO VILLE (ID_VILLE, VIL_LIBELLE, ID_PAYS) VALUES ('2261', 'DABOLA', '70');
INSERT INTO VILLE (ID_VILLE, VIL_LIBELLE, ID_PAYS) VALUES ('2262', 'DIKHIL', '50');
INSERT INTO VILLE (ID_VILLE, VIL_LIBELLE, ID_PAYS) VALUES ('2263', 'DIOURBEL', '161');
INSERT INTO VILLE (ID_VILLE, VIL_LIBELLE, ID_PAYS) VALUES ('2264', 'FARIM', '72');
INSERT INTO VILLE (ID_VILLE, VIL_LIBELLE, ID_PAYS) VALUES ('2265', 'JACQUEVILLE', '46');
INSERT INTO VILLE (ID_VILLE, VIL_LIBELLE, ID_PAYS) VALUES ('2266', 'KATIMA MULILO', '122');
INSERT INTO VILLE (ID_VILLE, VIL_LIBELLE, ID_PAYS) VALUES ('2267', 'KINDIA', '70');
INSERT INTO VILLE (ID_VILLE, VIL_LIBELLE, ID_PAYS) VALUES ('2268', 'KOLONGO', '144');
INSERT INTO VILLE (ID_VILLE, VIL_LIBELLE, ID_PAYS) VALUES ('2269', 'KOULIKORO', '110');
INSERT INTO VILLE (ID_VILLE, VIL_LIBELLE, ID_PAYS) VALUES ('2270', 'LE REDUIT', '114');
INSERT INTO VILLE (ID_VILLE, VIL_LIBELLE, ID_PAYS) VALUES ('2271', 'MADINGOU', '42');
INSERT INTO VILLE (ID_VILLE, VIL_LIBELLE, ID_PAYS) VALUES ('2272', 'MITSAMIOULI', '41');
INSERT INTO VILLE (ID_VILLE, VIL_LIBELLE, ID_PAYS) VALUES ('2273', 'MOUNANA', '63');
INSERT INTO VILLE (ID_VILLE, VIL_LIBELLE, ID_PAYS) VALUES ('2274', 'NIONO', '110');
INSERT INTO VILLE (ID_VILLE, VIL_LIBELLE, ID_PAYS) VALUES ('2275', 'OVAMBOLAND', '122');
INSERT INTO VILLE (ID_VILLE, VIL_LIBELLE, ID_PAYS) VALUES ('2276', 'PAMPLEMOUSSES', '114');
INSERT INTO VILLE (ID_VILLE, VIL_LIBELLE, ID_PAYS) VALUES ('2277', 'ROSE HILL', '114');
INSERT INTO VILLE (ID_VILLE, VIL_LIBELLE, ID_PAYS) VALUES ('2278', 'ROSSO', '115');
INSERT INTO VILLE (ID_VILLE, VIL_LIBELLE, ID_PAYS) VALUES ('2279', 'RUBONA', '151');
INSERT INTO VILLE (ID_VILLE, VIL_LIBELLE, ID_PAYS) VALUES ('2280', 'RUFISQUE', '161');
INSERT INTO VILLE (ID_VILLE, VIL_LIBELLE, ID_PAYS) VALUES ('2281', 'SEREDOU', '70');
INSERT INTO VILLE (ID_VILLE, VIL_LIBELLE, ID_PAYS) VALUES ('2282', 'TIMBI MADINA', '70');
INSERT INTO VILLE (ID_VILLE, VIL_LIBELLE, ID_PAYS) VALUES ('2283', 'TSEVIE', '182');
INSERT INTO VILLE (ID_VILLE, VIL_LIBELLE, ID_PAYS) VALUES ('2284', 'VELINGARA', '161');
INSERT INTO VILLE (ID_VILLE, VIL_LIBELLE, ID_PAYS) VALUES ('2285', 'BIMBRESSO', '46');
INSERT INTO VILLE (ID_VILLE, VIL_LIBELLE, ID_PAYS) VALUES ('2286', 'CHOISEUL', '153');
INSERT INTO VILLE (ID_VILLE, VIL_LIBELLE, ID_PAYS) VALUES ('2287', 'DIMAKO', '34');
INSERT INTO VILLE (ID_VILLE, VIL_LIBELLE, ID_PAYS) VALUES ('2288', 'EKONA', '34');
INSERT INTO VILLE (ID_VILLE, VIL_LIBELLE, ID_PAYS) VALUES ('2289', 'FAYA (LARGEAU)', '179');
INSERT INTO VILLE (ID_VILLE, VIL_LIBELLE, ID_PAYS) VALUES ('2290', 'Centre de Flacq', '114');
INSERT INTO VILLE (ID_VILLE, VIL_LIBELLE, ID_PAYS) VALUES ('2291', 'FOULAYA', '70');
INSERT INTO VILLE (ID_VILLE, VIL_LIBELLE, ID_PAYS) VALUES ('2292', 'GISOZI', '32');
INSERT INTO VILLE (ID_VILLE, VIL_LIBELLE, ID_PAYS) VALUES ('2293', 'HAHAYA', '41');
INSERT INTO VILLE (ID_VILLE, VIL_LIBELLE, ID_PAYS) VALUES ('2294', 'KAMBOINSE', '31');
INSERT INTO VILLE (ID_VILLE, VIL_LIBELLE, ID_PAYS) VALUES ('2295', 'AMPAHIVOLA', '106');
INSERT INTO VILLE (ID_VILLE, VIL_LIBELLE, ID_PAYS) VALUES ('2296', 'BOULE', '34');
INSERT INTO VILLE (ID_VILLE, VIL_LIBELLE, ID_PAYS) VALUES ('2297', 'MIMBANG', '34');
INSERT INTO VILLE (ID_VILLE, VIL_LIBELLE, ID_PAYS) VALUES ('2298', 'NGOUMBE', '144');
INSERT INTO VILLE (ID_VILLE, VIL_LIBELLE, ID_PAYS) VALUES ('2299', 'NDJOMBE', '34');
INSERT INTO VILLE (ID_VILLE, VIL_LIBELLE, ID_PAYS) VALUES ('2300', 'NYIMBE', '34');
INSERT INTO VILLE (ID_VILLE, VIL_LIBELLE, ID_PAYS) VALUES ('2301', 'MERCER ISLAND', '58');
INSERT INTO VILLE (ID_VILLE, VIL_LIBELLE, ID_PAYS) VALUES ('2302', 'PORSGRUNN', '128');
INSERT INTO VILLE (ID_VILLE, VIL_LIBELLE, ID_PAYS) VALUES ('2303', 'NORTHERN REGION', '66');
INSERT INTO VILLE (ID_VILLE, VIL_LIBELLE, ID_PAYS) VALUES ('2304', 'MARMORA (NEW-JERSEY)', '58');
INSERT INTO VILLE (ID_VILLE, VIL_LIBELLE, ID_PAYS) VALUES ('2305', 'VENICE (CALIFORNIE)', '58');
INSERT INTO VILLE (ID_VILLE, VIL_LIBELLE, ID_PAYS) VALUES ('2306', 'EBERSWALDE', '5');
INSERT INTO VILLE (ID_VILLE, VIL_LIBELLE, ID_PAYS) VALUES ('2307', 'DALMINE', '86');
INSERT INTO VILLE (ID_VILLE, VIL_LIBELLE, ID_PAYS) VALUES ('2308', 'BANDJOUN', '34');
INSERT INTO VILLE (ID_VILLE, VIL_LIBELLE, ID_PAYS) VALUES ('2309', 'JAMESTOWN (N.C.)', '58');
INSERT INTO VILLE (ID_VILLE, VIL_LIBELLE, ID_PAYS) VALUES ('2310', 'ADZOPE', '46');
INSERT INTO VILLE (ID_VILLE, VIL_LIBELLE, ID_PAYS) VALUES ('2311', 'WILLEMSTAD (Curaçao)', '138');
INSERT INTO VILLE (ID_VILLE, VIL_LIBELLE, ID_PAYS) VALUES ('2312', 'STOKE ON TRENT', '149');
INSERT INTO VILLE (ID_VILLE, VIL_LIBELLE, ID_PAYS) VALUES ('2313', 'TWICKENHAM', '149');
INSERT INTO VILLE (ID_VILLE, VIL_LIBELLE, ID_PAYS) VALUES ('2314', 'STOCKSFIELD (NORTHUMBERLAND)', '149');
INSERT INTO VILLE (ID_VILLE, VIL_LIBELLE, ID_PAYS) VALUES ('2315', 'QUATRE BORNES', '114');
INSERT INTO VILLE (ID_VILLE, VIL_LIBELLE, ID_PAYS) VALUES ('2316', 'LUMUT', '107');
INSERT INTO VILLE (ID_VILLE, VIL_LIBELLE, ID_PAYS) VALUES ('2317', 'ILE DE KILWA KISIWANI', '178');
INSERT INTO VILLE (ID_VILLE, VIL_LIBELLE, ID_PAYS) VALUES ('2318', 'MOQUEGUA', '139');
INSERT INTO VILLE (ID_VILLE, VIL_LIBELLE, ID_PAYS) VALUES ('2319', 'AMBOHIMALAZA', '106');
INSERT INTO VILLE (ID_VILLE, VIL_LIBELLE, ID_PAYS) VALUES ('2320', 'NJOMBE', '34');
INSERT INTO VILLE (ID_VILLE, VIL_LIBELLE, ID_PAYS) VALUES ('2321', 'MOYABI', '63');
INSERT INTO VILLE (ID_VILLE, VIL_LIBELLE, ID_PAYS) VALUES ('2322', 'LAKATORO', '191');
INSERT INTO VILLE (ID_VILLE, VIL_LIBELLE, ID_PAYS) VALUES ('2323', 'Lénakel', '191');
INSERT INTO VILLE (ID_VILLE, VIL_LIBELLE, ID_PAYS) VALUES ('2324', 'BERNEX', '172');
INSERT INTO VILLE (ID_VILLE, VIL_LIBELLE, ID_PAYS) VALUES ('2325', 'SOUILLAC', '62');
INSERT INTO VILLE (ID_VILLE, VIL_LIBELLE, ID_PAYS) VALUES ('2326', 'CAN', '187');
INSERT INTO VILLE (ID_VILLE, VIL_LIBELLE, ID_PAYS) VALUES ('2327', 'MAHAJANGA (Majunga)', '106');
INSERT INTO VILLE (ID_VILLE, VIL_LIBELLE, ID_PAYS) VALUES ('2328', 'AYR', '149');
INSERT INTO VILLE (ID_VILLE, VIL_LIBELLE, ID_PAYS) VALUES ('2329', 'NAFPAKTOS', '67');
INSERT INTO VILLE (ID_VILLE, VIL_LIBELLE, ID_PAYS) VALUES ('2330', 'WATFORD', '149');
INSERT INTO VILLE (ID_VILLE, VIL_LIBELLE, ID_PAYS) VALUES ('2331', 'BERNAU', '5');
INSERT INTO VILLE (ID_VILLE, VIL_LIBELLE, ID_PAYS) VALUES ('2332', 'PACHUCA', '116');
INSERT INTO VILLE (ID_VILLE, VIL_LIBELLE, ID_PAYS) VALUES ('2333', 'ROSKILDE', '49');
INSERT INTO VILLE (ID_VILLE, VIL_LIBELLE, ID_PAYS) VALUES ('2334', 'SEIBERSDORF', '13');
INSERT INTO VILLE (ID_VILLE, VIL_LIBELLE, ID_PAYS) VALUES ('2335', 'KARA', '182');
INSERT INTO VILLE (ID_VILLE, VIL_LIBELLE, ID_PAYS) VALUES ('2336', 'HARAR', '59');
INSERT INTO VILLE (ID_VILLE, VIL_LIBELLE, ID_PAYS) VALUES ('2337', 'SOHAR', '130');
INSERT INTO VILLE (ID_VILLE, VIL_LIBELLE, ID_PAYS) VALUES ('2338', 'ALYTUS', '103');
INSERT INTO VILLE (ID_VILLE, VIL_LIBELLE, ID_PAYS) VALUES ('2339', 'SOAVINANDRIANA', '106');
INSERT INTO VILLE (ID_VILLE, VIL_LIBELLE, ID_PAYS) VALUES ('2340', 'BIR ZEIT', '89');
INSERT INTO VILLE (ID_VILLE, VIL_LIBELLE, ID_PAYS) VALUES ('2341', 'HALDEN', '128');
INSERT INTO VILLE (ID_VILLE, VIL_LIBELLE, ID_PAYS) VALUES ('2342', 'MANOUBA', '185');
INSERT INTO VILLE (ID_VILLE, VIL_LIBELLE, ID_PAYS) VALUES ('2343', 'KARS', '187');
INSERT INTO VILLE (ID_VILLE, VIL_LIBELLE, ID_PAYS) VALUES ('2344', 'JASTRZEBIE-ZDROJ', '141');
INSERT INTO VILLE (ID_VILLE, VIL_LIBELLE, ID_PAYS) VALUES ('2345', 'GDYNIA', '141');
INSERT INTO VILLE (ID_VILLE, VIL_LIBELLE, ID_PAYS) VALUES ('2346', 'PRIMAVERA DO LESTE', '28');
INSERT INTO VILLE (ID_VILLE, VIL_LIBELLE, ID_PAYS) VALUES ('2347', 'Roumbeïk', '169');
INSERT INTO VILLE (ID_VILLE, VIL_LIBELLE, ID_PAYS) VALUES ('2348', 'VINDELN', '171');
INSERT INTO VILLE (ID_VILLE, VIL_LIBELLE, ID_PAYS) VALUES ('2349', 'GLAND', '172');
INSERT INTO VILLE (ID_VILLE, VIL_LIBELLE, ID_PAYS) VALUES ('2350', 'OUFA', '150');
INSERT INTO VILLE (ID_VILLE, VIL_LIBELLE, ID_PAYS) VALUES ('2351', 'OUID_VILLEAH', '21');
INSERT INTO VILLE (ID_VILLE, VIL_LIBELLE, ID_PAYS) VALUES ('2352', 'COPACABANA', '28');
INSERT INTO VILLE (ID_VILLE, VIL_LIBELLE, ID_PAYS) VALUES ('2353', 'Gaza', '89');
INSERT INTO VILLE (ID_VILLE, VIL_LIBELLE, ID_PAYS) VALUES ('2354', 'Rostock', '5');
INSERT INTO VILLE (ID_VILLE, VIL_LIBELLE, ID_PAYS) VALUES ('2355', 'Ekaterinbourg', '150');
INSERT INTO VILLE (ID_VILLE, VIL_LIBELLE, ID_PAYS) VALUES ('2356', 'Belgrano', '10');
INSERT INTO VILLE (ID_VILLE, VIL_LIBELLE, ID_PAYS) VALUES ('2357', 'Vitoria', '28');
INSERT INTO VILLE (ID_VILLE, VIL_LIBELLE, ID_PAYS) VALUES ('2358', 'Aoste', '86');
INSERT INTO VILLE (ID_VILLE, VIL_LIBELLE, ID_PAYS) VALUES ('2359', 'Erlangen', '5');
INSERT INTO VILLE (ID_VILLE, VIL_LIBELLE, ID_PAYS) VALUES ('2360', 'Göttingen', '5');
INSERT INTO VILLE (ID_VILLE, VIL_LIBELLE, ID_PAYS) VALUES ('2361', 'El-JadID_VILLEa', '112');
INSERT INTO VILLE (ID_VILLE, VIL_LIBELLE, ID_PAYS) VALUES ('2362', 'Kandy', '170');
INSERT INTO VILLE (ID_VILLE, VIL_LIBELLE, ID_PAYS) VALUES ('2363', 'Nazareth', '85');
INSERT INTO VILLE (ID_VILLE, VIL_LIBELLE, ID_PAYS) VALUES ('2364', 'Oviedo', '56');
INSERT INTO VILLE (ID_VILLE, VIL_LIBELLE, ID_PAYS) VALUES ('2365', 'Oxford', '149');
INSERT INTO VILLE (ID_VILLE, VIL_LIBELLE, ID_PAYS) VALUES ('2366', 'Piura', '139');
INSERT INTO VILLE (ID_VILLE, VIL_LIBELLE, ID_PAYS) VALUES ('2367', 'Saïda', '99');
INSERT INTO VILLE (ID_VILLE, VIL_LIBELLE, ID_PAYS) VALUES ('2368', 'Soweto', '2');
INSERT INTO VILLE (ID_VILLE, VIL_LIBELLE, ID_PAYS) VALUES ('2369', 'Tirnovo', '30');
INSERT INTO VILLE (ID_VILLE, VIL_LIBELLE, ID_PAYS) VALUES ('2370', 'Tubingen', '5');
INSERT INTO VILLE (ID_VILLE, VIL_LIBELLE, ID_PAYS) VALUES ('2371', 'Saint-Siège', '155');
INSERT INTO VILLE (ID_VILLE, VIL_LIBELLE, ID_PAYS) VALUES ('2372', 'Zahlé', '99');
INSERT INTO VILLE (ID_VILLE, VIL_LIBELLE, ID_PAYS) VALUES ('2373', 'Ain-Allah', '4');
INSERT INTO VILLE (ID_VILLE, VIL_LIBELLE, ID_PAYS) VALUES ('2374', 'Ceské Budejovice', '147');
INSERT INTO VILLE (ID_VILLE, VIL_LIBELLE, ID_PAYS) VALUES ('2375', 'Ancône', '86');
INSERT INTO VILLE (ID_VILLE, VIL_LIBELLE, ID_PAYS) VALUES ('2376', 'Apia', '159');
INSERT INTO VILLE (ID_VILLE, VIL_LIBELLE, ID_PAYS) VALUES ('2377', 'Belmopan', '20');
INSERT INTO VILLE (ID_VILLE, VIL_LIBELLE, ID_PAYS) VALUES ('2378', 'Cancun', '116');
INSERT INTO VILLE (ID_VILLE, VIL_LIBELLE, ID_PAYS) VALUES ('2379', 'Cuiaba', '28');
INSERT INTO VILLE (ID_VILLE, VIL_LIBELLE, ID_PAYS) VALUES ('2380', 'Denpasar', '80');
INSERT INTO VILLE (ID_VILLE, VIL_LIBELLE, ID_PAYS) VALUES ('2381', 'Dili', '181');
INSERT INTO VILLE (ID_VILLE, VIL_LIBELLE, ID_PAYS) VALUES ('2382', 'Funafuti', '188');
INSERT INTO VILLE (ID_VILLE, VIL_LIBELLE, ID_PAYS) VALUES ('2383', 'Georgetown', '73');
INSERT INTO VILLE (ID_VILLE, VIL_LIBELLE, ID_PAYS) VALUES ('2384', 'Honiara', '157');
INSERT INTO VILLE (ID_VILLE, VIL_LIBELLE, ID_PAYS) VALUES ('2385', 'Kingston', '87');
INSERT INTO VILLE (ID_VILLE, VIL_LIBELLE, ID_PAYS) VALUES ('2386', 'Las Vegas', '58');
INSERT INTO VILLE (ID_VILLE, VIL_LIBELLE, ID_PAYS) VALUES ('2387', 'Malé', '109');
INSERT INTO VILLE (ID_VILLE, VIL_LIBELLE, ID_PAYS) VALUES ('2388', 'Medan', '80');
INSERT INTO VILLE (ID_VILLE, VIL_LIBELLE, ID_PAYS) VALUES ('2389', 'Majuro', '113');
INSERT INTO VILLE (ID_VILLE, VIL_LIBELLE, ID_PAYS) VALUES ('2390', 'Nassau', '15');
INSERT INTO VILLE (ID_VILLE, VIL_LIBELLE, ID_PAYS) VALUES ('2391', 'Nuku''Alofa', '183');
INSERT INTO VILLE (ID_VILLE, VIL_LIBELLE, ID_PAYS) VALUES ('2393', 'Palikir', '117');
INSERT INTO VILLE (ID_VILLE, VIL_LIBELLE, ID_PAYS) VALUES ('2394', 'Rarotonga', '129');
INSERT INTO VILLE (ID_VILLE, VIL_LIBELLE, ID_PAYS) VALUES ('2395', 'Roseau', '51');
INSERT INTO VILLE (ID_VILLE, VIL_LIBELLE, ID_PAYS) VALUES ('2396', 'Sao Tomé', '160');
INSERT INTO VILLE (ID_VILLE, VIL_LIBELLE, ID_PAYS) VALUES ('2397', 'San Diego', '58');
INSERT INTO VILLE (ID_VILLE, VIL_LIBELLE, ID_PAYS) VALUES ('2398', 'Saint John''s', '8');
INSERT INTO VILLE (ID_VILLE, VIL_LIBELLE, ID_PAYS) VALUES ('2399', 'Tarawa', '94');
INSERT INTO VILLE (ID_VILLE, VIL_LIBELLE, ID_PAYS) VALUES ('2400', 'Thimphou', '22');
INSERT INTO VILLE (ID_VILLE, VIL_LIBELLE, ID_PAYS) VALUES ('2401', 'Vaduz', '102');
INSERT INTO VILLE (ID_VILLE, VIL_LIBELLE, ID_PAYS) VALUES ('2402', 'Yaren', '123');
INSERT INTO VILLE (ID_VILLE, VIL_LIBELLE, ID_PAYS) VALUES ('2403', 'Annaba', '4');
INSERT INTO VILLE (ID_VILLE, VIL_LIBELLE, ID_PAYS) VALUES ('2404', 'Aix-la-Chapelle', '5');
INSERT INTO VILLE (ID_VILLE, VIL_LIBELLE, ID_PAYS) VALUES ('2405', 'AbID_VILLEjan', '46');
INSERT INTO VILLE (ID_VILLE, VIL_LIBELLE, ID_PAYS) VALUES ('2406', 'Abuja', '127');
INSERT INTO VILLE (ID_VILLE, VIL_LIBELLE, ID_PAYS) VALUES ('2407', 'Accra', '66');
INSERT INTO VILLE (ID_VILLE, VIL_LIBELLE, ID_PAYS) VALUES ('2408', 'Addis-Abeba', '59');
INSERT INTO VILLE (ID_VILLE, VIL_LIBELLE, ID_PAYS) VALUES ('2409', 'Aden', '194');
INSERT INTO VILLE (ID_VILLE, VIL_LIBELLE, ID_PAYS) VALUES ('2410', 'Adélaïde', '12');
INSERT INTO VILLE (ID_VILLE, VIL_LIBELLE, ID_PAYS) VALUES ('2411', 'Agadir', '112');
INSERT INTO VILLE (ID_VILLE, VIL_LIBELLE, ID_PAYS) VALUES ('2412', 'Málaga', '56');
INSERT INTO VILLE (ID_VILLE, VIL_LIBELLE, ID_PAYS) VALUES ('2413', 'Auckland', '129');
INSERT INTO VILLE (ID_VILLE, VIL_LIBELLE, ID_PAYS) VALUES ('2414', 'Almaty', '91');
INSERT INTO VILLE (ID_VILLE, VIL_LIBELLE, ID_PAYS) VALUES ('2415', 'Alicante', '56');
INSERT INTO VILLE (ID_VILLE, VIL_LIBELLE, ID_PAYS) VALUES ('2416', 'Alger', '4');
INSERT INTO VILLE (ID_VILLE, VIL_LIBELLE, ID_PAYS) VALUES ('2417', 'Alep', '175');
INSERT INTO VILLE (ID_VILLE, VIL_LIBELLE, ID_PAYS) VALUES ('2418', 'Andorre-la-Vieille', '6');
INSERT INTO VILLE (ID_VILLE, VIL_LIBELLE, ID_PAYS) VALUES ('2419', 'Alexandrie', '52');
INSERT INTO VILLE (ID_VILLE, VIL_LIBELLE, ID_PAYS) VALUES ('2420', 'Ahmedabad', '79');
INSERT INTO VILLE (ID_VILLE, VIL_LIBELLE, ID_PAYS) VALUES ('2421', 'Amman', '90');
INSERT INTO VILLE (ID_VILLE, VIL_LIBELLE, ID_PAYS) VALUES ('2422', 'Amsterdam', '138');
INSERT INTO VILLE (ID_VILLE, VIL_LIBELLE, ID_PAYS) VALUES ('2423', 'Ankara', '187');
INSERT INTO VILLE (ID_VILLE, VIL_LIBELLE, ID_PAYS) VALUES ('2424', 'Anvers', '19');
INSERT INTO VILLE (ID_VILLE, VIL_LIBELLE, ID_PAYS) VALUES ('2425', 'Arequipa', '139');
INSERT INTO VILLE (ID_VILLE, VIL_LIBELLE, ID_PAYS) VALUES ('2426', 'Achgabat', '186');
INSERT INTO VILLE (ID_VILLE, VIL_LIBELLE, ID_PAYS) VALUES ('2427', 'Asmara', '55');
INSERT INTO VILLE (ID_VILLE, VIL_LIBELLE, ID_PAYS) VALUES ('2428', 'Assomption (Asunción)', '137');
INSERT INTO VILLE (ID_VILLE, VIL_LIBELLE, ID_PAYS) VALUES ('2429', 'Athènes', '67');
INSERT INTO VILLE (ID_VILLE, VIL_LIBELLE, ID_PAYS) VALUES ('2430', 'Atlanta', '58');
INSERT INTO VILLE (ID_VILLE, VIL_LIBELLE, ID_PAYS) VALUES ('2431', 'Abou Dabi', '53');
INSERT INTO VILLE (ID_VILLE, VIL_LIBELLE, ID_PAYS) VALUES ('2432', 'Manama', '16');
INSERT INTO VILLE (ID_VILLE, VIL_LIBELLE, ID_PAYS) VALUES ('2433', 'Bakou', '14');
INSERT INTO VILLE (ID_VILLE, VIL_LIBELLE, ID_PAYS) VALUES ('2434', 'Baranquilla', '40');
INSERT INTO VILLE (ID_VILLE, VIL_LIBELLE, ID_PAYS) VALUES ('2435', 'Barcelone', '56');
INSERT INTO VILLE (ID_VILLE, VIL_LIBELLE, ID_PAYS) VALUES ('2436', 'Bandung', '80');
INSERT INTO VILLE (ID_VILLE, VIL_LIBELLE, ID_PAYS) VALUES ('2437', 'Belgrade', '162');
INSERT INTO VILLE (ID_VILLE, VIL_LIBELLE, ID_PAYS) VALUES ('2438', 'Belem', '28');
INSERT INTO VILLE (ID_VILLE, VIL_LIBELLE, ID_PAYS) VALUES ('2439', 'Berlin', '5');
INSERT INTO VILLE (ID_VILLE, VIL_LIBELLE, ID_PAYS) VALUES ('2440', 'Beersheva', '85');
INSERT INTO VILLE (ID_VILLE, VIL_LIBELLE, ID_PAYS) VALUES ('2441', 'Beyrouth', '99');
INSERT INTO VILLE (ID_VILLE, VIL_LIBELLE, ID_PAYS) VALUES ('2442', 'Bucaramanga', '40');
INSERT INTO VILLE (ID_VILLE, VIL_LIBELLE, ID_PAYS) VALUES ('2443', 'Bangui', '144');
INSERT INTO VILLE (ID_VILLE, VIL_LIBELLE, ID_PAYS) VALUES ('2444', 'Bagdad', '81');
INSERT INTO VILLE (ID_VILLE, VIL_LIBELLE, ID_PAYS) VALUES ('2445', 'Braga', '142');
INSERT INTO VILLE (ID_VILLE, VIL_LIBELLE, ID_PAYS) VALUES ('2446', 'Bahia Blanca', '10');
INSERT INTO VILLE (ID_VILLE, VIL_LIBELLE, ID_PAYS) VALUES ('2447', 'Bhopal', '79');
INSERT INTO VILLE (ID_VILLE, VIL_LIBELLE, ID_PAYS) VALUES ('2448', 'Belo Horizonte', '28');
INSERT INTO VILLE (ID_VILLE, VIL_LIBELLE, ID_PAYS) VALUES ('2449', 'Bilbao', '56');
INSERT INTO VILLE (ID_VILLE, VIL_LIBELLE, ID_PAYS) VALUES ('2450', 'Bujumbura', '32');
INSERT INTO VILLE (ID_VILLE, VIL_LIBELLE, ID_PAYS) VALUES ('2451', 'Bangkok', '180');
INSERT INTO VILLE (ID_VILLE, VIL_LIBELLE, ID_PAYS) VALUES ('2452', 'Bamako', '110');
INSERT INTO VILLE (ID_VILLE, VIL_LIBELLE, ID_PAYS) VALUES ('2453', 'Bologne', '86');
INSERT INTO VILLE (ID_VILLE, VIL_LIBELLE, ID_PAYS) VALUES ('2454', 'Bangalore', '79');
INSERT INTO VILLE (ID_VILLE, VIL_LIBELLE, ID_PAYS) VALUES ('2455', 'Blantyre', '108');
INSERT INTO VILLE (ID_VILLE, VIL_LIBELLE, ID_PAYS) VALUES ('2456', 'Bonn', '5');
INSERT INTO VILLE (ID_VILLE, VIL_LIBELLE, ID_PAYS) VALUES ('2457', 'Bogota', '40');
INSERT INTO VILLE (ID_VILLE, VIL_LIBELLE, ID_PAYS) VALUES ('2458', 'Bombay (Mumbay)', '79');
INSERT INTO VILLE (ID_VILLE, VIL_LIBELLE, ID_PAYS) VALUES ('2459', 'Boston', '58');
INSERT INTO VILLE (ID_VILLE, VIL_LIBELLE, ID_PAYS) VALUES ('2460', 'Brême', '5');
INSERT INTO VILLE (ID_VILLE, VIL_LIBELLE, ID_PAYS) VALUES ('2461', 'Berne', '172');
INSERT INTO VILLE (ID_VILLE, VIL_LIBELLE, ID_PAYS) VALUES ('2462', 'Brno', '147');
INSERT INTO VILLE (ID_VILLE, VIL_LIBELLE, ID_PAYS) VALUES ('2463', 'Bruxelles', '19');
INSERT INTO VILLE (ID_VILLE, VIL_LIBELLE, ID_PAYS) VALUES ('2464', 'Brasilia', '28');
INSERT INTO VILLE (ID_VILLE, VIL_LIBELLE, ID_PAYS) VALUES ('2465', 'Bâle', '172');
INSERT INTO VILLE (ID_VILLE, VIL_LIBELLE, ID_PAYS) VALUES ('2466', 'Bratislava', '166');
INSERT INTO VILLE (ID_VILLE, VIL_LIBELLE, ID_PAYS) VALUES ('2467', 'Budapest', '77');
INSERT INTO VILLE (ID_VILLE, VIL_LIBELLE, ID_PAYS) VALUES ('2468', 'Buenos Aires', '10');
INSERT INTO VILLE (ID_VILLE, VIL_LIBELLE, ID_PAYS) VALUES ('2469', 'Bucarest', '148');
INSERT INTO VILLE (ID_VILLE, VIL_LIBELLE, ID_PAYS) VALUES ('2470', 'Bandar Seri Begawan', '29');
INSERT INTO VILLE (ID_VILLE, VIL_LIBELLE, ID_PAYS) VALUES ('2471', 'Bissao', '72');
INSERT INTO VILLE (ID_VILLE, VIL_LIBELLE, ID_PAYS) VALUES ('2472', 'Brazzaville', '42');
INSERT INTO VILLE (ID_VILLE, VIL_LIBELLE, ID_PAYS) VALUES ('2473', 'Le Caire', '52');
INSERT INTO VILLE (ID_VILLE, VIL_LIBELLE, ID_PAYS) VALUES ('2474', 'Canton', '38');
INSERT INTO VILLE (ID_VILLE, VIL_LIBELLE, ID_PAYS) VALUES ('2475', 'Casablanca', '112');
INSERT INTO VILLE (ID_VILLE, VIL_LIBELLE, ID_PAYS) VALUES ('2476', 'Cochabamba', '25');
INSERT INTO VILLE (ID_VILLE, VIL_LIBELLE, ID_PAYS) VALUES ('2477', 'CambrID_VILLEge', '149');
INSERT INTO VILLE (ID_VILLE, VIL_LIBELLE, ID_PAYS) VALUES ('2478', 'Coïmbre', '142');
INSERT INTO VILLE (ID_VILLE, VIL_LIBELLE, ID_PAYS) VALUES ('2479', 'Canberra', '12');
INSERT INTO VILLE (ID_VILLE, VIL_LIBELLE, ID_PAYS) VALUES ('2480', 'Caracas', '192');
INSERT INTO VILLE (ID_VILLE, VIL_LIBELLE, ID_PAYS) VALUES ('2481', 'Calcutta', '79');
INSERT INTO VILLE (ID_VILLE, VIL_LIBELLE, ID_PAYS) VALUES ('2482', 'Cologne', '5');
INSERT INTO VILLE (ID_VILLE, VIL_LIBELLE, ID_PAYS) VALUES ('2483', 'Chittagong', '17');
INSERT INTO VILLE (ID_VILLE, VIL_LIBELLE, ID_PAYS) VALUES ('2484', 'Chicago', '58');
INSERT INTO VILLE (ID_VILLE, VIL_LIBELLE, ID_PAYS) VALUES ('2485', 'Chiclayo', '139');
INSERT INTO VILLE (ID_VILLE, VIL_LIBELLE, ID_PAYS) VALUES ('2486', 'Conakry', '70');
INSERT INTO VILLE (ID_VILLE, VIL_LIBELLE, ID_PAYS) VALUES ('2487', 'Cluj-Napoca', '148');
INSERT INTO VILLE (ID_VILLE, VIL_LIBELLE, ID_PAYS) VALUES ('2488', 'Cali', '40');
INSERT INTO VILLE (ID_VILLE, VIL_LIBELLE, ID_PAYS) VALUES ('2489', 'Colombo', '170');
INSERT INTO VILLE (ID_VILLE, VIL_LIBELLE, ID_PAYS) VALUES ('2490', 'Colmar', '62');
INSERT INTO VILLE (ID_VILLE, VIL_LIBELLE, ID_PAYS) VALUES ('2491', 'Cotonou', '21');
INSERT INTO VILLE (ID_VILLE, VIL_LIBELLE, ID_PAYS) VALUES ('2492', 'Cordoba', '10');
INSERT INTO VILLE (ID_VILLE, VIL_LIBELLE, ID_PAYS) VALUES ('2493', 'Copenhague', '49');
INSERT INTO VILLE (ID_VILLE, VIL_LIBELLE, ID_PAYS) VALUES ('2494', 'Campinas', '28');
INSERT INTO VILLE (ID_VILLE, VIL_LIBELLE, ID_PAYS) VALUES ('2495', 'Le Cap', '2');
INSERT INTO VILLE (ID_VILLE, VIL_LIBELLE, ID_PAYS) VALUES ('2496', 'Carthagène', '40');
INSERT INTO VILLE (ID_VILLE, VIL_LIBELLE, ID_PAYS) VALUES ('2497', 'Chengdu', '38');
INSERT INTO VILLE (ID_VILLE, VIL_LIBELLE, ID_PAYS) VALUES ('2498', 'Cuenca', '54');
INSERT INTO VILLE (ID_VILLE, VIL_LIBELLE, ID_PAYS) VALUES ('2499', 'Chihuahua', '116');
INSERT INTO VILLE (ID_VILLE, VIL_LIBELLE, ID_PAYS) VALUES ('2500', 'Cuzco', '139');
INSERT INTO VILLE (ID_VILLE, VIL_LIBELLE, ID_PAYS) VALUES ('2501', 'Curitiba', '28');
INSERT INTO VILLE (ID_VILLE, VIL_LIBELLE, ID_PAYS) VALUES ('2502', 'Dacca', '17');
INSERT INTO VILLE (ID_VILLE, VIL_LIBELLE, ID_PAYS) VALUES ('2503', 'Damas', '175');
INSERT INTO VILLE (ID_VILLE, VIL_LIBELLE, ID_PAYS) VALUES ('2504', 'Dar es Salam', '178');
INSERT INTO VILLE (ID_VILLE, VIL_LIBELLE, ID_PAYS) VALUES ('2505', 'New Delhi', '79');
INSERT INTO VILLE (ID_VILLE, VIL_LIBELLE, ID_PAYS) VALUES ('2506', 'Denver', '58');
INSERT INTO VILLE (ID_VILLE, VIL_LIBELLE, ID_PAYS) VALUES ('2507', 'Diégo-Suarez', '106');
INSERT INTO VILLE (ID_VILLE, VIL_LIBELLE, ID_PAYS) VALUES ('2508', 'Diré Daoua', '59');
INSERT INTO VILLE (ID_VILLE, VIL_LIBELLE, ID_PAYS) VALUES ('2509', 'Dakar', '161');
INSERT INTO VILLE (ID_VILLE, VIL_LIBELLE, ID_PAYS) VALUES ('2510', 'Douala', '34');
INSERT INTO VILLE (ID_VILLE, VIL_LIBELLE, ID_PAYS) VALUES ('2511', 'Doha', '143');
INSERT INTO VILLE (ID_VILLE, VIL_LIBELLE, ID_PAYS) VALUES ('2512', 'Dresde', '5');
INSERT INTO VILLE (ID_VILLE, VIL_LIBELLE, ID_PAYS) VALUES ('2513', 'Dublin', '83');
INSERT INTO VILLE (ID_VILLE, VIL_LIBELLE, ID_PAYS) VALUES ('2514', 'Durban', '2');
INSERT INTO VILLE (ID_VILLE, VIL_LIBELLE, ID_PAYS) VALUES ('2515', 'Düsseldorf', '5');
INSERT INTO VILLE (ID_VILLE, VIL_LIBELLE, ID_PAYS) VALUES ('2516', 'Doubaï', '53');
INSERT INTO VILLE (ID_VILLE, VIL_LIBELLE, ID_PAYS) VALUES ('2517', 'Douchanbé', '176');
INSERT INTO VILLE (ID_VILLE, VIL_LIBELLE, ID_PAYS) VALUES ('2518', 'Édimbourg', '149');
INSERT INTO VILLE (ID_VILLE, VIL_LIBELLE, ID_PAYS) VALUES ('2519', 'Erfurt', '5');
INSERT INTO VILLE (ID_VILLE, VIL_LIBELLE, ID_PAYS) VALUES ('2520', 'Essen', '5');
INSERT INTO VILLE (ID_VILLE, VIL_LIBELLE, ID_PAYS) VALUES ('2521', 'Erevan', '11');
INSERT INTO VILLE (ID_VILLE, VIL_LIBELLE, ID_PAYS) VALUES ('2522', 'Fort-de-France', '62');
INSERT INTO VILLE (ID_VILLE, VIL_LIBELLE, ID_PAYS) VALUES ('2523', 'Fès', '112');
INSERT INTO VILLE (ID_VILLE, VIL_LIBELLE, ID_PAYS) VALUES ('2524', 'Kinshasa', '145');
INSERT INTO VILLE (ID_VILLE, VIL_LIBELLE, ID_PAYS) VALUES ('2525', 'Floriano', '28');
INSERT INTO VILLE (ID_VILLE, VIL_LIBELLE, ID_PAYS) VALUES ('2526', 'Florence', '86');
INSERT INTO VILLE (ID_VILLE, VIL_LIBELLE, ID_PAYS) VALUES ('2527', 'Freetown', '164');
INSERT INTO VILLE (ID_VILLE, VIL_LIBELLE, ID_PAYS) VALUES ('2528', 'Fortaleza', '28');
INSERT INTO VILLE (ID_VILLE, VIL_LIBELLE, ID_PAYS) VALUES ('2529', 'Francfort-sur-le-Main', '5');
INSERT INTO VILLE (ID_VILLE, VIL_LIBELLE, ID_PAYS) VALUES ('2530', 'Bichkek', '93');
INSERT INTO VILLE (ID_VILLE, VIL_LIBELLE, ID_PAYS) VALUES ('2531', 'Fukuoka', '88');
INSERT INTO VILLE (ID_VILLE, VIL_LIBELLE, ID_PAYS) VALUES ('2532', 'Gaborone', '27');
INSERT INTO VILLE (ID_VILLE, VIL_LIBELLE, ID_PAYS) VALUES ('2533', 'Guadalajara', '116');
INSERT INTO VILLE (ID_VILLE, VIL_LIBELLE, ID_PAYS) VALUES ('2534', 'Glasgow', '149');
INSERT INTO VILLE (ID_VILLE, VIL_LIBELLE, ID_PAYS) VALUES ('2535', 'Gand', '19');
INSERT INTO VILLE (ID_VILLE, VIL_LIBELLE, ID_PAYS) VALUES ('2536', 'Gênes', '86');
INSERT INTO VILLE (ID_VILLE, VIL_LIBELLE, ID_PAYS) VALUES ('2537', 'Goa', '79');
INSERT INTO VILLE (ID_VILLE, VIL_LIBELLE, ID_PAYS) VALUES ('2538', 'Nijni-Novgorod', '150');
INSERT INTO VILLE (ID_VILLE, VIL_LIBELLE, ID_PAYS) VALUES ('2539', 'Göteborg', '171');
INSERT INTO VILLE (ID_VILLE, VIL_LIBELLE, ID_PAYS) VALUES ('2540', 'Garoua', '34');
INSERT INTO VILLE (ID_VILLE, VIL_LIBELLE, ID_PAYS) VALUES ('2541', 'Groningue', '138');
INSERT INTO VILLE (ID_VILLE, VIL_LIBELLE, ID_PAYS) VALUES ('2542', 'Graz', '13');
INSERT INTO VILLE (ID_VILLE, VIL_LIBELLE, ID_PAYS) VALUES ('2543', 'Guatemala', '69');
INSERT INTO VILLE (ID_VILLE, VIL_LIBELLE, ID_PAYS) VALUES ('2544', 'Genève', '172');
INSERT INTO VILLE (ID_VILLE, VIL_LIBELLE, ID_PAYS) VALUES ('2545', 'Guayaquil', '54');
INSERT INTO VILLE (ID_VILLE, VIL_LIBELLE, ID_PAYS) VALUES ('2546', 'La Haye', '138');
INSERT INTO VILLE (ID_VILLE, VIL_LIBELLE, ID_PAYS) VALUES ('2547', 'Hanovre', '5');
INSERT INTO VILLE (ID_VILLE, VIL_LIBELLE, ID_PAYS) VALUES ('2548', 'Hambourg', '5');
INSERT INTO VILLE (ID_VILLE, VIL_LIBELLE, ID_PAYS) VALUES ('2549', 'Hanoï', '193');
INSERT INTO VILLE (ID_VILLE, VIL_LIBELLE, ID_PAYS) VALUES ('2550', 'La Havane', '48');
INSERT INTO VILLE (ID_VILLE, VIL_LIBELLE, ID_PAYS) VALUES ('2551', 'Helsinki', '61');
INSERT INTO VILLE (ID_VILLE, VIL_LIBELLE, ID_PAYS) VALUES ('2552', 'Haïfa', '85');
INSERT INTO VILLE (ID_VILLE, VIL_LIBELLE, ID_PAYS) VALUES ('2553', 'Hong Kong', '38');
INSERT INTO VILLE (ID_VILLE, VIL_LIBELLE, ID_PAYS) VALUES ('2554', 'Honolulu', '58');
INSERT INTO VILLE (ID_VILLE, VIL_LIBELLE, ID_PAYS) VALUES ('2555', 'Houston', '58');
INSERT INTO VILLE (ID_VILLE, VIL_LIBELLE, ID_PAYS) VALUES ('2556', 'Harare', '196');
INSERT INTO VILLE (ID_VILLE, VIL_LIBELLE, ID_PAYS) VALUES ('2557', 'Hue', '193');
INSERT INTO VILLE (ID_VILLE, VIL_LIBELLE, ID_PAYS) VALUES ('2558', 'Hyderabad', '79');
INSERT INTO VILLE (ID_VILLE, VIL_LIBELLE, ID_PAYS) VALUES ('2559', 'Iasi', '148');
INSERT INTO VILLE (ID_VILLE, VIL_LIBELLE, ID_PAYS) VALUES ('2560', 'Ibadan', '127');
INSERT INTO VILLE (ID_VILLE, VIL_LIBELLE, ID_PAYS) VALUES ('2561', 'Kiev', '189');
INSERT INTO VILLE (ID_VILLE, VIL_LIBELLE, ID_PAYS) VALUES ('2562', 'Irkoutsk', '150');
INSERT INTO VILLE (ID_VILLE, VIL_LIBELLE, ID_PAYS) VALUES ('2563', 'Innsbruck', '13');
INSERT INTO VILLE (ID_VILLE, VIL_LIBELLE, ID_PAYS) VALUES ('2564', 'Iquitos', '139');
INSERT INTO VILLE (ID_VILLE, VIL_LIBELLE, ID_PAYS) VALUES ('2565', 'Islamabad', '133');
INSERT INTO VILLE (ID_VILLE, VIL_LIBELLE, ID_PAYS) VALUES ('2566', 'Istanbul', '187');
INSERT INTO VILLE (ID_VILLE, VIL_LIBELLE, ID_PAYS) VALUES ('2567', 'Chandigarh', '79');
INSERT INTO VILLE (ID_VILLE, VIL_LIBELLE, ID_PAYS) VALUES ('2568', 'Izmir', '187');
INSERT INTO VILLE (ID_VILLE, VIL_LIBELLE, ID_PAYS) VALUES ('2569', 'Djeddah', '9');
INSERT INTO VILLE (ID_VILLE, VIL_LIBELLE, ID_PAYS) VALUES ('2570', 'Djibouti', '50');
INSERT INTO VILLE (ID_VILLE, VIL_LIBELLE, ID_PAYS) VALUES ('2571', 'Jakarta', '80');
INSERT INTO VILLE (ID_VILLE, VIL_LIBELLE, ID_PAYS) VALUES ('2572', 'Johannesburg', '2');
INSERT INTO VILLE (ID_VILLE, VIL_LIBELLE, ID_PAYS) VALUES ('2573', 'Jogjakarta', '80');
INSERT INTO VILLE (ID_VILLE, VIL_LIBELLE, ID_PAYS) VALUES ('2574', 'João Pessoa', '28');
INSERT INTO VILLE (ID_VILLE, VIL_LIBELLE, ID_PAYS) VALUES ('2575', 'Jérusalem', '89');
INSERT INTO VILLE (ID_VILLE, VIL_LIBELLE, ID_PAYS) VALUES ('2576', 'Kaduna', '127');
INSERT INTO VILLE (ID_VILLE, VIL_LIBELLE, ID_PAYS) VALUES ('2577', 'Kano', '127');
INSERT INTO VILLE (ID_VILLE, VIL_LIBELLE, ID_PAYS) VALUES ('2578', 'Kaboul', '1');
INSERT INTO VILLE (ID_VILLE, VIL_LIBELLE, ID_PAYS) VALUES ('2579', 'Kiel', '5');
INSERT INTO VILLE (ID_VILLE, VIL_LIBELLE, ID_PAYS) VALUES ('2580', 'Kigali', '151');
INSERT INTO VILLE (ID_VILLE, VIL_LIBELLE, ID_PAYS) VALUES ('2581', 'Karachi', '133');
INSERT INTO VILLE (ID_VILLE, VIL_LIBELLE, ID_PAYS) VALUES ('2582', 'Chisinau', '118');
INSERT INTO VILLE (ID_VILLE, VIL_LIBELLE, ID_PAYS) VALUES ('2583', 'Kampala', '131');
INSERT INTO VILLE (ID_VILLE, VIL_LIBELLE, ID_PAYS) VALUES ('2584', 'Kumasi', '66');
INSERT INTO VILLE (ID_VILLE, VIL_LIBELLE, ID_PAYS) VALUES ('2585', 'Cracovie', '141');
INSERT INTO VILLE (ID_VILLE, VIL_LIBELLE, ID_PAYS) VALUES ('2586', 'Krasnodar', '150');
INSERT INTO VILLE (ID_VILLE, VIL_LIBELLE, ID_PAYS) VALUES ('2587', 'Khartoum', '169');
INSERT INTO VILLE (ID_VILLE, VIL_LIBELLE, ID_PAYS) VALUES ('2588', 'Katmandou', '124');
INSERT INTO VILLE (ID_VILLE, VIL_LIBELLE, ID_PAYS) VALUES ('2589', 'Kuala Lumpur', '107');
INSERT INTO VILLE (ID_VILLE, VIL_LIBELLE, ID_PAYS) VALUES ('2590', 'Koweït', '95');
INSERT INTO VILLE (ID_VILLE, VIL_LIBELLE, ID_PAYS) VALUES ('2591', 'Luanda', '7');
INSERT INTO VILLE (ID_VILLE, VIL_LIBELLE, ID_PAYS) VALUES ('2592', 'Los Angeles', '58');
INSERT INTO VILLE (ID_VILLE, VIL_LIBELLE, ID_PAYS) VALUES ('2593', 'Libreville', '63');
INSERT INTO VILLE (ID_VILLE, VIL_LIBELLE, ID_PAYS) VALUES ('2594', 'Saint-Pétersbourg', '150');
INSERT INTO VILLE (ID_VILLE, VIL_LIBELLE, ID_PAYS) VALUES ('2595', 'Leipzig', '5');
INSERT INTO VILLE (ID_VILLE, VIL_LIBELLE, ID_PAYS) VALUES ('2596', 'Lomé', '182');
INSERT INTO VILLE (ID_VILLE, VIL_LIBELLE, ID_PAYS) VALUES ('2597', 'Liège', '19');
INSERT INTO VILLE (ID_VILLE, VIL_LIBELLE, ID_PAYS) VALUES ('2598', 'Lahore', '133');
INSERT INTO VILLE (ID_VILLE, VIL_LIBELLE, ID_PAYS) VALUES ('2599', 'Lima', '139');
INSERT INTO VILLE (ID_VILLE, VIL_LIBELLE, ID_PAYS) VALUES ('2600', 'Lisbonne', '142');
INSERT INTO VILLE (ID_VILLE, VIL_LIBELLE, ID_PAYS) VALUES ('2601', 'Ljubljana', '167');
INSERT INTO VILLE (ID_VILLE, VIL_LIBELLE, ID_PAYS) VALUES ('2602', 'Lilongwe', '108');
INSERT INTO VILLE (ID_VILLE, VIL_LIBELLE, ID_PAYS) VALUES ('2603', 'Londres', '149');
INSERT INTO VILLE (ID_VILLE, VIL_LIBELLE, ID_PAYS) VALUES ('2604', 'Lagos', '127');
INSERT INTO VILLE (ID_VILLE, VIL_LIBELLE, ID_PAYS) VALUES ('2605', 'La Paz', '25');
INSERT INTO VILLE (ID_VILLE, VIL_LIBELLE, ID_PAYS) VALUES ('2606', 'Lusaka', '195');
INSERT INTO VILLE (ID_VILLE, VIL_LIBELLE, ID_PAYS) VALUES ('2607', 'Luxembourg', '104');
INSERT INTO VILLE (ID_VILLE, VIL_LIBELLE, ID_PAYS) VALUES ('2608', 'Madras (Chennai)', '79');
INSERT INTO VILLE (ID_VILLE, VIL_LIBELLE, ID_PAYS) VALUES ('2609', 'MadrID_VILLE', '56');
INSERT INTO VILLE (ID_VILLE, VIL_LIBELLE, ID_PAYS) VALUES ('2610', 'Manchester', '149');
INSERT INTO VILLE (ID_VILLE, VIL_LIBELLE, ID_PAYS) VALUES ('2611', 'Manaus', '28');
INSERT INTO VILLE (ID_VILLE, VIL_LIBELLE, ID_PAYS) VALUES ('2612', 'Maracaibo', '192');
INSERT INTO VILLE (ID_VILLE, VIL_LIBELLE, ID_PAYS) VALUES ('2613', 'Mombasa', '92');
INSERT INTO VILLE (ID_VILLE, VIL_LIBELLE, ID_PAYS) VALUES ('2614', 'Monaco', '119');
INSERT INTO VILLE (ID_VILLE, VIL_LIBELLE, ID_PAYS) VALUES ('2615', 'Miskolc', '77');
INSERT INTO VILLE (ID_VILLE, VIL_LIBELLE, ID_PAYS) VALUES ('2616', 'Mascate', '130');
INSERT INTO VILLE (ID_VILLE, VIL_LIBELLE, ID_PAYS) VALUES ('2617', 'Maceio', '28');
INSERT INTO VILLE (ID_VILLE, VIL_LIBELLE, ID_PAYS) VALUES ('2618', 'Medellin', '40');
INSERT INTO VILLE (ID_VILLE, VIL_LIBELLE, ID_PAYS) VALUES ('2619', 'Mar del Plata', '10');
INSERT INTO VILLE (ID_VILLE, VIL_LIBELLE, ID_PAYS) VALUES ('2620', 'Mendoza', '10');
INSERT INTO VILLE (ID_VILLE, VIL_LIBELLE, ID_PAYS) VALUES ('2621', 'Meknès', '112');
INSERT INTO VILLE (ID_VILLE, VIL_LIBELLE, ID_PAYS) VALUES ('2622', 'Melbourne', '12');
INSERT INTO VILLE (ID_VILLE, VIL_LIBELLE, ID_PAYS) VALUES ('2623', 'Mexico', '116');
INSERT INTO VILLE (ID_VILLE, VIL_LIBELLE, ID_PAYS) VALUES ('2624', 'Managua', '125');
INSERT INTO VILLE (ID_VILLE, VIL_LIBELLE, ID_PAYS) VALUES ('2625', 'Miami', '58');
INSERT INTO VILLE (ID_VILLE, VIL_LIBELLE, ID_PAYS) VALUES ('2626', 'MerID_VILLEa', '116');
INSERT INTO VILLE (ID_VILLE, VIL_LIBELLE, ID_PAYS) VALUES ('2627', 'Milan', '86');
INSERT INTO VILLE (ID_VILLE, VIL_LIBELLE, ID_PAYS) VALUES ('2628', 'MaID_VILLEuguri', '127');
INSERT INTO VILLE (ID_VILLE, VIL_LIBELLE, ID_PAYS) VALUES ('2629', 'Majunga', '106');
INSERT INTO VILLE (ID_VILLE, VIL_LIBELLE, ID_PAYS) VALUES ('2630', 'La Valette', '111');
INSERT INTO VILLE (ID_VILLE, VIL_LIBELLE, ID_PAYS) VALUES ('2631', 'Monrovia', '100');
INSERT INTO VILLE (ID_VILLE, VIL_LIBELLE, ID_PAYS) VALUES ('2632', 'Manille', '140');
INSERT INTO VILLE (ID_VILLE, VIL_LIBELLE, ID_PAYS) VALUES ('2633', 'Moscou', '150');
INSERT INTO VILLE (ID_VILLE, VIL_LIBELLE, ID_PAYS) VALUES ('2634', 'Maputo', '121');
INSERT INTO VILLE (ID_VILLE, VIL_LIBELLE, ID_PAYS) VALUES ('2635', 'Port Louis', '114');
INSERT INTO VILLE (ID_VILLE, VIL_LIBELLE, ID_PAYS) VALUES ('2636', 'Minneapolis', '58');
INSERT INTO VILLE (ID_VILLE, VIL_LIBELLE, ID_PAYS) VALUES ('2637', 'Minsk', '23');
INSERT INTO VILLE (ID_VILLE, VIL_LIBELLE, ID_PAYS) VALUES ('2638', 'Maseru', '97');
INSERT INTO VILLE (ID_VILLE, VIL_LIBELLE, ID_PAYS) VALUES ('2639', 'La Nouvelle-Orléans', '58');
INSERT INTO VILLE (ID_VILLE, VIL_LIBELLE, ID_PAYS) VALUES ('2640', 'Monterrey', '116');
INSERT INTO VILLE (ID_VILLE, VIL_LIBELLE, ID_PAYS) VALUES ('2641', 'Munich', '5');
INSERT INTO VILLE (ID_VILLE, VIL_LIBELLE, ID_PAYS) VALUES ('2642', 'MontevID_VILLEeo', '190');
INSERT INTO VILLE (ID_VILLE, VIL_LIBELLE, ID_PAYS) VALUES ('2643', 'Manizales', '40');
INSERT INTO VILLE (ID_VILLE, VIL_LIBELLE, ID_PAYS) VALUES ('2644', 'Naples', '86');
INSERT INTO VILLE (ID_VILLE, VIL_LIBELLE, ID_PAYS) VALUES ('2645', 'Natal', '28');
INSERT INTO VILLE (ID_VILLE, VIL_LIBELLE, ID_PAYS) VALUES ('2646', 'Nairobi', '92');
INSERT INTO VILLE (ID_VILLE, VIL_LIBELLE, ID_PAYS) VALUES ('2647', 'Ndjamena', '179');
INSERT INTO VILLE (ID_VILLE, VIL_LIBELLE, ID_PAYS) VALUES ('2648', 'Nagoya', '88');
INSERT INTO VILLE (ID_VILLE, VIL_LIBELLE, ID_PAYS) VALUES ('2649', 'Nicosie', '39');
INSERT INTO VILLE (ID_VILLE, VIL_LIBELLE, ID_PAYS) VALUES ('2650', 'Niamey', '126');
INSERT INTO VILLE (ID_VILLE, VIL_LIBELLE, ID_PAYS) VALUES ('2651', 'Nouakchott', '115');
INSERT INTO VILLE (ID_VILLE, VIL_LIBELLE, ID_PAYS) VALUES ('2652', 'Kénitra', '112');
INSERT INTO VILLE (ID_VILLE, VIL_LIBELLE, ID_PAYS) VALUES ('2653', 'Nantes', '62');
INSERT INTO VILLE (ID_VILLE, VIL_LIBELLE, ID_PAYS) VALUES ('2654', 'New York', '58');
INSERT INTO VILLE (ID_VILLE, VIL_LIBELLE, ID_PAYS) VALUES ('2655', 'Oaxaca', '116');
INSERT INTO VILLE (ID_VILLE, VIL_LIBELLE, ID_PAYS) VALUES ('2656', 'Porto', '142');
INSERT INTO VILLE (ID_VILLE, VIL_LIBELLE, ID_PAYS) VALUES ('2657', 'Cork', '83');
INSERT INTO VILLE (ID_VILLE, VIL_LIBELLE, ID_PAYS) VALUES ('2658', 'Oran', '4');
INSERT INTO VILLE (ID_VILLE, VIL_LIBELLE, ID_PAYS) VALUES ('2659', 'Osaka', '88');
INSERT INTO VILLE (ID_VILLE, VIL_LIBELLE, ID_PAYS) VALUES ('2660', 'Oslo', '128');
INSERT INTO VILLE (ID_VILLE, VIL_LIBELLE, ID_PAYS) VALUES ('2661', 'Ouagadougou', '31');
INSERT INTO VILLE (ID_VILLE, VIL_LIBELLE, ID_PAYS) VALUES ('2662', 'Oujda', '112');
INSERT INTO VILLE (ID_VILLE, VIL_LIBELLE, ID_PAYS) VALUES ('2663', 'Port-au-Prince', '74');
INSERT INTO VILLE (ID_VILLE, VIL_LIBELLE, ID_PAYS) VALUES ('2664', 'Paris', '62');
INSERT INTO VILLE (ID_VILLE, VIL_LIBELLE, ID_PAYS) VALUES ('2665', 'Puebla', '116');
INSERT INTO VILLE (ID_VILLE, VIL_LIBELLE, ID_PAYS) VALUES ('2666', 'Paramaribo', '173');
INSERT INTO VILLE (ID_VILLE, VIL_LIBELLE, ID_PAYS) VALUES ('2667', 'Plovdiv', '30');
INSERT INTO VILLE (ID_VILLE, VIL_LIBELLE, ID_PAYS) VALUES ('2668', 'Pereira', '40');
INSERT INTO VILLE (ID_VILLE, VIL_LIBELLE, ID_PAYS) VALUES ('2669', 'Pékin', '38');
INSERT INTO VILLE (ID_VILLE, VIL_LIBELLE, ID_PAYS) VALUES ('2670', 'Penang', '107');
INSERT INTO VILLE (ID_VILLE, VIL_LIBELLE, ID_PAYS) VALUES ('2671', 'Perth', '12');
INSERT INTO VILLE (ID_VILLE, VIL_LIBELLE, ID_PAYS) VALUES ('2672', 'Peshawar', '133');
INSERT INTO VILLE (ID_VILLE, VIL_LIBELLE, ID_PAYS) VALUES ('2673', 'Port Harcourt', '127');
INSERT INTO VILLE (ID_VILLE, VIL_LIBELLE, ID_PAYS) VALUES ('2674', 'Port Elizabeth', '2');
INSERT INTO VILLE (ID_VILLE, VIL_LIBELLE, ID_PAYS) VALUES ('2675', 'Palerme', '86');
INSERT INTO VILLE (ID_VILLE, VIL_LIBELLE, ID_PAYS) VALUES ('2676', 'Phnom-Penh', '33');
INSERT INTO VILLE (ID_VILLE, VIL_LIBELLE, ID_PAYS) VALUES ('2677', 'Pune', '79');
INSERT INTO VILLE (ID_VILLE, VIL_LIBELLE, ID_PAYS) VALUES ('2678', 'Pointe-Noire', '42');
INSERT INTO VILLE (ID_VILLE, VIL_LIBELLE, ID_PAYS) VALUES ('2679', 'Porto Alegre', '28');
INSERT INTO VILLE (ID_VILLE, VIL_LIBELLE, ID_PAYS) VALUES ('2680', 'Port-Gentil', '63');
INSERT INTO VILLE (ID_VILLE, VIL_LIBELLE, ID_PAYS) VALUES ('2681', 'Port Moresby', '136');
INSERT INTO VILLE (ID_VILLE, VIL_LIBELLE, ID_PAYS) VALUES ('2682', 'Port d''Espagne (Port of Spain)', '184');
INSERT INTO VILLE (ID_VILLE, VIL_LIBELLE, ID_PAYS) VALUES ('2683', 'Prague', '147');
INSERT INTO VILLE (ID_VILLE, VIL_LIBELLE, ID_PAYS) VALUES ('2684', 'Pretoria', '2');
INSERT INTO VILLE (ID_VILLE, VIL_LIBELLE, ID_PAYS) VALUES ('2685', 'Panama', '135');
INSERT INTO VILLE (ID_VILLE, VIL_LIBELLE, ID_PAYS) VALUES ('2686', 'Pusan', '44');
INSERT INTO VILLE (ID_VILLE, VIL_LIBELLE, ID_PAYS) VALUES ('2687', 'Ad Dammâm', '9');
INSERT INTO VILLE (ID_VILLE, VIL_LIBELLE, ID_PAYS) VALUES ('2688', 'Fribourg-en-Brisgau', '5');
INSERT INTO VILLE (ID_VILLE, VIL_LIBELLE, ID_PAYS) VALUES ('2689', 'HeID_VILLEelberg', '5');
INSERT INTO VILLE (ID_VILLE, VIL_LIBELLE, ID_PAYS) VALUES ('2690', 'Karlsruhe', '5');
INSERT INTO VILLE (ID_VILLE, VIL_LIBELLE, ID_PAYS) VALUES ('2691', 'Lausanne', '172');
INSERT INTO VILLE (ID_VILLE, VIL_LIBELLE, ID_PAYS) VALUES ('2692', 'Mbabane', '174');
INSERT INTO VILLE (ID_VILLE, VIL_LIBELLE, ID_PAYS) VALUES ('2693', 'Mons', '19');
INSERT INTO VILLE (ID_VILLE, VIL_LIBELLE, ID_PAYS) VALUES ('2694', 'Mayence', '5');
INSERT INTO VILLE (ID_VILLE, VIL_LIBELLE, ID_PAYS) VALUES ('2695', 'Niteroi', '28');
INSERT INTO VILLE (ID_VILLE, VIL_LIBELLE, ID_PAYS) VALUES ('2696', 'Pondichéry', '79');
INSERT INTO VILLE (ID_VILLE, VIL_LIBELLE, ID_PAYS) VALUES ('2697', 'Sabadell', '56');
INSERT INTO VILLE (ID_VILLE, VIL_LIBELLE, ID_PAYS) VALUES ('2698', 'Tripoli', '99');
INSERT INTO VILLE (ID_VILLE, VIL_LIBELLE, ID_PAYS) VALUES ('2699', 'Taejon', '44');
INSERT INTO VILLE (ID_VILLE, VIL_LIBELLE, ID_PAYS) VALUES ('2700', 'Praia', '36');
INSERT INTO VILLE (ID_VILLE, VIL_LIBELLE, ID_PAYS) VALUES ('2701', 'Marrakech', '112');
INSERT INTO VILLE (ID_VILLE, VIL_LIBELLE, ID_PAYS) VALUES ('2702', 'Rabat', '112');
INSERT INTO VILLE (ID_VILLE, VIL_LIBELLE, ID_PAYS) VALUES ('2703', 'Recife', '28');
INSERT INTO VILLE (ID_VILLE, VIL_LIBELLE, ID_PAYS) VALUES ('2704', 'Reykjavik', '84');
INSERT INTO VILLE (ID_VILLE, VIL_LIBELLE, ID_PAYS) VALUES ('2705', 'Rangoun', '24');
INSERT INTO VILLE (ID_VILLE, VIL_LIBELLE, ID_PAYS) VALUES ('2706', 'Rio de Janeiro', '28');
INSERT INTO VILLE (ID_VILLE, VIL_LIBELLE, ID_PAYS) VALUES ('2707', 'Riga', '98');
INSERT INTO VILLE (ID_VILLE, VIL_LIBELLE, ID_PAYS) VALUES ('2708', 'Rome', '86');
INSERT INTO VILLE (ID_VILLE, VIL_LIBELLE, ID_PAYS) VALUES ('2709', 'Rosario', '10');
INSERT INTO VILLE (ID_VILLE, VIL_LIBELLE, ID_PAYS) VALUES ('2710', 'Rotterdam', '138');
INSERT INTO VILLE (ID_VILLE, VIL_LIBELLE, ID_PAYS) VALUES ('2711', 'Saratov', '150');
INSERT INTO VILLE (ID_VILLE, VIL_LIBELLE, ID_PAYS) VALUES ('2712', 'Riyad', '9');
INSERT INTO VILLE (ID_VILLE, VIL_LIBELLE, ID_PAYS) VALUES ('2713', 'Sanaa', '194');
INSERT INTO VILLE (ID_VILLE, VIL_LIBELLE, ID_PAYS) VALUES ('2714', 'San Salvador', '158');
INSERT INTO VILLE (ID_VILLE, VIL_LIBELLE, ID_PAYS) VALUES ('2715', 'São Paulo', '28');
INSERT INTO VILLE (ID_VILLE, VIL_LIBELLE, ID_PAYS) VALUES ('2716', 'Santiago', '37');
INSERT INTO VILLE (ID_VILLE, VIL_LIBELLE, ID_PAYS) VALUES ('2717', 'Sarrebruck', '5');
INSERT INTO VILLE (ID_VILLE, VIL_LIBELLE, ID_PAYS) VALUES ('2718', 'Santiago de Cuba', '48');
INSERT INTO VILLE (ID_VILLE, VIL_LIBELLE, ID_PAYS) VALUES ('2719', 'Sendai', '88');
INSERT INTO VILLE (ID_VILLE, VIL_LIBELLE, ID_PAYS) VALUES ('2720', 'Saint-Domingue', '146');
INSERT INTO VILLE (ID_VILLE, VIL_LIBELLE, ID_PAYS) VALUES ('2721', 'Séoul', '44');
INSERT INTO VILLE (ID_VILLE, VIL_LIBELLE, ID_PAYS) VALUES ('2722', 'Victoria', '163');
INSERT INTO VILLE (ID_VILLE, VIL_LIBELLE, ID_PAYS) VALUES ('2723', 'Sfax', '185');
INSERT INTO VILLE (ID_VILLE, VIL_LIBELLE, ID_PAYS) VALUES ('2724', 'Santa Fe', '10');
INSERT INTO VILLE (ID_VILLE, VIL_LIBELLE, ID_PAYS) VALUES ('2725', 'San Francisco', '58');
INSERT INTO VILLE (ID_VILLE, VIL_LIBELLE, ID_PAYS) VALUES ('2726', 'Hô Chi Minh-Ville', '193');
INSERT INTO VILLE (ID_VILLE, VIL_LIBELLE, ID_PAYS) VALUES ('2727', 'Shanghai', '38');
INSERT INTO VILLE (ID_VILLE, VIL_LIBELLE, ID_PAYS) VALUES ('2728', 'Singapour', '165');
INSERT INTO VILLE (ID_VILLE, VIL_LIBELLE, ID_PAYS) VALUES ('2729', 'Sarajevo', '26');
INSERT INTO VILLE (ID_VILLE, VIL_LIBELLE, ID_PAYS) VALUES ('2730', 'Sao Jose dos Campos', '28');
INSERT INTO VILLE (ID_VILLE, VIL_LIBELLE, ID_PAYS) VALUES ('2731', 'San José', '45');
INSERT INTO VILLE (ID_VILLE, VIL_LIBELLE, ID_PAYS) VALUES ('2732', 'Thessalonique', '67');
INSERT INTO VILLE (ID_VILLE, VIL_LIBELLE, ID_PAYS) VALUES ('2733', 'Skopje', '105');
INSERT INTO VILLE (ID_VILLE, VIL_LIBELLE, ID_PAYS) VALUES ('2734', 'San Luis Potosi', '116');
INSERT INTO VILLE (ID_VILLE, VIL_LIBELLE, ID_PAYS) VALUES ('2735', 'Castries', '153');
INSERT INTO VILLE (ID_VILLE, VIL_LIBELLE, ID_PAYS) VALUES ('2736', 'Saltillo', '116');
INSERT INTO VILLE (ID_VILLE, VIL_LIBELLE, ID_PAYS) VALUES ('2737', 'Sao Luis do Maranhao', '28');
INSERT INTO VILLE (ID_VILLE, VIL_LIBELLE, ID_PAYS) VALUES ('2738', 'Sofia', '30');
INSERT INTO VILLE (ID_VILLE, VIL_LIBELLE, ID_PAYS) VALUES ('2739', 'Sapporo', '88');
INSERT INTO VILLE (ID_VILLE, VIL_LIBELLE, ID_PAYS) VALUES ('2740', 'Sucre', '25');
INSERT INTO VILLE (ID_VILLE, VIL_LIBELLE, ID_PAYS) VALUES ('2741', 'Santa Cruz (della Sierra)', '25');
INSERT INTO VILLE (ID_VILLE, VIL_LIBELLE, ID_PAYS) VALUES ('2742', 'Salvador', '28');
INSERT INTO VILLE (ID_VILLE, VIL_LIBELLE, ID_PAYS) VALUES ('2743', 'Malabo', '71');
INSERT INTO VILLE (ID_VILLE, VIL_LIBELLE, ID_PAYS) VALUES ('2744', 'Santos', '28');
INSERT INTO VILLE (ID_VILLE, VIL_LIBELLE, ID_PAYS) VALUES ('2745', 'Santiago de los Caballeros', '146');
INSERT INTO VILLE (ID_VILLE, VIL_LIBELLE, ID_PAYS) VALUES ('2746', 'Stockholm', '171');
INSERT INTO VILLE (ID_VILLE, VIL_LIBELLE, ID_PAYS) VALUES ('2747', 'Stuttgart', '5');
INSERT INTO VILLE (ID_VILLE, VIL_LIBELLE, ID_PAYS) VALUES ('2748', 'Surabaya', '80');
INSERT INTO VILLE (ID_VILLE, VIL_LIBELLE, ID_PAYS) VALUES ('2749', 'Suva', '60');
INSERT INTO VILLE (ID_VILLE, VIL_LIBELLE, ID_PAYS) VALUES ('2750', 'Stavanger', '128');
INSERT INTO VILLE (ID_VILLE, VIL_LIBELLE, ID_PAYS) VALUES ('2751', 'Séville', '56');
INSERT INTO VILLE (ID_VILLE, VIL_LIBELLE, ID_PAYS) VALUES ('2752', 'Strasbourg', '62');
INSERT INTO VILLE (ID_VILLE, VIL_LIBELLE, ID_PAYS) VALUES ('2753', 'Sydney', '12');
INSERT INTO VILLE (ID_VILLE, VIL_LIBELLE, ID_PAYS) VALUES ('2754', 'Salzbourg', '13');
INSERT INTO VILLE (ID_VILLE, VIL_LIBELLE, ID_PAYS) VALUES ('2755', 'Tachkent', '132');
INSERT INTO VILLE (ID_VILLE, VIL_LIBELLE, ID_PAYS) VALUES ('2756', 'Tbilissi', '65');
INSERT INTO VILLE (ID_VILLE, VIL_LIBELLE, ID_PAYS) VALUES ('2757', 'Tegucigalpa', '75');
INSERT INTO VILLE (ID_VILLE, VIL_LIBELLE, ID_PAYS) VALUES ('2758', 'Téhéran', '82');
INSERT INTO VILLE (ID_VILLE, VIL_LIBELLE, ID_PAYS) VALUES ('2759', 'Tirana', '3');
INSERT INTO VILLE (ID_VILLE, VIL_LIBELLE, ID_PAYS) VALUES ('2760', 'Tripoli', '101');
INSERT INTO VILLE (ID_VILLE, VIL_LIBELLE, ID_PAYS) VALUES ('2761', 'Toluca', '116');
INSERT INTO VILLE (ID_VILLE, VIL_LIBELLE, ID_PAYS) VALUES ('2762', 'Tallinn', '57');
INSERT INTO VILLE (ID_VILLE, VIL_LIBELLE, ID_PAYS) VALUES ('2763', 'Tel-Aviv-Jaffa', '85');
INSERT INTO VILLE (ID_VILLE, VIL_LIBELLE, ID_PAYS) VALUES ('2764', 'Tamatave', '106');
INSERT INTO VILLE (ID_VILLE, VIL_LIBELLE, ID_PAYS) VALUES ('2765', 'Tanger', '112');
INSERT INTO VILLE (ID_VILLE, VIL_LIBELLE, ID_PAYS) VALUES ('2766', 'Tananarive', '106');
INSERT INTO VILLE (ID_VILLE, VIL_LIBELLE, ID_PAYS) VALUES ('2767', 'Tomsk', '150');
INSERT INTO VILLE (ID_VILLE, VIL_LIBELLE, ID_PAYS) VALUES ('2768', 'Torreon', '116');
INSERT INTO VILLE (ID_VILLE, VIL_LIBELLE, ID_PAYS) VALUES ('2769', 'Turin', '86');
INSERT INTO VILLE (ID_VILLE, VIL_LIBELLE, ID_PAYS) VALUES ('2770', 'Trujillo', '139');
INSERT INTO VILLE (ID_VILLE, VIL_LIBELLE, ID_PAYS) VALUES ('2771', 'Trivandrum', '79');
INSERT INTO VILLE (ID_VILLE, VIL_LIBELLE, ID_PAYS) VALUES ('2772', 'Timisoara', '148');
INSERT INTO VILLE (ID_VILLE, VIL_LIBELLE, ID_PAYS) VALUES ('2773', 'Tétouan', '112');
INSERT INTO VILLE (ID_VILLE, VIL_LIBELLE, ID_PAYS) VALUES ('2774', 'Tunis', '185');
INSERT INTO VILLE (ID_VILLE, VIL_LIBELLE, ID_PAYS) VALUES ('2775', 'Tokyo', '88');
INSERT INTO VILLE (ID_VILLE, VIL_LIBELLE, ID_PAYS) VALUES ('2776', 'Quito', '54');
INSERT INTO VILLE (ID_VILLE, VIL_LIBELLE, ID_PAYS) VALUES ('2777', 'Kyoto', '88');
INSERT INTO VILLE (ID_VILLE, VIL_LIBELLE, ID_PAYS) VALUES ('2778', 'Oulan-Bator', '120');
INSERT INTO VILLE (ID_VILLE, VIL_LIBELLE, ID_PAYS) VALUES ('2779', 'Venise', '86');
INSERT INTO VILLE (ID_VILLE, VIL_LIBELLE, ID_PAYS) VALUES ('2780', 'Vienne', '13');
INSERT INTO VILLE (ID_VILLE, VIL_LIBELLE, ID_PAYS) VALUES ('2781', 'Valence', '56');
INSERT INTO VILLE (ID_VILLE, VIL_LIBELLE, ID_PAYS) VALUES ('2782', 'Port-Vila', '191');
INSERT INTO VILLE (ID_VILLE, VIL_LIBELLE, ID_PAYS) VALUES ('2783', 'Vilnius', '103');
INSERT INTO VILLE (ID_VILLE, VIL_LIBELLE, ID_PAYS) VALUES ('2784', 'Voronej', '150');
INSERT INTO VILLE (ID_VILLE, VIL_LIBELLE, ID_PAYS) VALUES ('2785', 'Vientiane', '96');
INSERT INTO VILLE (ID_VILLE, VIL_LIBELLE, ID_PAYS) VALUES ('2786', 'Washington', '58');
INSERT INTO VILLE (ID_VILLE, VIL_LIBELLE, ID_PAYS) VALUES ('2787', 'Varsovie', '141');
INSERT INTO VILLE (ID_VILLE, VIL_LIBELLE, ID_PAYS) VALUES ('2788', 'Windhoek', '122');
INSERT INTO VILLE (ID_VILLE, VIL_LIBELLE, ID_PAYS) VALUES ('2789', 'Wellington', '129');
INSERT INTO VILLE (ID_VILLE, VIL_LIBELLE, ID_PAYS) VALUES ('2790', 'Wroclaw', '141');
INSERT INTO VILLE (ID_VILLE, VIL_LIBELLE, ID_PAYS) VALUES ('2791', 'Wuhan', '38');
INSERT INTO VILLE (ID_VILLE, VIL_LIBELLE, ID_PAYS) VALUES ('2792', 'Saint-Louis', '161');
INSERT INTO VILLE (ID_VILLE, VIL_LIBELLE, ID_PAYS) VALUES ('2793', 'Yaoundé', '34');
INSERT INTO VILLE (ID_VILLE, VIL_LIBELLE, ID_PAYS) VALUES ('2794', 'Edmonton', '35');
INSERT INTO VILLE (ID_VILLE, VIL_LIBELLE, ID_PAYS) VALUES ('2795', 'Yokohama', '88');
INSERT INTO VILLE (ID_VILLE, VIL_LIBELLE, ID_PAYS) VALUES ('2796', 'Ottawa', '35');
INSERT INTO VILLE (ID_VILLE, VIL_LIBELLE, ID_PAYS) VALUES ('2797', 'Québec', '35');
INSERT INTO VILLE (ID_VILLE, VIL_LIBELLE, ID_PAYS) VALUES ('2798', 'Moncton', '35');
INSERT INTO VILLE (ID_VILLE, VIL_LIBELLE, ID_PAYS) VALUES ('2799', 'Montréal', '35');
INSERT INTO VILLE (ID_VILLE, VIL_LIBELLE, ID_PAYS) VALUES ('2800', 'Moroni', '41');
INSERT INTO VILLE (ID_VILLE, VIL_LIBELLE, ID_PAYS) VALUES ('2801', 'Vancouver', '35');
INSERT INTO VILLE (ID_VILLE, VIL_LIBELLE, ID_PAYS) VALUES ('2802', 'Winnipeg', '35');
INSERT INTO VILLE (ID_VILLE, VIL_LIBELLE, ID_PAYS) VALUES ('2803', 'Calgary', '35');
INSERT INTO VILLE (ID_VILLE, VIL_LIBELLE, ID_PAYS) VALUES ('2804', 'Toronto', '35');
INSERT INTO VILLE (ID_VILLE, VIL_LIBELLE, ID_PAYS) VALUES ('2805', 'Zagreb', '47');
INSERT INTO VILLE (ID_VILLE, VIL_LIBELLE, ID_PAYS) VALUES ('2806', 'Saragosse', '56');
INSERT INTO VILLE (ID_VILLE, VIL_LIBELLE, ID_PAYS) VALUES ('2807', 'Zacatecas', '116');
INSERT INTO VILLE (ID_VILLE, VIL_LIBELLE, ID_PAYS) VALUES ('2808', 'Zurich', '172');
INSERT INTO VILLE (ID_VILLE, VIL_LIBELLE, ID_PAYS) VALUES ('2809', 'ANGUILLA (ANTILLES BRITANN.)', '149');
INSERT INTO VILLE (ID_VILLE, VIL_LIBELLE, ID_PAYS) VALUES ('2810', 'Bora Bora', '62');
INSERT INTO VILLE (ID_VILLE, VIL_LIBELLE, ID_PAYS) VALUES ('2811', 'DZAOUDZI', '62');
INSERT INTO VILLE (ID_VILLE, VIL_LIBELLE, ID_PAYS) VALUES ('2812', 'ST-PIERRE-ET-MIQUELON', '62');
INSERT INTO VILLE (ID_VILLE, VIL_LIBELLE, ID_PAYS) VALUES ('2813', 'GIBRALTAR', '149');
INSERT INTO VILLE (ID_VILLE, VIL_LIBELLE, ID_PAYS) VALUES ('2814', 'GUAM', '58');
INSERT INTO VILLE (ID_VILLE, VIL_LIBELLE, ID_PAYS) VALUES ('2815', 'HUALIEN', '177');
INSERT INTO VILLE (ID_VILLE, VIL_LIBELLE, ID_PAYS) VALUES ('2816', 'PAPEETE', '62');
INSERT INTO VILLE (ID_VILLE, VIL_LIBELLE, ID_PAYS) VALUES ('2817', 'PRISTINA', '198');
INSERT INTO VILLE (ID_VILLE, VIL_LIBELLE, ID_PAYS) VALUES ('2818', 'POINTE-A-PITRE', '62');
INSERT INTO VILLE (ID_VILLE, VIL_LIBELLE, ID_PAYS) VALUES ('2819', 'KOUROU', '62');
INSERT INTO VILLE (ID_VILLE, VIL_LIBELLE, ID_PAYS) VALUES ('2820', 'MACAO', '38');
INSERT INTO VILLE (ID_VILLE, VIL_LIBELLE, ID_PAYS) VALUES ('2821', 'SAIPAN', '58');
INSERT INTO VILLE (ID_VILLE, VIL_LIBELLE, ID_PAYS) VALUES ('2822', 'TAINAN', '177');
INSERT INTO VILLE (ID_VILLE, VIL_LIBELLE, ID_PAYS) VALUES ('2823', 'TAICHUNG', '177');
INSERT INTO VILLE (ID_VILLE, VIL_LIBELLE, ID_PAYS) VALUES ('2824', 'T''AO-YUAN', '177');
INSERT INTO VILLE (ID_VILLE, VIL_LIBELLE, ID_PAYS) VALUES ('2825', 'NOUVELLE-ECOSSE', '35');
INSERT INTO VILLE (ID_VILLE, VIL_LIBELLE, ID_PAYS) VALUES ('2826', 'HSIN CHU', '177');
INSERT INTO VILLE (ID_VILLE, VIL_LIBELLE, ID_PAYS) VALUES ('2827', 'GUAYNABO', '58');
INSERT INTO VILLE (ID_VILLE, VIL_LIBELLE, ID_PAYS) VALUES ('2828', 'YULI', '177');
INSERT INTO VILLE (ID_VILLE, VIL_LIBELLE, ID_PAYS) VALUES ('2829', 'TAOYUAN HSIEN', '177');
INSERT INTO VILLE (ID_VILLE, VIL_LIBELLE, ID_PAYS) VALUES ('2830', 'VAITAPE', '62');
INSERT INTO VILLE (ID_VILLE, VIL_LIBELLE, ID_PAYS) VALUES ('2831', 'Chungli', '177');
INSERT INTO VILLE (ID_VILLE, VIL_LIBELLE, ID_PAYS) VALUES ('2832', 'SONDER STROMFJORD', '49');
INSERT INTO VILLE (ID_VILLE, VIL_LIBELLE, ID_PAYS) VALUES ('2833', 'ORANJESTAD', '138');
INSERT INTO VILLE (ID_VILLE, VIL_LIBELLE, ID_PAYS) VALUES ('2834', 'WILLEMSTAD', '138');
INSERT INTO VILLE (ID_VILLE, VIL_LIBELLE, ID_PAYS) VALUES ('2835', 'MAYOTTE', '62');
INSERT INTO VILLE (ID_VILLE, VIL_LIBELLE, ID_PAYS) VALUES ('2836', 'Sainte-Hélène', '149');
INSERT INTO VILLE (ID_VILLE, VIL_LIBELLE, ID_PAYS) VALUES ('2837', 'Curaçao', '138');
INSERT INTO VILLE (ID_VILLE, VIL_LIBELLE, ID_PAYS) VALUES ('2838', 'Koror', '134');
INSERT INTO VILLE (ID_VILLE, VIL_LIBELLE, ID_PAYS) VALUES ('2839', 'Kaohsiung', '177');
INSERT INTO VILLE (ID_VILLE, VIL_LIBELLE, ID_PAYS) VALUES ('2840', 'Nouméa', '62');
INSERT INTO VILLE (ID_VILLE, VIL_LIBELLE, ID_PAYS) VALUES ('2841', 'San Juan de Porto Rico', '58');
INSERT INTO VILLE (ID_VILLE, VIL_LIBELLE, ID_PAYS) VALUES ('2842', 'Taïpei', '177');
INSERT INTO VILLE (ID_VILLE, VIL_LIBELLE, ID_PAYS) VALUES ('2844', 'La Courneuve', '62');
INSERT INTO VILLE (ID_VILLE, VIL_LIBELLE, ID_PAYS) VALUES ('2845', 'Shenyan', '38');
INSERT INTO VILLE (ID_VILLE, VIL_LIBELLE, ID_PAYS) VALUES ('2846', 'ISSY-LES-MOULINEAUX', '62');
INSERT INTO VILLE (ID_VILLE, VIL_LIBELLE, ID_PAYS) VALUES ('2847', 'ERBIL', '81');
INSERT INTO VILLE (ID_VILLE, VIL_LIBELLE, ID_PAYS) VALUES ('2848', 'CHATILLON', '62');

INSERT INTO SECTEUR ( SEC_NOM, SEC_DESCR, SEC_DATE_CREAT, SEC_AUTEUR_CREAT, SEC_DATE_MAJ, SEC_AUTEUR_MAJ) VALUES ('Agro-alimentaire', 'Secteur de l''agro-alimentaire', '2012-03-15 12:00:00', 'user', '2012-03-15 12:00:00', 'user');
INSERT INTO SECTEUR ( SEC_NOM, SEC_DESCR, SEC_DATE_CREAT, SEC_AUTEUR_CREAT, SEC_DATE_MAJ, SEC_AUTEUR_MAJ) VALUES ( 'Habillement', 'Secteur de l''habillement', '2012-03-15 12:00:00', 'user', '2012-03-16 12:00:00', 'user');
INSERT INTO SECTEUR ( SEC_NOM, SEC_DESCR, SEC_DATE_CREAT, SEC_AUTEUR_CREAT, SEC_DATE_MAJ, SEC_AUTEUR_MAJ) VALUES ( 'Electro-ménager', 'Secteur de l''électro-ménager', '2012-03-15 12:00:00', 'user', '2012-03-16 12:00:00', 'user');
INSERT INTO SECTEUR ( SEC_NOM, SEC_DESCR, SEC_DATE_CREAT, SEC_AUTEUR_CREAT, SEC_DATE_MAJ, SEC_AUTEUR_MAJ) VALUES ( 'Santé', 'Secteur de la santé', '2012-03-15 12:00:00', 'user', '2012-03-16 12:00:00', 'user');
INSERT INTO SECTEUR ( SEC_NOM, SEC_DESCR, SEC_DATE_CREAT, SEC_AUTEUR_CREAT, SEC_DATE_MAJ, SEC_AUTEUR_MAJ) VALUES ( 'Sport', 'Secteur du sport', '2012-03-12 12:00:00', 'user', '2012-03-13 12:00:00', 'user');

INSERT INTO PRODUIT (ID_PRODUIT, PRO_NOM, PRO_DESCR, ID_SECTEUR) VALUES ('1', 'Beurre', 'Permet de cuisiner', '1');
INSERT INTO PRODUIT (ID_PRODUIT, PRO_NOM, PRO_DESCR, ID_SECTEUR) VALUES ('2', 'Veste', 'Permet d''avoir moins froid', '2');
INSERT INTO PRODUIT (ID_PRODUIT, PRO_NOM, PRO_DESCR, ID_SECTEUR) VALUES ('3', 'Lave-linge', 'Lave le linge', '3');
INSERT INTO PRODUIT (ID_PRODUIT, PRO_NOM, PRO_DESCR, ID_SECTEUR) VALUES ('4', 'Aspirine', 'Soigne la tête', '4');
INSERT INTO PRODUIT (ID_PRODUIT, PRO_NOM, PRO_DESCR, ID_SECTEUR) VALUES ('5', 'Pansement', 'Soigne une plaie', '4');
INSERT INTO PRODUIT (ID_PRODUIT, PRO_NOM, PRO_DESCR, ID_SECTEUR) VALUES ('6', 'Raquette', 'Pour le Tennis', '5');
INSERT INTO PRODUIT (ID_PRODUIT, PRO_NOM, PRO_DESCR, ID_SECTEUR) VALUES ('7', 'Palmes de plongée', 'Pour plonger', '5');
INSERT INTO PRODUIT (ID_PRODUIT, PRO_NOM, PRO_DESCR, ID_SECTEUR) VALUES ('8', 'Manteau', 'Mieux que la Veste !', '2');
INSERT INTO PRODUIT (ID_PRODUIT, PRO_NOM, PRO_DESCR, ID_SECTEUR) VALUES ('9', 'Farine', '', '1');
INSERT INTO PRODUIT (ID_PRODUIT, PRO_NOM, PRO_DESCR, ID_SECTEUR) VALUES ('10', 'Jean', NULL, '2');
INSERT INTO PRODUIT (ID_PRODUIT, PRO_NOM, PRO_DESCR, ID_SECTEUR) VALUES ('11', 'Aspirateur', NULL, '2');
INSERT INTO PRODUIT (ID_PRODUIT, PRO_NOM, PRO_DESCR, ID_SECTEUR) VALUES ('12', 'Four à micro-ondes', NULL, '3');
INSERT INTO PRODUIT (ID_PRODUIT, PRO_NOM, PRO_DESCR, ID_SECTEUR) VALUES ('13', 'Ballon de football', NULL, '5');
INSERT INTO PRODUIT (ID_PRODUIT, PRO_NOM, PRO_DESCR, ID_SECTEUR) VALUES ('14', 'Pull', NULL, '2');
INSERT INTO PRODUIT (ID_PRODUIT, PRO_NOM, PRO_DESCR, ID_SECTEUR) VALUES ('15', 'Chaussures', NULL, '2');
INSERT INTO PRODUIT (ID_PRODUIT, PRO_NOM, PRO_DESCR, ID_SECTEUR) VALUES ('16', 'Lave-vaisselle', NULL, '3');
INSERT INTO PRODUIT (ID_PRODUIT, PRO_NOM, PRO_DESCR, ID_SECTEUR) VALUES ('17', 'Short de tennis', NULL, '5');
INSERT INTO PRODUIT (ID_PRODUIT, PRO_NOM, PRO_DESCR, ID_SECTEUR) VALUES ('18', 'Attelle', NULL, '4');
INSERT INTO PRODUIT (ID_PRODUIT, PRO_NOM, PRO_DESCR, ID_SECTEUR) VALUES ('19', 'Bonnet', NULL, '2');
INSERT INTO PRODUIT (ID_PRODUIT, PRO_NOM, PRO_DESCR, ID_SECTEUR) VALUES ('20', 'Haricots verts', NULL, '1');
INSERT INTO PRODUIT (ID_PRODUIT, PRO_NOM, PRO_DESCR, ID_SECTEUR) VALUES ('21', 'Chaussures de football', NULL, '5');
INSERT INTO PRODUIT (ID_PRODUIT, PRO_NOM, PRO_DESCR, ID_SECTEUR) VALUES ('22', 'Béquille', NULL, '4');
INSERT INTO PRODUIT (ID_PRODUIT, PRO_NOM, PRO_DESCR, ID_SECTEUR) VALUES ('23', 'Pain', NULL, '1');
INSERT INTO PRODUIT (ID_PRODUIT, PRO_NOM, PRO_DESCR, ID_SECTEUR) VALUES ('25', 'Aspirateur de table', NULL, '3');


INSERT INTO PARTENAIRE (ID_PAYS, ID_VILLE, ID_CIVILITE, PAR_IS_CLIENT, PAR_IS_VIP, PAR_NOM, PAR_PRENOM, PAR_PRO_COURRIEL, PAR_PRO_ADR_CP, PAR_PRO_ADR_RUE, PAR_DATE_CREATION, PAR_DATE_MODIFICATION) VALUES (62, 2664, 1, true, false, 'DUPONT', 'Jeanne', 'jeanne.dupont@email.com', '75000', '1, Rue de la petite impasse', '2001-01-01 00:00:00', '2001-01-01 00:00:00');
INSERT INTO PARTENAIRE (ID_PAYS, ID_VILLE, ID_CIVILITE, PAR_IS_CLIENT, PAR_IS_VIP, PAR_NOM, PAR_PRENOM, PAR_PRO_COURRIEL, PAR_PRO_ADR_CP, PAR_PRO_ADR_RUE, PAR_FONCTION, PAR_DATE_CREATION, PAR_DATE_MODIFICATION) VALUES (5, 2439, 1, true, true, 'ROBERT', 'Michèle', 'michele.robert@vip.com', '01000', '3, Rue du Herta', 'Président', '2001-01-01 00:00:00', '2012-07-01 00:00:00');
INSERT INTO PARTENAIRE (ID_PAYS, ID_VILLE, ID_CIVILITE, PAR_IS_CLIENT, PAR_IS_VIP, PAR_NOM, PAR_PRENOM, PAR_PRO_COURRIEL, PAR_PRO_ADR_CP, PAR_PRO_ADR_RUE, PAR_ASSIST_NOM, PAR_ASSIST_PRENOM, PAR_ASSIST_COURRIEL, PAR_DATE_CREATION, PAR_DATE_MODIFICATION) VALUES (150, 2633, 1, false, false, 'KROUTCHNIKA', 'Elena', 'elena.krou@gmail.ru', '01234', 'Avenue de l''Etoile Rouge', 'KIRINKA', 'Boris', 'boris.kri@gogl.ru', '2001-01-01 00:00:00', LOCALTIMESTAMP);
-- MainGenerateDatabase
INSERT INTO PARTENAIRE (ID_PAYS, ID_VILLE, ID_CIVILITE, PAR_IS_CLIENT, PAR_IS_VIP, PAR_NOM, PAR_PRENOM, PAR_PRO_COURRIEL, PAR_PRO_ADR_CP, PAR_PRO_ADR_RUE, PAR_ORGANISME, PAR_DATE_CREATION, PAR_DATE_MODIFICATION) VALUES (62, 2664, 2, false, false, 'ALFRED', 'Noa', 'noa.alfred@live.fr', '75000', '7 rue du grand chemin', 'Organisme 2', '2002-09-29 00:00:00', LOCALTIMESTAMP);
INSERT INTO PARTENAIRE (ID_PAYS, ID_VILLE, ID_CIVILITE, PAR_IS_CLIENT, PAR_IS_VIP, PAR_NOM, PAR_PRENOM, PAR_PRO_COURRIEL, PAR_PRO_ADR_CP, PAR_PRO_ADR_RUE, PAR_ORGANISME, PAR_DATE_CREATION, PAR_DATE_MODIFICATION) VALUES (62, 2664, 2, false, false, 'ALBERT', 'Albert', 'albert.albert@hotmail.com', '75000', '43 ter impasse de l''auberge', 'Organisme 2', LOCALTIMESTAMP, LOCALTIMESTAMP);
INSERT INTO PARTENAIRE (ID_PAYS, ID_VILLE, ID_CIVILITE, PAR_IS_CLIENT, PAR_IS_VIP, PAR_NOM, PAR_PRENOM, PAR_PRO_COURRIEL, PAR_PRO_ADR_CP, PAR_PRO_ADR_RUE, PAR_ORGANISME, PAR_DATE_CREATION, PAR_DATE_MODIFICATION) VALUES (62, 2664, 2, true, false, 'MARTIN', 'Jules', 'jules.martin@gmail.com', '75000', '13 bis rue du grand chemin', 'Organisme 4', LOCALTIMESTAMP, LOCALTIMESTAMP);
INSERT INTO PARTENAIRE (ID_PAYS, ID_VILLE, ID_CIVILITE, PAR_IS_CLIENT, PAR_IS_VIP, PAR_NOM, PAR_PRENOM, PAR_PRO_COURRIEL, PAR_PRO_ADR_CP, PAR_PRO_ADR_RUE, PAR_ORGANISME, PAR_DATE_CREATION, PAR_DATE_MODIFICATION) VALUES (62, 2664, 2, false, true, 'SILVA', 'Max', 'max.silva@free.fr', '75000', '36 bis boulevard du chemin Vert', 'Organisme 2', '2010-08-01 00:00:00', LOCALTIMESTAMP);
INSERT INTO PARTENAIRE (ID_PAYS, ID_VILLE, ID_CIVILITE, PAR_IS_CLIENT, PAR_IS_VIP, PAR_NOM, PAR_PRENOM, PAR_PRO_COURRIEL, PAR_PRO_ADR_CP, PAR_PRO_ADR_RUE, PAR_ORGANISME, PAR_DATE_CREATION, PAR_DATE_MODIFICATION) VALUES (62, 2664, 2, true, false, 'DEVIL', 'Matthieu', 'matthieu.devil@orange.net', '75000', '19 avenue Général de Gaulle', 'Organisme 2', LOCALTIMESTAMP, LOCALTIMESTAMP);
INSERT INTO PARTENAIRE (ID_PAYS, ID_VILLE, ID_CIVILITE, PAR_IS_CLIENT, PAR_IS_VIP, PAR_NOM, PAR_PRENOM, PAR_PRO_COURRIEL, PAR_PRO_ADR_CP, PAR_PRO_ADR_RUE, PAR_ORGANISME, PAR_DATE_CREATION, PAR_DATE_MODIFICATION) VALUES (62, 2664, 2, false, false, 'SOLAU', 'Renaud', 'renaud.solau@msn.com', '75000', '36 ter rue de la clairière', 'Organisme 2', '2005-05-12 00:00:00', LOCALTIMESTAMP);
INSERT INTO PARTENAIRE (ID_PAYS, ID_VILLE, ID_CIVILITE, PAR_IS_CLIENT, PAR_IS_VIP, PAR_NOM, PAR_PRENOM, PAR_PRO_COURRIEL, PAR_PRO_ADR_CP, PAR_PRO_ADR_RUE, PAR_ORGANISME, PAR_DATE_CREATION, PAR_DATE_MODIFICATION) VALUES (62, 2664, 2, true, true, 'ROBERT', 'Albert', 'albert.robert@msn.com', '75000', '28 avenue Général Buat', 'Organisme 3', '2001-10-26 00:00:00', '2002-04-02 00:00:00');
INSERT INTO PARTENAIRE (ID_PAYS, ID_VILLE, ID_CIVILITE, PAR_IS_CLIENT, PAR_IS_VIP, PAR_NOM, PAR_PRENOM, PAR_PRO_COURRIEL, PAR_PRO_ADR_CP, PAR_PRO_ADR_RUE, PAR_ORGANISME, PAR_DATE_CREATION, PAR_DATE_MODIFICATION) VALUES (62, 2664, 2, true, true, 'TADIO', 'Vincent', 'vincent.tadio@yahoo.fr', '75000', '8 ter avenue du grand Lac', 'Organisme 1', LOCALTIMESTAMP, LOCALTIMESTAMP);
INSERT INTO PARTENAIRE (ID_PAYS, ID_VILLE, ID_CIVILITE, PAR_IS_CLIENT, PAR_IS_VIP, PAR_NOM, PAR_PRENOM, PAR_PRO_COURRIEL, PAR_PRO_ADR_CP, PAR_PRO_ADR_RUE, PAR_ORGANISME, PAR_DATE_CREATION, PAR_DATE_MODIFICATION) VALUES (62, 2664, 2, false, false, 'JACK', 'Guillaume', 'guillaume.jack@yahoo.fr', '75000', '32 boulevard du petit chemin', 'Organisme 2', LOCALTIMESTAMP, LOCALTIMESTAMP);
INSERT INTO PARTENAIRE (ID_PAYS, ID_VILLE, ID_CIVILITE, PAR_IS_CLIENT, PAR_IS_VIP, PAR_NOM, PAR_PRENOM, PAR_PRO_COURRIEL, PAR_PRO_ADR_CP, PAR_PRO_ADR_RUE, PAR_ORGANISME, PAR_DATE_CREATION, PAR_DATE_MODIFICATION) VALUES (62, 2664, 2, false, true, 'MARTIN', 'James', 'james.martin@hotmail.com', '75000', '4 impasse de Lyon', 'Organisme 5', '2008-05-10 00:00:00', LOCALTIMESTAMP);
INSERT INTO PARTENAIRE (ID_PAYS, ID_VILLE, ID_CIVILITE, PAR_IS_CLIENT, PAR_IS_VIP, PAR_NOM, PAR_PRENOM, PAR_PRO_COURRIEL, PAR_PRO_ADR_CP, PAR_PRO_ADR_RUE, PAR_ORGANISME, PAR_DATE_CREATION, PAR_DATE_MODIFICATION) VALUES (62, 2664, 2, true, false, 'JEAN', 'Max', 'max.jean@orange.net', '75000', '41 bis impasse du petit chemin', 'Organisme 3', '2002-06-10 00:00:00', LOCALTIMESTAMP);
INSERT INTO PARTENAIRE (ID_PAYS, ID_VILLE, ID_CIVILITE, PAR_IS_CLIENT, PAR_IS_VIP, PAR_NOM, PAR_PRENOM, PAR_PRO_COURRIEL, PAR_PRO_ADR_CP, PAR_PRO_ADR_RUE, PAR_ORGANISME, PAR_DATE_CREATION, PAR_DATE_MODIFICATION) VALUES (62, 2664, 2, false, true, 'BAZIN', 'Albert', 'albert.bazin@msn.com', '75000', '18 bis boulevard du chemin Vert', 'Organisme 4', '2007-02-10 00:00:00', LOCALTIMESTAMP);
INSERT INTO PARTENAIRE (ID_PAYS, ID_VILLE, ID_CIVILITE, PAR_IS_CLIENT, PAR_IS_VIP, PAR_NOM, PAR_PRENOM, PAR_PRO_COURRIEL, PAR_PRO_ADR_CP, PAR_PRO_ADR_RUE, PAR_ORGANISME, PAR_DATE_CREATION, PAR_DATE_MODIFICATION) VALUES (62, 2664, 2, true, true, 'DUPONT', 'Jacques', 'jacques.dupont@orange.net', '75000', '37 bis avenue de Vannes', 'Organisme 1', '2007-04-02 00:00:00', LOCALTIMESTAMP);
INSERT INTO PARTENAIRE (ID_PAYS, ID_VILLE, ID_CIVILITE, PAR_IS_CLIENT, PAR_IS_VIP, PAR_NOM, PAR_PRENOM, PAR_PRO_COURRIEL, PAR_PRO_ADR_CP, PAR_PRO_ADR_RUE, PAR_ORGANISME, PAR_DATE_CREATION, PAR_DATE_MODIFICATION) VALUES (62, 2664, 2, true, true, 'ALBERT', 'Bruce', 'bruce.albert@live.fr', '75000', '26 ter avenue Adjudant Tifrice', 'Organisme 2', '2004-10-21 00:00:00', LOCALTIMESTAMP);
INSERT INTO PARTENAIRE (ID_PAYS, ID_VILLE, ID_CIVILITE, PAR_IS_CLIENT, PAR_IS_VIP, PAR_NOM, PAR_PRENOM, PAR_PRO_COURRIEL, PAR_PRO_ADR_CP, PAR_PRO_ADR_RUE, PAR_ORGANISME, PAR_DATE_CREATION, PAR_DATE_MODIFICATION) VALUES (62, 2664, 2, true, false, 'SILVA', 'Noa', 'noa.silva@free.fr', '75000', '37 bis boulevard du chemin Vert', 'Organisme 1', '2001-03-23 00:00:00', '2001-06-15 00:00:00');
INSERT INTO PARTENAIRE (ID_PAYS, ID_VILLE, ID_CIVILITE, PAR_IS_CLIENT, PAR_IS_VIP, PAR_NOM, PAR_PRENOM, PAR_PRO_COURRIEL, PAR_PRO_ADR_CP, PAR_PRO_ADR_RUE, PAR_ORGANISME, PAR_DATE_CREATION, PAR_DATE_MODIFICATION) VALUES (62, 2664, 2, false, true, 'DURAND', 'Vincent', 'vincent.durand@hotmail.com', '75000', '5 ter impasse Adjudant Tifrice', 'Organisme 3', '2001-06-12 00:00:00', '2003-01-12 00:00:00');
INSERT INTO PARTENAIRE (ID_PAYS, ID_VILLE, ID_CIVILITE, PAR_IS_CLIENT, PAR_IS_VIP, PAR_NOM, PAR_PRENOM, PAR_PRO_COURRIEL, PAR_PRO_ADR_CP, PAR_PRO_ADR_RUE, PAR_ORGANISME, PAR_DATE_CREATION, PAR_DATE_MODIFICATION) VALUES (62, 2664, 2, false, false, 'TADIO', 'Matthieu', 'matthieu.tadio@sfr.fr', '75000', '28 ter impasse du Lac', 'Organisme 4', '2002-05-09 00:00:00', '2002-06-05 00:00:00');
INSERT INTO PARTENAIRE (ID_PAYS, ID_VILLE, ID_CIVILITE, PAR_IS_CLIENT, PAR_IS_VIP, PAR_NOM, PAR_PRENOM, PAR_PRO_COURRIEL, PAR_PRO_ADR_CP, PAR_PRO_ADR_RUE, PAR_ORGANISME, PAR_DATE_CREATION, PAR_DATE_MODIFICATION) VALUES (62, 2664, 2, true, false, 'DURAND', 'Albert', 'albert.durand@gmail.com', '75000', '38 rue des Hortensias', 'Organisme 4', '2010-06-17 00:00:00', LOCALTIMESTAMP);
INSERT INTO PARTENAIRE (ID_PAYS, ID_VILLE, ID_CIVILITE, PAR_IS_CLIENT, PAR_IS_VIP, PAR_NOM, PAR_PRENOM, PAR_PRO_COURRIEL, PAR_PRO_ADR_CP, PAR_PRO_ADR_RUE, PAR_ORGANISME, PAR_DATE_CREATION, PAR_DATE_MODIFICATION) VALUES (62, 2664, 2, true, false, 'SOLAU', 'Pierre', 'pierre.solau@bouygues.net', '75000', '22 bis rue du grand chemin', 'Organisme 5', '2001-02-18 00:00:00', '2001-05-26 00:00:00');
INSERT INTO PARTENAIRE (ID_PAYS, ID_VILLE, ID_CIVILITE, PAR_IS_CLIENT, PAR_IS_VIP, PAR_NOM, PAR_PRENOM, PAR_PRO_COURRIEL, PAR_PRO_ADR_CP, PAR_PRO_ADR_RUE, PAR_ORGANISME, PAR_DATE_CREATION, PAR_DATE_MODIFICATION) VALUES (62, 2664, 2, false, false, 'PAUL', 'Jean-Paul', 'jean-paul.paul@bouygues.net', '75000', '41 bis rue Général Buat', 'Organisme 3', LOCALTIMESTAMP, LOCALTIMESTAMP);
INSERT INTO PARTENAIRE (ID_PAYS, ID_VILLE, ID_CIVILITE, PAR_IS_CLIENT, PAR_IS_VIP, PAR_NOM, PAR_PRENOM, PAR_PRO_COURRIEL, PAR_PRO_ADR_CP, PAR_PRO_ADR_RUE, PAR_ORGANISME, PAR_DATE_CREATION, PAR_DATE_MODIFICATION) VALUES (62, 2664, 2, false, true, 'SIMON', 'Pierre', 'pierre.simon@free.fr', '75000', '47 bis boulevard de Lyon', 'Organisme 5', '2007-04-20 00:00:00', LOCALTIMESTAMP);
INSERT INTO PARTENAIRE (ID_PAYS, ID_VILLE, ID_CIVILITE, PAR_IS_CLIENT, PAR_IS_VIP, PAR_NOM, PAR_PRENOM, PAR_PRO_COURRIEL, PAR_PRO_ADR_CP, PAR_PRO_ADR_RUE, PAR_ORGANISME, PAR_DATE_CREATION, PAR_DATE_MODIFICATION) VALUES (62, 2664, 2, false, true, 'SILVA', 'Renaud', 'renaud.silva@bouygues.net', '75000', '31 boulevard Besnière', 'Organisme 2', LOCALTIMESTAMP, LOCALTIMESTAMP);
INSERT INTO PARTENAIRE (ID_PAYS, ID_VILLE, ID_CIVILITE, PAR_IS_CLIENT, PAR_IS_VIP, PAR_NOM, PAR_PRENOM, PAR_PRO_COURRIEL, PAR_PRO_ADR_CP, PAR_PRO_ADR_RUE, PAR_ORGANISME, PAR_DATE_CREATION, PAR_DATE_MODIFICATION) VALUES (62, 2664, 2, true, false, 'DENO', 'David', 'david.deno@bouygues.net', '75000', '31 rue de la forêt', 'Organisme 5', '2001-08-21 00:00:00', '2002-01-04 00:00:00');
INSERT INTO PARTENAIRE (ID_PAYS, ID_VILLE, ID_CIVILITE, PAR_IS_CLIENT, PAR_IS_VIP, PAR_NOM, PAR_PRENOM, PAR_PRO_COURRIEL, PAR_PRO_ADR_CP, PAR_PRO_ADR_RUE, PAR_ORGANISME, PAR_DATE_CREATION, PAR_DATE_MODIFICATION) VALUES (62, 2664, 2, true, true, 'ALBERT', 'Pierre', 'pierre.albert@msn.com', '75000', '29 avenue de la clairière', 'Organisme 4', '2005-01-28 00:00:00', LOCALTIMESTAMP);
INSERT INTO PARTENAIRE (ID_PAYS, ID_VILLE, ID_CIVILITE, PAR_IS_CLIENT, PAR_IS_VIP, PAR_NOM, PAR_PRENOM, PAR_PRO_COURRIEL, PAR_PRO_ADR_CP, PAR_PRO_ADR_RUE, PAR_ORGANISME, PAR_DATE_CREATION, PAR_DATE_MODIFICATION) VALUES (62, 2664, 2, false, true, 'SOLAU', 'Vincent', 'vincent.solau@free.fr', '75000', '12 impasse Adjudant Tifrice', 'Organisme 4', '2002-08-04 00:00:00', '2007-12-27 00:00:00');
INSERT INTO PARTENAIRE (ID_PAYS, ID_VILLE, ID_CIVILITE, PAR_IS_CLIENT, PAR_IS_VIP, PAR_NOM, PAR_PRENOM, PAR_PRO_COURRIEL, PAR_PRO_ADR_CP, PAR_PRO_ADR_RUE, PAR_ORGANISME, PAR_DATE_CREATION, PAR_DATE_MODIFICATION) VALUES (62, 2664, 2, false, false, 'DEVIL', 'Guillaume', 'guillaume.devil@gmail.com', '75000', '4 ter avenue du chemin Vert', 'Organisme 1', LOCALTIMESTAMP, LOCALTIMESTAMP);
INSERT INTO PARTENAIRE (ID_PAYS, ID_VILLE, ID_CIVILITE, PAR_IS_CLIENT, PAR_IS_VIP, PAR_NOM, PAR_PRENOM, PAR_PRO_COURRIEL, PAR_PRO_ADR_CP, PAR_PRO_ADR_RUE, PAR_ORGANISME, PAR_DATE_CREATION, PAR_DATE_MODIFICATION) VALUES (62, 2664, 2, false, true, 'PAUL', 'Matthieu', 'matthieu.paul@msn.com', '75000', '18 avenue Général Leclerc', 'Organisme 5', LOCALTIMESTAMP, LOCALTIMESTAMP);
INSERT INTO PARTENAIRE (ID_PAYS, ID_VILLE, ID_CIVILITE, PAR_IS_CLIENT, PAR_IS_VIP, PAR_NOM, PAR_PRENOM, PAR_PRO_COURRIEL, PAR_PRO_ADR_CP, PAR_PRO_ADR_RUE, PAR_ORGANISME, PAR_DATE_CREATION, PAR_DATE_MODIFICATION) VALUES (62, 2664, 2, true, true, 'JACK', 'Vincent', 'vincent.jack@hotmail.com', '75000', '4 bis avenue Eiffel', 'Organisme 5', '2011-02-22 00:00:00', LOCALTIMESTAMP);
INSERT INTO PARTENAIRE (ID_PAYS, ID_VILLE, ID_CIVILITE, PAR_IS_CLIENT, PAR_IS_VIP, PAR_NOM, PAR_PRENOM, PAR_PRO_COURRIEL, PAR_PRO_ADR_CP, PAR_PRO_ADR_RUE, PAR_ORGANISME, PAR_DATE_CREATION, PAR_DATE_MODIFICATION) VALUES (62, 2664, 2, true, true, 'DUPOND', 'Jean-Paul', 'jean-paul.dupond@free.fr', '75000', '32 ter avenue du chemin Vert', 'Organisme 1', '2006-01-28 00:00:00', LOCALTIMESTAMP);
INSERT INTO PARTENAIRE (ID_PAYS, ID_VILLE, ID_CIVILITE, PAR_IS_CLIENT, PAR_IS_VIP, PAR_NOM, PAR_PRENOM, PAR_PRO_COURRIEL, PAR_PRO_ADR_CP, PAR_PRO_ADR_RUE, PAR_ORGANISME, PAR_DATE_CREATION, PAR_DATE_MODIFICATION) VALUES (62, 2664, 2, true, true, 'BAZIN', 'Max', 'max.bazin@gmail.com', '75000', '34 bis impasse Ivry', 'Organisme 1', '2005-09-18 00:00:00', LOCALTIMESTAMP);
INSERT INTO PARTENAIRE (ID_PAYS, ID_VILLE, ID_CIVILITE, PAR_IS_CLIENT, PAR_IS_VIP, PAR_NOM, PAR_PRENOM, PAR_PRO_COURRIEL, PAR_PRO_ADR_CP, PAR_PRO_ADR_RUE, PAR_ORGANISME, PAR_DATE_CREATION, PAR_DATE_MODIFICATION) VALUES (62, 2664, 2, true, true, 'DEVIL', 'Jacques', 'jacques.devil@hotmail.com', '75000', '11 boulevard de Vannes', 'Organisme 4', LOCALTIMESTAMP, LOCALTIMESTAMP);
INSERT INTO PARTENAIRE (ID_PAYS, ID_VILLE, ID_CIVILITE, PAR_IS_CLIENT, PAR_IS_VIP, PAR_NOM, PAR_PRENOM, PAR_PRO_COURRIEL, PAR_PRO_ADR_CP, PAR_PRO_ADR_RUE, PAR_ORGANISME, PAR_DATE_CREATION, PAR_DATE_MODIFICATION) VALUES (62, 2664, 2, false, true, 'SIMON', 'Jean-Paul', 'jean-paul.simon@hotmail.com', '75000', '22 ter rue des Hortensias', 'Organisme 5', LOCALTIMESTAMP, LOCALTIMESTAMP);
INSERT INTO PARTENAIRE (ID_PAYS, ID_VILLE, ID_CIVILITE, PAR_IS_CLIENT, PAR_IS_VIP, PAR_NOM, PAR_PRENOM, PAR_PRO_COURRIEL, PAR_PRO_ADR_CP, PAR_PRO_ADR_RUE, PAR_ORGANISME, PAR_DATE_CREATION, PAR_DATE_MODIFICATION) VALUES (62, 2664, 2, true, false, 'PAUL', 'James', 'james.paul@yahoo.fr', '75000', '44 avenue des Hortensias', 'Organisme 4', '2002-12-08 00:00:00', '2009-06-25 00:00:00');
INSERT INTO PARTENAIRE (ID_PAYS, ID_VILLE, ID_CIVILITE, PAR_IS_CLIENT, PAR_IS_VIP, PAR_NOM, PAR_PRENOM, PAR_PRO_COURRIEL, PAR_PRO_ADR_CP, PAR_PRO_ADR_RUE, PAR_ORGANISME, PAR_DATE_CREATION, PAR_DATE_MODIFICATION) VALUES (62, 2664, 2, false, true, 'DUPONT', 'Matthieu', 'matthieu.dupont@gmail.com', '75000', '27 bis avenue de Vannes', 'Organisme 5', '2010-05-14 00:00:00', LOCALTIMESTAMP);
INSERT INTO PARTENAIRE (ID_PAYS, ID_VILLE, ID_CIVILITE, PAR_IS_CLIENT, PAR_IS_VIP, PAR_NOM, PAR_PRENOM, PAR_PRO_COURRIEL, PAR_PRO_ADR_CP, PAR_PRO_ADR_RUE, PAR_ORGANISME, PAR_DATE_CREATION, PAR_DATE_MODIFICATION) VALUES (62, 2664, 2, false, false, 'DUPOND', 'Bruce', 'bruce.dupond@hotmail.com', '75000', '48 boulevard de la forêt', 'Organisme 1', LOCALTIMESTAMP, LOCALTIMESTAMP);
INSERT INTO PARTENAIRE (ID_PAYS, ID_VILLE, ID_CIVILITE, PAR_IS_CLIENT, PAR_IS_VIP, PAR_NOM, PAR_PRENOM, PAR_PRO_COURRIEL, PAR_PRO_ADR_CP, PAR_PRO_ADR_RUE, PAR_ORGANISME, PAR_DATE_CREATION, PAR_DATE_MODIFICATION) VALUES (62, 2664, 2, false, false, 'MAISTRE', 'Sylvestre', 'sylvestre.maistre@free.fr', '75000', '1 ter rue Adjudant Tifrice', 'Organisme 4', '2001-06-02 00:00:00', '2001-08-02 00:00:00');
INSERT INTO PARTENAIRE (ID_PAYS, ID_VILLE, ID_CIVILITE, PAR_IS_CLIENT, PAR_IS_VIP, PAR_NOM, PAR_PRENOM, PAR_PRO_COURRIEL, PAR_PRO_ADR_CP, PAR_PRO_ADR_RUE, PAR_ORGANISME, PAR_DATE_CREATION, PAR_DATE_MODIFICATION) VALUES (62, 2664, 2, false, true, 'DENO', 'Bertrand', 'bertrand.deno@free.fr', '75000', '43 ter boulevard Victor Hugo', 'Organisme 3', '2010-04-15 00:00:00', LOCALTIMESTAMP);
INSERT INTO PARTENAIRE (ID_PAYS, ID_VILLE, ID_CIVILITE, PAR_IS_CLIENT, PAR_IS_VIP, PAR_NOM, PAR_PRENOM, PAR_PRO_COURRIEL, PAR_PRO_ADR_CP, PAR_PRO_ADR_RUE, PAR_ORGANISME, PAR_DATE_CREATION, PAR_DATE_MODIFICATION) VALUES (62, 2664, 2, false, false, 'JACQUES', 'Jean-Paul', 'jean-paul.jacques@yahoo.fr', '75000', '36 ter boulevard de Rennes', 'Organisme 2', LOCALTIMESTAMP, LOCALTIMESTAMP);
INSERT INTO PARTENAIRE (ID_PAYS, ID_VILLE, ID_CIVILITE, PAR_IS_CLIENT, PAR_IS_VIP, PAR_NOM, PAR_PRENOM, PAR_PRO_COURRIEL, PAR_PRO_ADR_CP, PAR_PRO_ADR_RUE, PAR_ORGANISME, PAR_DATE_CREATION, PAR_DATE_MODIFICATION) VALUES (62, 2664, 2, true, true, 'PASCAL', 'David', 'david.pascal@yahoo.fr', '75000', '23 ter avenue du grand chemin', 'Organisme 3', LOCALTIMESTAMP, LOCALTIMESTAMP);
INSERT INTO PARTENAIRE (ID_PAYS, ID_VILLE, ID_CIVILITE, PAR_IS_CLIENT, PAR_IS_VIP, PAR_NOM, PAR_PRENOM, PAR_PRO_COURRIEL, PAR_PRO_ADR_CP, PAR_PRO_ADR_RUE, PAR_ORGANISME, PAR_DATE_CREATION, PAR_DATE_MODIFICATION) VALUES (62, 2664, 2, false, true, 'SILVA', 'David', 'david.silva@yahoo.fr', '75000', '38 ter impasse Général Buat', 'Organisme 5', LOCALTIMESTAMP, LOCALTIMESTAMP);
INSERT INTO PARTENAIRE (ID_PAYS, ID_VILLE, ID_CIVILITE, PAR_IS_CLIENT, PAR_IS_VIP, PAR_NOM, PAR_PRENOM, PAR_PRO_COURRIEL, PAR_PRO_ADR_CP, PAR_PRO_ADR_RUE, PAR_ORGANISME, PAR_DATE_CREATION, PAR_DATE_MODIFICATION) VALUES (62, 2664, 2, true, false, 'TADIO', 'Sylvestre', 'sylvestre.tadio@orange.net', '75000', '28 bis rue du grand Lac', 'Organisme 1', LOCALTIMESTAMP, LOCALTIMESTAMP);
INSERT INTO PARTENAIRE (ID_PAYS, ID_VILLE, ID_CIVILITE, PAR_IS_CLIENT, PAR_IS_VIP, PAR_NOM, PAR_PRENOM, PAR_PRO_COURRIEL, PAR_PRO_ADR_CP, PAR_PRO_ADR_RUE, PAR_ORGANISME, PAR_DATE_CREATION, PAR_DATE_MODIFICATION) VALUES (62, 2664, 2, false, false, 'DUPOND', 'Renaud', 'renaud.dupond@yahoo.fr', '75000', '19 impasse du grand Lac', 'Organisme 2', '2002-01-15 00:00:00', '2011-10-19 00:00:00');
INSERT INTO PARTENAIRE (ID_PAYS, ID_VILLE, ID_CIVILITE, PAR_IS_CLIENT, PAR_IS_VIP, PAR_NOM, PAR_PRENOM, PAR_PRO_COURRIEL, PAR_PRO_ADR_CP, PAR_PRO_ADR_RUE, PAR_ORGANISME, PAR_DATE_CREATION, PAR_DATE_MODIFICATION) VALUES (62, 2664, 2, false, false, 'ALFRED', 'Paul', 'paul.alfred@hotmail.com', '75000', '42 ter boulevard de la forêt', 'Organisme 4', LOCALTIMESTAMP, LOCALTIMESTAMP);
INSERT INTO PARTENAIRE (ID_PAYS, ID_VILLE, ID_CIVILITE, PAR_IS_CLIENT, PAR_IS_VIP, PAR_NOM, PAR_PRENOM, PAR_PRO_COURRIEL, PAR_PRO_ADR_CP, PAR_PRO_ADR_RUE, PAR_ORGANISME, PAR_DATE_CREATION, PAR_DATE_MODIFICATION) VALUES (62, 2664, 2, true, true, 'JEAN', 'Bruce', 'bruce.jean@gmail.com', '75000', '8 bis impasse Victor Hugo', 'Organisme 3', '2004-12-19 00:00:00', '2005-11-19 00:00:00');
INSERT INTO PARTENAIRE (ID_PAYS, ID_VILLE, ID_CIVILITE, PAR_IS_CLIENT, PAR_IS_VIP, PAR_NOM, PAR_PRENOM, PAR_PRO_COURRIEL, PAR_PRO_ADR_CP, PAR_PRO_ADR_RUE, PAR_ORGANISME, PAR_DATE_CREATION, PAR_DATE_MODIFICATION) VALUES (62, 2664, 2, true, false, 'ALFRED', 'Guillaume', 'guillaume.alfred@live.fr', '75000', '24 boulevard des Hortensias', 'Organisme 4', LOCALTIMESTAMP, LOCALTIMESTAMP);
INSERT INTO PARTENAIRE (ID_PAYS, ID_VILLE, ID_CIVILITE, PAR_IS_CLIENT, PAR_IS_VIP, PAR_NOM, PAR_PRENOM, PAR_PRO_COURRIEL, PAR_PRO_ADR_CP, PAR_PRO_ADR_RUE, PAR_ORGANISME, PAR_DATE_CREATION, PAR_DATE_MODIFICATION) VALUES (62, 2664, 2, false, true, 'SOLAU', 'Jean-Pierre', 'jean-pierre.solau@msn.com', '75000', '33 bis avenue des Hortensias', 'Organisme 3', LOCALTIMESTAMP, LOCALTIMESTAMP);
INSERT INTO PARTENAIRE (ID_PAYS, ID_VILLE, ID_CIVILITE, PAR_IS_CLIENT, PAR_IS_VIP, PAR_NOM, PAR_PRENOM, PAR_PRO_COURRIEL, PAR_PRO_ADR_CP, PAR_PRO_ADR_RUE, PAR_ORGANISME, PAR_DATE_CREATION, PAR_DATE_MODIFICATION) VALUES (62, 2664, 2, false, false, 'BAZIN', 'Jean', 'jean.bazin@free.fr', '75000', '27 boulevard Victor Hugo', 'Organisme 3', LOCALTIMESTAMP, LOCALTIMESTAMP);
INSERT INTO PARTENAIRE (ID_PAYS, ID_VILLE, ID_CIVILITE, PAR_IS_CLIENT, PAR_IS_VIP, PAR_NOM, PAR_PRENOM, PAR_PRO_COURRIEL, PAR_PRO_ADR_CP, PAR_PRO_ADR_RUE, PAR_ORGANISME, PAR_DATE_CREATION, PAR_DATE_MODIFICATION) VALUES (62, 2664, 2, true, true, 'JEAN', 'Matthieu', 'matthieu.jean@bouygues.net', '75000', '31 rue Général Leclerc', 'Organisme 4', LOCALTIMESTAMP, LOCALTIMESTAMP);
INSERT INTO PARTENAIRE (ID_PAYS, ID_VILLE, ID_CIVILITE, PAR_IS_CLIENT, PAR_IS_VIP, PAR_NOM, PAR_PRENOM, PAR_PRO_COURRIEL, PAR_PRO_ADR_CP, PAR_PRO_ADR_RUE, PAR_ORGANISME, PAR_DATE_CREATION, PAR_DATE_MODIFICATION) VALUES (62, 2664, 2, false, true, 'PRINCE', 'Arnaud', 'arnaud.prince@bouygues.net', '75000', '10 bis avenue de Lyon', 'Organisme 1', '2003-09-13 00:00:00', LOCALTIMESTAMP);
INSERT INTO PARTENAIRE (ID_PAYS, ID_VILLE, ID_CIVILITE, PAR_IS_CLIENT, PAR_IS_VIP, PAR_NOM, PAR_PRENOM, PAR_PRO_COURRIEL, PAR_PRO_ADR_CP, PAR_PRO_ADR_RUE, PAR_ORGANISME, PAR_DATE_CREATION, PAR_DATE_MODIFICATION) VALUES (62, 2664, 2, true, false, 'ALFRED', 'David', 'david.alfred@yahoo.fr', '75000', '38 bis avenue de l''auberge', 'Organisme 1', '2004-03-15 00:00:00', LOCALTIMESTAMP);
INSERT INTO PARTENAIRE (ID_PAYS, ID_VILLE, ID_CIVILITE, PAR_IS_CLIENT, PAR_IS_VIP, PAR_NOM, PAR_PRENOM, PAR_PRO_COURRIEL, PAR_PRO_ADR_CP, PAR_PRO_ADR_RUE, PAR_ORGANISME, PAR_DATE_CREATION, PAR_DATE_MODIFICATION) VALUES (62, 2664, 2, false, false, 'ALFRED', 'Sylvestre', 'sylvestre.alfred@live.fr', '75000', '33 bis boulevard Victor Hugo', 'Organisme 5', LOCALTIMESTAMP, LOCALTIMESTAMP);
INSERT INTO PARTENAIRE (ID_PAYS, ID_VILLE, ID_CIVILITE, PAR_IS_CLIENT, PAR_IS_VIP, PAR_NOM, PAR_PRENOM, PAR_PRO_COURRIEL, PAR_PRO_ADR_CP, PAR_PRO_ADR_RUE, PAR_ORGANISME, PAR_DATE_CREATION, PAR_DATE_MODIFICATION) VALUES (62, 2664, 2, true, true, 'TADIO', 'Albert', 'albert.tadio@hotmail.com', '75000', '1 bis impasse du petit chemin', 'Organisme 3', '2002-06-04 00:00:00', LOCALTIMESTAMP);
INSERT INTO PARTENAIRE (ID_PAYS, ID_VILLE, ID_CIVILITE, PAR_IS_CLIENT, PAR_IS_VIP, PAR_NOM, PAR_PRENOM, PAR_PRO_COURRIEL, PAR_PRO_ADR_CP, PAR_PRO_ADR_RUE, PAR_ORGANISME, PAR_DATE_CREATION, PAR_DATE_MODIFICATION) VALUES (62, 2664, 2, false, true, 'ALBERT', 'François', 'françois.albert@bouygues.net', '75000', '41 rue de la forêt', 'Organisme 5', LOCALTIMESTAMP, LOCALTIMESTAMP);
INSERT INTO PARTENAIRE (ID_PAYS, ID_VILLE, ID_CIVILITE, PAR_IS_CLIENT, PAR_IS_VIP, PAR_NOM, PAR_PRENOM, PAR_PRO_COURRIEL, PAR_PRO_ADR_CP, PAR_PRO_ADR_RUE, PAR_ORGANISME, PAR_DATE_CREATION, PAR_DATE_MODIFICATION) VALUES (62, 2664, 2, true, true, 'ALBERT', 'Renaud', 'renaud.albert@msn.com', '75000', '30 ter impasse Adjudant Tifrice', 'Organisme 2', '2001-07-24 00:00:00', LOCALTIMESTAMP);
INSERT INTO PARTENAIRE (ID_PAYS, ID_VILLE, ID_CIVILITE, PAR_IS_CLIENT, PAR_IS_VIP, PAR_NOM, PAR_PRENOM, PAR_PRO_COURRIEL, PAR_PRO_ADR_CP, PAR_PRO_ADR_RUE, PAR_ORGANISME, PAR_DATE_CREATION, PAR_DATE_MODIFICATION) VALUES (62, 2664, 2, false, true, 'BAZIN', 'Fred', 'fred.bazin@live.fr', '75000', '38 ter avenue Besnière', 'Organisme 1', '2005-12-14 00:00:00', LOCALTIMESTAMP);
INSERT INTO PARTENAIRE (ID_PAYS, ID_VILLE, ID_CIVILITE, PAR_IS_CLIENT, PAR_IS_VIP, PAR_NOM, PAR_PRENOM, PAR_PRO_COURRIEL, PAR_PRO_ADR_CP, PAR_PRO_ADR_RUE, PAR_ORGANISME, PAR_DATE_CREATION, PAR_DATE_MODIFICATION) VALUES (62, 2664, 2, true, false, 'PAUL', 'Bertrand', 'bertrand.paul@yahoo.fr', '75000', '5 bis rue du moulin', 'Organisme 5', LOCALTIMESTAMP, LOCALTIMESTAMP);
INSERT INTO PARTENAIRE (ID_PAYS, ID_VILLE, ID_CIVILITE, PAR_IS_CLIENT, PAR_IS_VIP, PAR_NOM, PAR_PRENOM, PAR_PRO_COURRIEL, PAR_PRO_ADR_CP, PAR_PRO_ADR_RUE, PAR_ORGANISME, PAR_DATE_CREATION, PAR_DATE_MODIFICATION) VALUES (62, 2664, 2, false, false, 'KIVEN', 'Max', 'max.kiven@hotmail.com', '75000', '45 rue Général Buat', 'Organisme 2', LOCALTIMESTAMP, LOCALTIMESTAMP);
INSERT INTO PARTENAIRE (ID_PAYS, ID_VILLE, ID_CIVILITE, PAR_IS_CLIENT, PAR_IS_VIP, PAR_NOM, PAR_PRENOM, PAR_PRO_COURRIEL, PAR_PRO_ADR_CP, PAR_PRO_ADR_RUE, PAR_ORGANISME, PAR_DATE_CREATION, PAR_DATE_MODIFICATION) VALUES (62, 2664, 2, true, true, 'TADIO', 'Guillaume', 'guillaume.tadio@free.fr', '75000', '26 boulevard Général Buat', 'Organisme 3', LOCALTIMESTAMP, LOCALTIMESTAMP);
INSERT INTO PARTENAIRE (ID_PAYS, ID_VILLE, ID_CIVILITE, PAR_IS_CLIENT, PAR_IS_VIP, PAR_NOM, PAR_PRENOM, PAR_PRO_COURRIEL, PAR_PRO_ADR_CP, PAR_PRO_ADR_RUE, PAR_ORGANISME, PAR_DATE_CREATION, PAR_DATE_MODIFICATION) VALUES (62, 2664, 2, false, false, 'DURAND', 'Pierre', 'pierre.durand@sfr.fr', '75000', '5 bis rue Besnière', 'Organisme 5', '2001-03-01 00:00:00', '2001-04-01 00:00:00');
INSERT INTO PARTENAIRE (ID_PAYS, ID_VILLE, ID_CIVILITE, PAR_IS_CLIENT, PAR_IS_VIP, PAR_NOM, PAR_PRENOM, PAR_PRO_COURRIEL, PAR_PRO_ADR_CP, PAR_PRO_ADR_RUE, PAR_ORGANISME, PAR_DATE_CREATION, PAR_DATE_MODIFICATION) VALUES (62, 2664, 2, true, false, 'TADIO', 'Jean', 'jean.tadio@free.fr', '75000', '27 ter rue de la forêt', 'Organisme 2', LOCALTIMESTAMP, LOCALTIMESTAMP);
INSERT INTO PARTENAIRE (ID_PAYS, ID_VILLE, ID_CIVILITE, PAR_IS_CLIENT, PAR_IS_VIP, PAR_NOM, PAR_PRENOM, PAR_PRO_COURRIEL, PAR_PRO_ADR_CP, PAR_PRO_ADR_RUE, PAR_ORGANISME, PAR_DATE_CREATION, PAR_DATE_MODIFICATION) VALUES (62, 2664, 2, false, true, 'DEVIL', 'Arnaud', 'arnaud.devil@bouygues.net', '75000', '42 bis avenue de la clairière', 'Organisme 3', LOCALTIMESTAMP, LOCALTIMESTAMP);
INSERT INTO PARTENAIRE (ID_PAYS, ID_VILLE, ID_CIVILITE, PAR_IS_CLIENT, PAR_IS_VIP, PAR_NOM, PAR_PRENOM, PAR_PRO_COURRIEL, PAR_PRO_ADR_CP, PAR_PRO_ADR_RUE, PAR_ORGANISME, PAR_DATE_CREATION, PAR_DATE_MODIFICATION) VALUES (62, 2664, 2, true, true, 'JEAN', 'Jean', 'jean.jean@hotmail.com', '75000', '27 ter boulevard du grand chemin', 'Organisme 3', LOCALTIMESTAMP, LOCALTIMESTAMP);
INSERT INTO PARTENAIRE (ID_PAYS, ID_VILLE, ID_CIVILITE, PAR_IS_CLIENT, PAR_IS_VIP, PAR_NOM, PAR_PRENOM, PAR_PRO_COURRIEL, PAR_PRO_ADR_CP, PAR_PRO_ADR_RUE, PAR_ORGANISME, PAR_DATE_CREATION, PAR_DATE_MODIFICATION) VALUES (62, 2664, 2, true, false, 'PASCAL', 'Jean-Pierre', 'jean-pierre.pascal@live.fr', '75000', '38 rue du petit chemin', 'Organisme 4', '2002-01-05 00:00:00', LOCALTIMESTAMP);
INSERT INTO PARTENAIRE (ID_PAYS, ID_VILLE, ID_CIVILITE, PAR_IS_CLIENT, PAR_IS_VIP, PAR_NOM, PAR_PRENOM, PAR_PRO_COURRIEL, PAR_PRO_ADR_CP, PAR_PRO_ADR_RUE, PAR_ORGANISME, PAR_DATE_CREATION, PAR_DATE_MODIFICATION) VALUES (62, 2664, 2, false, true, 'DUPONT', 'Renaud', 'renaud.dupont@yahoo.fr', '75000', '44 ter avenue de la clairière', 'Organisme 2', '2004-05-27 00:00:00', LOCALTIMESTAMP);
INSERT INTO PARTENAIRE (ID_PAYS, ID_VILLE, ID_CIVILITE, PAR_IS_CLIENT, PAR_IS_VIP, PAR_NOM, PAR_PRENOM, PAR_PRO_COURRIEL, PAR_PRO_ADR_CP, PAR_PRO_ADR_RUE, PAR_ORGANISME, PAR_DATE_CREATION, PAR_DATE_MODIFICATION) VALUES (62, 2664, 2, false, false, 'DUPONT', 'Max', 'max.dupont@gmail.com', '75000', '36 ter impasse de la clairière', 'Organisme 5', '2005-04-29 00:00:00', '2005-06-17 00:00:00');
INSERT INTO PARTENAIRE (ID_PAYS, ID_VILLE, ID_CIVILITE, PAR_IS_CLIENT, PAR_IS_VIP, PAR_NOM, PAR_PRENOM, PAR_PRO_COURRIEL, PAR_PRO_ADR_CP, PAR_PRO_ADR_RUE, PAR_ORGANISME, PAR_DATE_CREATION, PAR_DATE_MODIFICATION) VALUES (62, 2664, 2, false, false, 'MARTIN', 'Jean-Pierre', 'jean-pierre.martin@bouygues.net', '75000', '14 bis rue de la forêt', 'Organisme 5', '2001-02-22 00:00:00', '2003-04-24 00:00:00');
INSERT INTO PARTENAIRE (ID_PAYS, ID_VILLE, ID_CIVILITE, PAR_IS_CLIENT, PAR_IS_VIP, PAR_NOM, PAR_PRENOM, PAR_PRO_COURRIEL, PAR_PRO_ADR_CP, PAR_PRO_ADR_RUE, PAR_ORGANISME, PAR_DATE_CREATION, PAR_DATE_MODIFICATION) VALUES (62, 2664, 2, false, false, 'SILVA', 'Jules', 'jules.silva@gmail.com', '75000', '25 ter impasse de la forêt', 'Organisme 4', LOCALTIMESTAMP, LOCALTIMESTAMP);
INSERT INTO PARTENAIRE (ID_PAYS, ID_VILLE, ID_CIVILITE, PAR_IS_CLIENT, PAR_IS_VIP, PAR_NOM, PAR_PRENOM, PAR_PRO_COURRIEL, PAR_PRO_ADR_CP, PAR_PRO_ADR_RUE, PAR_ORGANISME, PAR_DATE_CREATION, PAR_DATE_MODIFICATION) VALUES (62, 2664, 2, false, false, 'KIVEN', 'Bertrand', 'bertrand.kiven@gmail.com', '75000', '25 bis rue de la forêt', 'Organisme 4', '2004-04-21 00:00:00', '2005-12-15 00:00:00');
INSERT INTO PARTENAIRE (ID_PAYS, ID_VILLE, ID_CIVILITE, PAR_IS_CLIENT, PAR_IS_VIP, PAR_NOM, PAR_PRENOM, PAR_PRO_COURRIEL, PAR_PRO_ADR_CP, PAR_PRO_ADR_RUE, PAR_ORGANISME, PAR_DATE_CREATION, PAR_DATE_MODIFICATION) VALUES (62, 2664, 2, false, true, 'DUPONT', 'Bertrand', 'bertrand.dupont@live.fr', '75000', '11 ter impasse du grand chemin', 'Organisme 5', '2001-02-12 00:00:00', '2002-02-28 00:00:00');
INSERT INTO PARTENAIRE (ID_PAYS, ID_VILLE, ID_CIVILITE, PAR_IS_CLIENT, PAR_IS_VIP, PAR_NOM, PAR_PRENOM, PAR_PRO_COURRIEL, PAR_PRO_ADR_CP, PAR_PRO_ADR_RUE, PAR_ORGANISME, PAR_DATE_CREATION, PAR_DATE_MODIFICATION) VALUES (62, 2664, 2, false, true, 'ALBERT', 'Guillaume', 'guillaume.albert@hotmail.com', '75000', '41 bis impasse de la forêt', 'Organisme 3', LOCALTIMESTAMP, LOCALTIMESTAMP);
INSERT INTO PARTENAIRE (ID_PAYS, ID_VILLE, ID_CIVILITE, PAR_IS_CLIENT, PAR_IS_VIP, PAR_NOM, PAR_PRENOM, PAR_PRO_COURRIEL, PAR_PRO_ADR_CP, PAR_PRO_ADR_RUE, PAR_ORGANISME, PAR_DATE_CREATION, PAR_DATE_MODIFICATION) VALUES (62, 2664, 2, false, false, 'DURAND', 'Jacques', 'jacques.durand@orange.net', '75000', '38 impasse de Lyon', 'Organisme 1', '2001-06-28 00:00:00', LOCALTIMESTAMP);
INSERT INTO PARTENAIRE (ID_PAYS, ID_VILLE, ID_CIVILITE, PAR_IS_CLIENT, PAR_IS_VIP, PAR_NOM, PAR_PRENOM, PAR_PRO_COURRIEL, PAR_PRO_ADR_CP, PAR_PRO_ADR_RUE, PAR_ORGANISME, PAR_DATE_CREATION, PAR_DATE_MODIFICATION) VALUES (62, 2664, 2, false, false, 'ALFRED', 'Max', 'max.alfred@orange.net', '75000', '39 ter avenue du grand chemin', 'Organisme 5', '2003-08-02 00:00:00', '2010-07-22 00:00:00');
INSERT INTO PARTENAIRE (ID_PAYS, ID_VILLE, ID_CIVILITE, PAR_IS_CLIENT, PAR_IS_VIP, PAR_NOM, PAR_PRENOM, PAR_PRO_COURRIEL, PAR_PRO_ADR_CP, PAR_PRO_ADR_RUE, PAR_ORGANISME, PAR_DATE_CREATION, PAR_DATE_MODIFICATION) VALUES (62, 2664, 2, true, true, 'KIVEN', 'Jean-Paul', 'jean-paul.kiven@live.fr', '75000', '13 ter avenue du chemin Vert', 'Organisme 1', '2004-10-23 00:00:00', LOCALTIMESTAMP);
INSERT INTO PARTENAIRE (ID_PAYS, ID_VILLE, ID_CIVILITE, PAR_IS_CLIENT, PAR_IS_VIP, PAR_NOM, PAR_PRENOM, PAR_PRO_COURRIEL, PAR_PRO_ADR_CP, PAR_PRO_ADR_RUE, PAR_ORGANISME, PAR_DATE_CREATION, PAR_DATE_MODIFICATION) VALUES (62, 2664, 2, true, true, 'PASCAL', 'Sylvestre', 'sylvestre.pascal@msn.com', '75000', '30 impasse de la clairière', 'Organisme 5', LOCALTIMESTAMP, LOCALTIMESTAMP);
INSERT INTO PARTENAIRE (ID_PAYS, ID_VILLE, ID_CIVILITE, PAR_IS_CLIENT, PAR_IS_VIP, PAR_NOM, PAR_PRENOM, PAR_PRO_COURRIEL, PAR_PRO_ADR_CP, PAR_PRO_ADR_RUE, PAR_ORGANISME, PAR_DATE_CREATION, PAR_DATE_MODIFICATION) VALUES (62, 2664, 2, true, true, 'PASCAL', 'Marc', 'marc.pascal@gmail.com', '75000', '49 avenue du petit chemin', 'Organisme 4', LOCALTIMESTAMP, LOCALTIMESTAMP);
INSERT INTO PARTENAIRE (ID_PAYS, ID_VILLE, ID_CIVILITE, PAR_IS_CLIENT, PAR_IS_VIP, PAR_NOM, PAR_PRENOM, PAR_PRO_COURRIEL, PAR_PRO_ADR_CP, PAR_PRO_ADR_RUE, PAR_ORGANISME, PAR_DATE_CREATION, PAR_DATE_MODIFICATION) VALUES (62, 2664, 2, true, true, 'KIVEN', 'Jacques', 'jacques.kiven@gmail.com', '75000', '5 bis impasse de la forêt', 'Organisme 5', LOCALTIMESTAMP, LOCALTIMESTAMP);
INSERT INTO PARTENAIRE (ID_PAYS, ID_VILLE, ID_CIVILITE, PAR_IS_CLIENT, PAR_IS_VIP, PAR_NOM, PAR_PRENOM, PAR_PRO_COURRIEL, PAR_PRO_ADR_CP, PAR_PRO_ADR_RUE, PAR_ORGANISME, PAR_DATE_CREATION, PAR_DATE_MODIFICATION) VALUES (62, 2664, 2, false, true, 'ROBERT', 'François', 'françois.robert@hotmail.com', '75000', '45 bis rue de Vannes', 'Organisme 1', '2004-02-29 00:00:00', '2008-04-20 00:00:00');
INSERT INTO PARTENAIRE (ID_PAYS, ID_VILLE, ID_CIVILITE, PAR_IS_CLIENT, PAR_IS_VIP, PAR_NOM, PAR_PRENOM, PAR_PRO_COURRIEL, PAR_PRO_ADR_CP, PAR_PRO_ADR_RUE, PAR_ORGANISME, PAR_DATE_CREATION, PAR_DATE_MODIFICATION) VALUES (62, 2664, 2, true, false, 'BAZIN', 'Jules', 'jules.bazin@gmail.com', '75000', '50 rue du petit chemin', 'Organisme 5', LOCALTIMESTAMP, LOCALTIMESTAMP);
INSERT INTO PARTENAIRE (ID_PAYS, ID_VILLE, ID_CIVILITE, PAR_IS_CLIENT, PAR_IS_VIP, PAR_NOM, PAR_PRENOM, PAR_PRO_COURRIEL, PAR_PRO_ADR_CP, PAR_PRO_ADR_RUE, PAR_ORGANISME, PAR_DATE_CREATION, PAR_DATE_MODIFICATION) VALUES (62, 2664, 2, true, false, 'SILVA', 'Paul', 'paul.silva@hotmail.com', '75000', '24 ter boulevard de la clairière', 'Organisme 2', LOCALTIMESTAMP, LOCALTIMESTAMP);
INSERT INTO PARTENAIRE (ID_PAYS, ID_VILLE, ID_CIVILITE, PAR_IS_CLIENT, PAR_IS_VIP, PAR_NOM, PAR_PRENOM, PAR_PRO_COURRIEL, PAR_PRO_ADR_CP, PAR_PRO_ADR_RUE, PAR_ORGANISME, PAR_DATE_CREATION, PAR_DATE_MODIFICATION) VALUES (62, 2664, 2, false, true, 'SILVA', 'Fred', 'fred.silva@live.fr', '75000', '49 ter impasse du Lac', 'Organisme 3', '2001-04-21 00:00:00', '2001-05-28 00:00:00');
INSERT INTO PARTENAIRE (ID_PAYS, ID_VILLE, ID_CIVILITE, PAR_IS_CLIENT, PAR_IS_VIP, PAR_NOM, PAR_PRENOM, PAR_PRO_COURRIEL, PAR_PRO_ADR_CP, PAR_PRO_ADR_RUE, PAR_ORGANISME, PAR_DATE_CREATION, PAR_DATE_MODIFICATION) VALUES (62, 2664, 2, true, false, 'PASCAL', 'Bertrand', 'bertrand.pascal@gmail.com', '75000', '46 bis avenue de Rennes', 'Organisme 3', '2007-10-29 00:00:00', LOCALTIMESTAMP);
INSERT INTO PARTENAIRE (ID_PAYS, ID_VILLE, ID_CIVILITE, PAR_IS_CLIENT, PAR_IS_VIP, PAR_NOM, PAR_PRENOM, PAR_PRO_COURRIEL, PAR_PRO_ADR_CP, PAR_PRO_ADR_RUE, PAR_ORGANISME, PAR_DATE_CREATION, PAR_DATE_MODIFICATION) VALUES (62, 2664, 2, false, true, 'PASCAL', 'Paul', 'paul.pascal@hotmail.com', '75000', '23 avenue Eiffel', 'Organisme 4', '2006-05-02 00:00:00', '2007-06-23 00:00:00');
INSERT INTO PARTENAIRE (ID_PAYS, ID_VILLE, ID_CIVILITE, PAR_IS_CLIENT, PAR_IS_VIP, PAR_NOM, PAR_PRENOM, PAR_PRO_COURRIEL, PAR_PRO_ADR_CP, PAR_PRO_ADR_RUE, PAR_ORGANISME, PAR_DATE_CREATION, PAR_DATE_MODIFICATION) VALUES (62, 2664, 2, false, false, 'JEAN', 'James', 'james.jean@gmail.com', '75000', '45 boulevard de l''auberge', 'Organisme 3', LOCALTIMESTAMP, LOCALTIMESTAMP);
INSERT INTO PARTENAIRE (ID_PAYS, ID_VILLE, ID_CIVILITE, PAR_IS_CLIENT, PAR_IS_VIP, PAR_NOM, PAR_PRENOM, PAR_PRO_COURRIEL, PAR_PRO_ADR_CP, PAR_PRO_ADR_RUE, PAR_ORGANISME, PAR_DATE_CREATION, PAR_DATE_MODIFICATION) VALUES (62, 2664, 2, false, false, 'DUPOND', 'Max', 'max.dupond@orange.net', '75000', '36 boulevard Ivry', 'Organisme 3', '2004-03-16 00:00:00', '2007-04-20 00:00:00');
INSERT INTO PARTENAIRE (ID_PAYS, ID_VILLE, ID_CIVILITE, PAR_IS_CLIENT, PAR_IS_VIP, PAR_NOM, PAR_PRENOM, PAR_PRO_COURRIEL, PAR_PRO_ADR_CP, PAR_PRO_ADR_RUE, PAR_ORGANISME, PAR_DATE_CREATION, PAR_DATE_MODIFICATION) VALUES (62, 2664, 2, true, false, 'DENO', 'James', 'james.deno@hotmail.com', '75000', '34 bis boulevard Eiffel', 'Organisme 3', LOCALTIMESTAMP, LOCALTIMESTAMP);
INSERT INTO PARTENAIRE (ID_PAYS, ID_VILLE, ID_CIVILITE, PAR_IS_CLIENT, PAR_IS_VIP, PAR_NOM, PAR_PRENOM, PAR_PRO_COURRIEL, PAR_PRO_ADR_CP, PAR_PRO_ADR_RUE, PAR_ORGANISME, PAR_DATE_CREATION, PAR_DATE_MODIFICATION) VALUES (62, 2664, 2, false, false, 'ALFRED', 'Jean-Pierre', 'jean-pierre.alfred@bouygues.net', '75000', '21 impasse du chemin Vert', 'Organisme 1', '2008-11-18 00:00:00', LOCALTIMESTAMP);
INSERT INTO PARTENAIRE (ID_PAYS, ID_VILLE, ID_CIVILITE, PAR_IS_CLIENT, PAR_IS_VIP, PAR_NOM, PAR_PRENOM, PAR_PRO_COURRIEL, PAR_PRO_ADR_CP, PAR_PRO_ADR_RUE, PAR_ORGANISME, PAR_DATE_CREATION, PAR_DATE_MODIFICATION) VALUES (62, 2664, 2, true, true, 'SILVA', 'James', 'james.silva@gmail.com', '75000', '17 bis rue de l''auberge', 'Organisme 2', '2004-06-02 00:00:00', '2005-09-19 00:00:00');
INSERT INTO PARTENAIRE (ID_PAYS, ID_VILLE, ID_CIVILITE, PAR_IS_CLIENT, PAR_IS_VIP, PAR_NOM, PAR_PRENOM, PAR_PRO_COURRIEL, PAR_PRO_ADR_CP, PAR_PRO_ADR_RUE, PAR_ORGANISME, PAR_DATE_CREATION, PAR_DATE_MODIFICATION) VALUES (62, 2664, 2, false, false, 'JEAN', 'Pierre', 'pierre.jean@orange.net', '75000', '7 ter boulevard de Rennes', 'Organisme 4', LOCALTIMESTAMP, LOCALTIMESTAMP);
INSERT INTO PARTENAIRE (ID_PAYS, ID_VILLE, ID_CIVILITE, PAR_IS_CLIENT, PAR_IS_VIP, PAR_NOM, PAR_PRENOM, PAR_PRO_COURRIEL, PAR_PRO_ADR_CP, PAR_PRO_ADR_RUE, PAR_ORGANISME, PAR_DATE_CREATION, PAR_DATE_MODIFICATION) VALUES (62, 2664, 2, false, false, 'DUPONT', 'Marc', 'marc.dupont@yahoo.fr', '75000', '11 ter impasse Ivry', 'Organisme 5', LOCALTIMESTAMP, LOCALTIMESTAMP);
INSERT INTO PARTENAIRE (ID_PAYS, ID_VILLE, ID_CIVILITE, PAR_IS_CLIENT, PAR_IS_VIP, PAR_NOM, PAR_PRENOM, PAR_PRO_COURRIEL, PAR_PRO_ADR_CP, PAR_PRO_ADR_RUE, PAR_ORGANISME, PAR_DATE_CREATION, PAR_DATE_MODIFICATION) VALUES (62, 2664, 2, false, true, 'JACQUES', 'Guillaume', 'guillaume.jacques@live.fr', '75000', '16 ter impasse des Hortensias', 'Organisme 1', '2004-04-25 00:00:00', '2008-01-24 00:00:00');
INSERT INTO PARTENAIRE (ID_PAYS, ID_VILLE, ID_CIVILITE, PAR_IS_CLIENT, PAR_IS_VIP, PAR_NOM, PAR_PRENOM, PAR_PRO_COURRIEL, PAR_PRO_ADR_CP, PAR_PRO_ADR_RUE, PAR_ORGANISME, PAR_DATE_CREATION, PAR_DATE_MODIFICATION) VALUES (62, 2664, 2, true, true, 'JACK', 'Sylvestre', 'sylvestre.jack@yahoo.fr', '75000', '36 bis rue de la clairière', 'Organisme 4', '2001-08-01 00:00:00', '2002-01-01 00:00:00');
INSERT INTO PARTENAIRE (ID_PAYS, ID_VILLE, ID_CIVILITE, PAR_IS_CLIENT, PAR_IS_VIP, PAR_NOM, PAR_PRENOM, PAR_PRO_COURRIEL, PAR_PRO_ADR_CP, PAR_PRO_ADR_RUE, PAR_ORGANISME, PAR_DATE_CREATION, PAR_DATE_MODIFICATION) VALUES (62, 2664, 2, true, false, 'ALFRED', 'Albert', 'albert.alfred@yahoo.fr', '75000', '27 ter boulevard du grand chemin', 'Organisme 4', '2003-10-27 00:00:00', LOCALTIMESTAMP);
INSERT INTO PARTENAIRE (ID_PAYS, ID_VILLE, ID_CIVILITE, PAR_IS_CLIENT, PAR_IS_VIP, PAR_NOM, PAR_PRENOM, PAR_PRO_COURRIEL, PAR_PRO_ADR_CP, PAR_PRO_ADR_RUE, PAR_ORGANISME, PAR_DATE_CREATION, PAR_DATE_MODIFICATION) VALUES (62, 2664, 2, false, false, 'PAUL', 'Sylvestre', 'sylvestre.paul@msn.com', '75000', '42 ter impasse du grand Lac', 'Organisme 2', '2005-07-16 00:00:00', LOCALTIMESTAMP);
INSERT INTO PARTENAIRE (ID_PAYS, ID_VILLE, ID_CIVILITE, PAR_IS_CLIENT, PAR_IS_VIP, PAR_NOM, PAR_PRENOM, PAR_PRO_COURRIEL, PAR_PRO_ADR_CP, PAR_PRO_ADR_RUE, PAR_ORGANISME, PAR_DATE_CREATION, PAR_DATE_MODIFICATION) VALUES (62, 2664, 2, false, false, 'ROBERT', 'Bruce', 'bruce.robert@gmail.com', '75000', '33 bis avenue de Vannes', 'Organisme 5', '2008-05-23 00:00:00', '2010-05-13 00:00:00');
INSERT INTO PARTENAIRE (ID_PAYS, ID_VILLE, ID_CIVILITE, PAR_IS_CLIENT, PAR_IS_VIP, PAR_NOM, PAR_PRENOM, PAR_PRO_COURRIEL, PAR_PRO_ADR_CP, PAR_PRO_ADR_RUE, PAR_ORGANISME, PAR_DATE_CREATION, PAR_DATE_MODIFICATION) VALUES (62, 2664, 2, true, true, 'ROBERT', 'Paul', 'paul.robert@sfr.fr', '75000', '21 rue de la forêt', 'Organisme 2', '2004-09-15 00:00:00', '2011-01-06 00:00:00');
INSERT INTO PARTENAIRE (ID_PAYS, ID_VILLE, ID_CIVILITE, PAR_IS_CLIENT, PAR_IS_VIP, PAR_NOM, PAR_PRENOM, PAR_PRO_COURRIEL, PAR_PRO_ADR_CP, PAR_PRO_ADR_RUE, PAR_ORGANISME, PAR_DATE_CREATION, PAR_DATE_MODIFICATION) VALUES (62, 2664, 2, false, false, 'SOLAU', 'Marc', 'marc.solau@hotmail.com', '75000', '20 avenue de la forêt', 'Organisme 5', '2002-07-23 00:00:00', '2003-03-09 00:00:00');
INSERT INTO PARTENAIRE (ID_PAYS, ID_VILLE, ID_CIVILITE, PAR_IS_CLIENT, PAR_IS_VIP, PAR_NOM, PAR_PRENOM, PAR_PRO_COURRIEL, PAR_PRO_ADR_CP, PAR_PRO_ADR_RUE, PAR_ORGANISME, PAR_DATE_CREATION, PAR_DATE_MODIFICATION) VALUES (62, 2664, 2, false, true, 'PASCAL', 'Arnaud', 'arnaud.pascal@orange.net', '75000', '45 bis avenue du Lac', 'Organisme 4', LOCALTIMESTAMP, LOCALTIMESTAMP);

INSERT INTO PRODUIT_PARTENAIRE (ID_PRODUIT, ID_PARTENAIRE) VALUES (1, 1);
INSERT INTO PRODUIT_PARTENAIRE (ID_PRODUIT, ID_PARTENAIRE) VALUES (2, 1);
INSERT INTO PRODUIT_PARTENAIRE (ID_PRODUIT, ID_PARTENAIRE) VALUES (3, 2);
INSERT INTO PRODUIT_PARTENAIRE (ID_PRODUIT, ID_PARTENAIRE) VALUES (4, 3);
INSERT INTO PRODUIT_PARTENAIRE (ID_PRODUIT, ID_PARTENAIRE) VALUES (5, 3);
INSERT INTO PRODUIT_PARTENAIRE (ID_PRODUIT, ID_PARTENAIRE) VALUES (6, 2);
INSERT INTO PRODUIT_PARTENAIRE (ID_PRODUIT, ID_PARTENAIRE) VALUES (7, 3);
INSERT INTO PRODUIT_PARTENAIRE (ID_PRODUIT, ID_PARTENAIRE) VALUES (8, 2);




COMMIT;